"","Customer_ID","Credit_Amount","Purpose_Credit_Taken","Duration_in_Months","Status_Checking_Accnt","Credit_History","Job_Status","Years_At_Present_Employment","Marital_Status_Gender","Other_Debtors_Guarantors","Current_Address_Yrs","Age","Housing","Num_Credits","Num_Dependents","Foreign_Worker","Default_On_Payment","Dummy_Job_Status_A171","Dummy_Job_Status_A172","Dummy_Job_Status_A173","Dummy_Purpose_Credit_Taken_Low","Dummy_Purpose_Credit_Taken_High","Dummy_Status_Checking_Accnt_High","Dummy_Status_Checking_Accnt_Medium","Dummy_Credit_History_High","Dummy_Credit_History_Low","Dummy_Years_At_Present_Employment_High","Dummy_Years_At_Present_Employment_Medium","Dummy_Marital_Status_Gender","Dummy_Other_Debtors_Guarantors","Dummy_Housing","Dummy_Foreign_Worker","Dummy_Age_Group","Dummy_Credit_Amount","Dummy_Current_Address_Yrs","Predicted_Probability"
"1438","C16438",2538,"P40",24,"S14","A33","A172","E75","A93","A101",4,47,"A152",2,2,"A201",1,0,1,0,0,1,0,0,0,0,0,0,0,1,0,1,0,0,1,0.156016974968144
"3941","C18941",915,"P40",24,"S11","A32","A173","E75","A92","A101",2,29,"A152",1,1,"A201",1,0,0,1,0,1,1,0,0,0,0,0,1,1,0,1,1,0,1,0.585203389657111
"2045","C17045",2406,"P42",30,"S11","A32","A173","E74","A92","A101",4,23,"A151",1,1,"A201",1,0,0,1,0,0,1,0,0,0,0,0,1,1,1,1,1,0,1,0.708396410851398
"4413","C19413",2002,"P40",12,"S12","A32","A173","E74","A93","A101",4,30,"A151",1,2,"A201",0,0,0,1,0,1,0,1,0,0,0,0,0,1,1,1,0,0,1,0.3689044670016
"4699","C19699",2625,"P40",16,"S11","A34","A173","E75","A93","A103",4,43,"A151",1,1,"A201",1,0,0,1,0,1,1,0,0,1,0,0,0,0,1,1,0,0,1,0.240209593414718
"228","C15228",3656,"P43",30,"S13","A34","A172","E75","A93","A101",4,49,"A152",2,1,"A201",0,0,1,0,1,0,0,0,0,1,0,0,0,1,0,1,0,0,1,0.0595753570931899
"2638","C17638",1403,"P40",15,"S11","A32","A173","E73","A92","A101",4,28,"A151",1,1,"A201",0,0,0,1,0,1,1,0,0,0,0,1,1,1,1,1,1,0,1,0.595869749016442
"4456","C19456",8588,"P41",39,"S14","A32","A174","E75","A93","A101",2,45,"A152",1,1,"A201",0,0,0,0,1,0,0,0,0,0,0,0,0,1,0,1,0,1,1,0.143457395438027
"2753","C17753",1198,"P46",6,"S11","A31","A173","E75","A92","A101",4,35,"A153",1,1,"A201",1,0,0,1,0,1,1,0,1,0,0,0,1,1,1,1,0,0,1,0.74103901107774
"2279","C17279",7472,"P40",12,"S12","A32","A171","E71","A92","A101",2,24,"A151",1,1,"A201",0,1,0,0,0,1,0,1,0,0,1,0,1,1,1,1,1,1,1,0.54869949200642
"4775","C19775",2212,"P42",20,"S11","A32","A173","E74","A93","A101",4,39,"A152",1,1,"A201",0,0,0,1,0,0,1,0,0,0,0,0,0,1,0,1,0,0,1,0.473516127421498
"2262","C17262",1898,"P43",6,"S14","A34","A172","E73","A93","A101",2,34,"A152",2,2,"A201",0,0,1,0,1,0,0,0,0,1,0,1,0,1,0,1,0,0,1,0.0277060504612933
"3380","C18380",3872,"P45",18,"S12","A32","A173","E71","A92","A101",4,67,"A152",1,1,"A201",0,0,0,1,0,1,0,1,0,0,1,0,1,1,0,1,0,0,1,0.51285692496571
"2856","C17856",2149,"P43",12,"S11","A31","A173","E73","A91","A101",1,29,"A153",1,1,"A201",1,0,0,1,1,0,1,0,1,0,0,1,1,1,1,1,1,0,0,0.570103888408169
"514","C15514",6742,"P43",30,"S14","A34","A173","E74","A93","A101",3,36,"A152",2,1,"A201",0,0,0,1,1,0,0,0,0,1,0,0,0,1,0,1,0,1,1,0.0595753570931899
"4486","C19486",797,"P43",12,"S14","A34","A172","E75","A92","A101",3,33,"A152",1,2,"A201",1,0,1,0,1,0,0,0,0,1,0,0,1,1,0,1,0,0,1,0.0455978313401185
"1227","C16227",1505,"P43",18,"S14","A32","A174","E73","A93","A101",2,32,"A153",1,1,"A201",0,0,0,0,1,0,0,0,0,0,0,1,0,1,1,1,0,0,1,0.105061305528015
"210","C15210",4463,"P43",36,"S14","A33","A174","E73","A93","A101",2,26,"A152",2,1,"A201",1,0,0,0,1,0,0,0,0,0,0,1,0,1,0,1,1,0,1,0.131617683018143
"1634","C16634",9055,"P46",36,"S14","A32","A172","E73","A93","A101",4,35,"A153",1,2,"A201",0,0,1,0,0,1,0,0,0,0,0,1,0,1,1,1,0,1,1,0.279891326240207
"4755","C19755",763,"P42",12,"S14","A32","A173","E73","A92","A101",1,26,"A152",1,1,"A201",0,0,0,1,0,0,0,0,0,0,0,1,1,1,0,1,1,0,0,0.105139311087016
"4430","C19430",1352,"P41",6,"S11","A32","A171","E71","A92","A101",2,23,"A151",1,1,"A201",0,1,0,0,1,0,1,0,0,0,1,0,1,1,1,1,1,0,1,0.476505498156119
"3450","C18450",2063,"P43",6,"S12","A32","A174","E72","A94","A101",3,30,"A151",1,1,"A201",0,0,0,0,1,0,0,1,0,0,1,0,0,1,1,1,0,0,1,0.285082825375905
"3189","C18189",1881,"P43",12,"S13","A32","A172","E73","A92","A101",2,44,"A151",1,1,"A201",0,0,1,0,1,0,0,0,0,0,0,1,1,1,1,1,0,0,1,0.116614534125329
"4949","C19949",2442,"P49",27,"S11","A34","A174","E75","A93","A101",4,43,"A152",4,2,"A201",0,0,0,0,0,1,1,0,0,1,0,0,0,1,0,1,0,0,1,0.366875074227521
"3263","C18263",3617,"P42",12,"S12","A34","A173","E75","A93","A101",4,28,"A151",3,1,"A201",0,0,0,1,0,0,0,1,0,1,0,0,0,1,1,1,1,0,1,0.22978088087814
"3525","C18525",2235,"P40",20,"S11","A34","A173","E73","A94","A103",2,33,"A151",2,1,"A202",1,0,0,1,0,1,1,0,0,1,0,1,0,0,1,0,0,0,1,0.0951959634513573
"2707","C17707",338,"P43",6,"S11","A34","A173","E75","A93","A101",4,52,"A152",2,1,"A201",0,0,0,1,1,0,1,0,0,1,0,0,0,1,0,1,0,0,1,0.136729738227268
"2955","C17955",1659,"P43",24,"S11","A33","A172","E72","A92","A101",2,29,"A151",1,1,"A201",1,0,1,0,1,0,1,0,0,0,1,0,1,1,1,1,1,0,1,0.623666751802708
"5000","C20000",2142,"P49",11,"S14","A32","A173","E75","A91","A101",2,28,"A152",1,1,"A201",0,0,0,1,0,1,0,0,0,0,0,0,1,1,0,1,1,0,1,0.141381616894064
"732","C15732",368,"P43",6,"S12","A32","A173","E75","A93","A101",4,38,"A152",1,1,"A201",0,0,0,1,1,0,0,1,0,0,0,0,0,1,0,1,0,0,1,0.157310239691742
"4787","C19787",1391,"P49",9,"S12","A32","A173","E73","A94","A101",1,27,"A152",1,1,"A201",0,0,0,1,0,1,0,1,0,0,0,1,0,1,0,1,1,0,0,0.205657853247889
"4484","C19484",2225,"P40",36,"S12","A33","A173","E75","A93","A101",4,57,"A153",2,1,"A201",1,0,0,1,0,1,0,1,0,0,0,0,0,1,1,1,0,0,1,0.565127458883794
"3432","C18432",6350,"P42",30,"S11","A32","A173","E75","A93","A101",4,31,"A152",1,1,"A201",1,0,0,1,0,0,1,0,0,0,0,0,0,1,0,1,0,1,1,0.556469973828527
"3952","C18952",1473,"P43",18,"S14","A32","A173","E72","A94","A101",4,39,"A152",1,1,"A201",0,0,0,1,1,0,0,0,0,0,1,0,0,1,0,1,0,0,1,0.111983879106501
"123","C15123",2743,"P43",28,"S14","A34","A173","E75","A93","A101",2,29,"A152",2,1,"A201",0,0,0,1,1,0,0,0,0,1,0,0,0,1,0,1,1,0,1,0.0559528895224646
"2373","C17373",1493,"P43",12,"S14","A32","A173","E72","A92","A101",3,34,"A152",1,2,"A201",0,0,0,1,1,0,0,0,0,0,1,0,1,1,0,1,0,0,1,0.124192718555936
"3765","C18765",860,"P40",6,"S11","A34","A173","E75","A92","A101",4,39,"A152",2,1,"A201",0,0,0,1,0,1,1,0,0,1,0,0,1,1,0,1,0,0,1,0.283402416511265
"1075","C16075",1391,"P49",9,"S12","A32","A173","E73","A94","A101",1,27,"A152",1,1,"A201",0,0,0,1,0,1,0,1,0,0,0,1,0,1,0,1,1,0,0,0.205657853247889
"1579","C16579",3931,"P40",48,"S11","A32","A173","E74","A93","A101",4,46,"A153",1,2,"A201",1,0,0,1,0,1,1,0,0,0,0,0,0,1,1,1,0,0,1,0.763098741713177
"1150","C16150",5234,"P40",30,"S12","A34","A174","E71","A94","A101",2,28,"A152",2,1,"A201",1,0,0,0,0,1,0,1,0,1,1,0,0,1,0,1,1,1,1,0.36847043331136
"709","C15709",2528,"P49",27,"S12","A32","A173","E72","A92","A101",1,32,"A152",1,2,"A201",0,0,0,1,0,1,0,1,0,0,1,0,1,1,0,1,0,0,0,0.495056413889214
"2056","C17056",802,"P40",14,"S14","A33","A172","E73","A93","A101",2,27,"A152",2,1,"A201",0,0,1,0,0,1,0,0,0,0,0,1,0,1,0,1,1,0,1,0.117010461661472
"2052","C17052",1382,"P43",6,"S14","A34","A173","E73","A92","A101",1,28,"A152",2,1,"A201",0,0,0,1,1,0,0,0,0,1,0,1,1,1,0,1,1,0,0,0.026294152614619
"1829","C16829",2930,"P43",12,"S12","A32","A173","E74","A92","A101",1,27,"A152",1,1,"A201",0,0,0,1,1,0,0,1,0,0,0,0,1,1,0,1,1,0,0,0.17764210463751
"756","C15756",6836,"P49",60,"S11","A33","A173","E75","A93","A101",4,63,"A152",2,1,"A201",1,0,0,1,0,1,1,0,0,0,0,0,0,1,0,1,0,1,1,0.773029126604782
"688","C15688",2337,"P43",36,"S12","A34","A173","E75","A93","A101",4,36,"A152",1,1,"A201",0,0,0,1,1,0,0,1,0,1,0,0,0,1,0,1,0,0,1,0.205484646234441
"1155","C16155",392,"P46",15,"S13","A32","A173","E72","A92","A101",4,23,"A151",1,1,"A201",0,0,0,1,0,1,0,0,0,0,1,0,1,1,1,1,1,0,1,0.286648649448037
"2308","C17308",2145,"P49",36,"S11","A33","A173","E74","A93","A101",1,24,"A152",2,1,"A201",1,0,0,1,0,1,1,0,0,0,0,0,0,1,0,1,1,0,0,0.513938625548174
"1318","C16318",3394,"P45",42,"S11","A34","A171","E71","A93","A102",4,65,"A152",2,1,"A201",0,1,0,0,0,1,1,0,0,1,1,0,0,1,0,1,0,0,1,0.591207994178566
"4248","C19248",759,"P40",12,"S11","A32","A173","E74","A93","A101",2,26,"A152",1,1,"A201",1,0,0,1,0,1,1,0,0,0,0,0,0,1,0,1,1,0,1,0.407975552284858
"227","C15227",5381,"P50",48,"S12","A32","A171","E71","A93","A101",4,40,"A153",1,1,"A201",0,1,0,0,0,1,0,1,0,0,1,0,0,1,1,1,0,1,1,0.745876820508206
"2189","C17189",3124,"P40",12,"S12","A34","A172","E72","A93","A101",3,49,"A152",2,2,"A201",0,0,1,0,0,1,0,1,0,1,1,0,0,1,0,1,0,0,1,0.242692774161895
"3954","C18954",3868,"P41",24,"S14","A34","A174","E75","A92","A101",2,41,"A151",2,1,"A201",0,0,0,0,1,0,0,0,0,1,0,0,1,1,1,1,0,0,1,0.091283912057028
"604","C15604",2659,"P42",18,"S11","A32","A173","E73","A93","A101",2,28,"A152",1,1,"A201",0,0,0,1,0,0,1,0,0,0,0,1,0,1,0,1,1,0,1,0.456954021341531
"2775","C17775",1164,"P50",8,"S11","A34","A174","E75","A93","A101",4,51,"A153",2,2,"A201",0,0,0,0,0,1,1,0,0,1,0,0,0,1,1,1,0,0,1,0.302712332901722
"1022","C16022",1538,"P46",6,"S14","A32","A173","E72","A92","A101",2,56,"A152",1,1,"A201",0,0,0,1,0,1,0,0,0,0,1,0,1,1,0,1,0,0,1,0.174362559758996
"631","C15631",1107,"P43",12,"S11","A32","A174","E73","A93","A101",2,20,"A151",1,2,"A201",0,0,0,0,1,0,1,0,0,0,0,1,0,1,1,1,1,0,1,0.348269432476528
"3724","C18724",3123,"P40",24,"S11","A32","A173","E72","A92","A101",1,27,"A152",1,1,"A201",1,0,0,1,0,1,1,0,0,0,1,0,1,1,0,1,1,0,0,0.595956961148823
"4424","C19424",6887,"P46",36,"S11","A33","A173","E73","A93","A101",3,29,"A152",1,1,"A201",1,0,0,1,0,1,1,0,0,0,0,1,0,1,0,1,1,1,1,0.605056033985848
"1851","C16851",6614,"P40",36,"S14","A34","A174","E75","A93","A101",4,34,"A152",2,1,"A201",0,0,0,0,0,1,0,0,0,1,0,0,0,1,0,1,0,1,1,0.123322319923173
"3286","C18286",4623,"P46",15,"S14","A32","A174","E73","A93","A101",2,40,"A152",1,1,"A201",1,0,0,0,0,1,0,0,0,0,0,1,0,1,0,1,0,0,1,0.120493858525528
"469","C15469",3349,"P42",24,"S11","A31","A173","E72","A93","A101",4,30,"A153",1,2,"A201",1,0,0,1,0,0,1,0,1,0,1,0,0,1,1,1,0,0,1,0.851800807059192
"1897","C16897",3074,"P43",9,"S14","A34","A173","E73","A93","A101",2,33,"A152",2,2,"A201",0,0,0,1,1,0,0,0,0,1,0,1,0,1,0,1,0,0,1,0.0305269544339886
"1355","C16355",1344,"P40",12,"S11","A33","A172","E73","A93","A101",2,43,"A152",2,2,"A201",0,0,1,0,0,1,1,0,0,0,0,1,0,1,0,1,0,0,1,0.407975552284858
"4022","C19022",1225,"P44",10,"S13","A32","A173","E73","A93","A101",2,37,"A152",1,1,"A201",0,0,0,1,0,0,0,0,0,0,0,1,0,1,0,1,0,0,1,0.103939123006833
"2214","C17214",1138,"P43",9,"S11","A34","A172","E73","A93","A101",4,25,"A152",2,1,"A201",0,0,1,0,1,0,1,0,0,1,0,1,0,1,0,1,1,0,1,0.148950429754358
"3997","C18997",5954,"P43",30,"S14","A34","A173","E74","A93","A102",2,38,"A152",1,1,"A201",0,0,0,1,1,0,0,0,0,1,0,0,0,1,0,1,0,1,1,0.0595753570931899
"4008","C19008",2670,"P41",24,"S14","A32","A174","E75","A93","A101",4,35,"A152",1,1,"A201",0,0,0,0,1,0,0,0,0,0,0,0,0,1,0,1,0,0,1,0.0922732073318229
"3918","C18918",3092,"P43",24,"S12","A32","A173","E72","A94","A101",2,22,"A151",1,1,"A201",1,0,0,1,1,0,0,1,0,0,1,0,0,1,1,1,1,0,1,0.420627359939678
"2169","C17169",10366,"P40",60,"S14","A32","A174","E75","A93","A101",4,42,"A152",1,1,"A201",0,0,0,0,0,1,0,0,0,0,0,0,0,1,0,1,0,1,1,0.379942854579326
"3720","C18720",1164,"P50",8,"S11","A34","A174","E75","A93","A101",4,51,"A153",2,2,"A201",0,0,0,0,0,1,1,0,0,1,0,0,0,1,1,1,0,0,1,0.302712332901722
"3102","C18102",1311,"P43",24,"S14","A32","A173","E74","A94","A101",3,26,"A152",1,1,"A201",0,0,0,1,1,0,0,0,0,0,0,0,0,1,0,1,1,0,1,0.0922732073318229
"3500","C18500",3590,"P49",18,"S12","A34","A171","E71","A94","A101",3,40,"A152",3,2,"A201",0,1,0,0,0,1,0,1,0,1,1,0,0,1,0,1,0,0,1,0.281255341622145
"4","C15004",2675,"P43",22,"S14","A32","A173","E75","A93","A101",4,40,"A152",1,1,"A201",0,0,0,1,1,0,0,0,0,0,0,0,0,1,0,1,0,0,1,0.0868461582175457
"2342","C17342",2288,"P42",21,"S14","A34","A173","E72","A92","A101",4,23,"A152",1,1,"A201",0,0,0,1,0,0,0,0,0,1,1,0,1,1,0,1,1,0,1,0.15080200462989
"1085","C16085",1037,"P49",12,"S12","A32","A172","E74","A93","A101",4,39,"A152",1,1,"A201",0,0,1,0,0,1,0,1,0,0,0,0,0,1,0,1,0,0,1,0.293047773292849
"1871","C16871",976,"P43",12,"S14","A34","A173","E75","A93","A101",4,35,"A152",2,1,"A201",0,0,0,1,1,0,0,0,0,1,0,0,0,1,0,1,0,0,1,0.0336251372854894
"3017","C18017",3357,"P43",21,"S11","A32","A173","E72","A92","A101",2,29,"A152",1,1,"A201",0,0,0,1,1,0,1,0,0,0,1,0,1,1,0,1,1,0,1,0.515387260312424
"1732","C16732",3966,"P40",18,"S11","A34","A173","E75","A92","A101",4,33,"A151",3,1,"A201",1,0,0,1,0,1,1,0,0,1,0,0,1,1,1,1,0,0,1,0.454010420223655
"547","C15547",1922,"P42",12,"S12","A32","A172","E73","A93","A101",2,37,"A152",1,1,"A201",1,0,1,0,0,0,0,1,0,0,0,1,0,1,0,1,0,0,1,0.293047773292849
"1199","C16199",4473,"P43",36,"S13","A32","A173","E75","A93","A101",2,31,"A152",1,1,"A201",0,0,0,1,1,0,0,0,0,0,0,0,0,1,0,1,0,0,1,0.131617683018143
"3287","C18287",1101,"P40",12,"S14","A32","A173","E73","A94","A101",2,27,"A152",2,1,"A201",0,0,0,1,0,1,0,0,0,0,0,1,0,1,0,1,1,0,1,0.110305290232065
"2054","C17054",1221,"P42",6,"S14","A34","A173","E73","A94","A101",2,27,"A152",2,1,"A201",0,0,0,1,0,0,0,0,0,1,0,1,0,1,0,1,1,0,1,0.0492666945196244
"3876","C18876",2039,"P42",18,"S11","A32","A173","E73","A92","A101",4,20,"A151",1,1,"A201",1,0,0,1,0,0,1,0,0,0,0,1,1,1,1,1,1,0,1,0.6196704294713
"506","C15506",3577,"P40",9,"S14","A32","A173","E73","A93","A103",2,26,"A151",1,2,"A202",0,0,0,1,0,1,0,0,0,0,0,1,0,0,1,0,1,0,1,0.0250720962432785
"2138","C17138",2439,"P43",24,"S11","A32","A173","E72","A92","A101",4,35,"A152",1,1,"A201",1,0,0,1,1,0,1,0,0,0,1,0,1,1,0,1,0,0,1,0.540270884367945
"4841","C19841",1082,"P43",9,"S12","A32","A172","E75","A93","A101",4,27,"A152",2,1,"A201",0,0,1,0,1,0,0,1,0,0,0,0,0,1,0,1,1,0,1,0.171006005462675
"4388","C19388",2760,"P41",24,"S12","A32","A173","E75","A93","A101",4,36,"A153",1,1,"A201",0,0,0,1,1,0,0,1,0,0,0,0,0,1,1,1,0,0,1,0.32399274908175
"4355","C19355",1979,"P43",15,"S14","A32","A173","E75","A93","A101",2,35,"A152",1,1,"A201",0,0,0,1,1,0,0,0,0,0,0,0,0,1,0,1,0,0,1,0.070058972687681
"860","C15860",609,"P40",6,"S11","A34","A173","E74","A92","A101",3,37,"A152",2,1,"A202",0,0,0,1,0,1,1,0,0,1,0,0,1,1,0,0,0,0,1,0.103303181662644
"642","C15642",1258,"P42",12,"S14","A34","A172","E72","A92","A101",4,22,"A151",2,1,"A201",0,0,1,0,0,0,0,0,0,1,1,0,1,1,1,1,1,0,1,0.156538680383193
"3207","C18207",1231,"P40",10,"S14","A34","A172","E75","A93","A101",4,32,"A152",2,2,"A202",0,0,1,0,0,1,0,0,0,1,0,0,0,1,0,0,0,0,1,0.016952612375923
"1686","C16686",3595,"P43",36,"S14","A32","A173","E75","A93","A101",2,28,"A152",1,1,"A201",0,0,0,1,1,0,0,0,0,0,0,0,0,1,0,1,1,0,1,0.131617683018143
"3223","C18223",3552,"P42",24,"S11","A31","A173","E74","A93","A101",4,27,"A152",1,1,"A201",1,0,0,1,0,0,1,0,1,0,0,0,0,1,0,1,1,0,1,0.729049091111075
"1572","C16572",11938,"P50",24,"S12","A34","A174","E73","A93","A102",3,39,"A152",2,2,"A201",1,0,0,0,0,1,0,1,0,1,0,1,0,1,0,1,0,1,1,0.239796071390021
"921","C15921",4110,"P42",24,"S11","A30","A173","E75","A93","A101",4,23,"A151",2,2,"A201",1,0,0,1,0,0,1,0,1,0,0,0,0,1,1,1,1,0,1,0.791420855800797
"3837","C18837",727,"P43",12,"S11","A32","A172","E72","A94","A101",3,33,"A152",1,1,"A201",1,0,1,0,1,0,1,0,0,0,1,0,0,1,0,1,0,0,1,0.364686934644501
"459","C15459",1520,"P42",15,"S14","A34","A173","E75","A93","A101",4,63,"A152",1,1,"A201",0,0,0,1,0,0,0,0,0,1,0,0,0,1,0,1,0,0,1,0.0653514403173541
"2289","C17289",3368,"P41",15,"S14","A34","A173","E75","A93","A101",4,23,"A151",2,1,"A201",0,0,0,1,1,0,0,0,0,1,0,0,0,1,1,1,1,0,1,0.0514313989216324
"2507","C17507",3780,"P42",18,"S14","A34","A174","E72","A91","A101",2,35,"A152",2,1,"A201",0,0,0,0,0,0,0,0,0,1,1,0,1,1,0,1,0,0,1,0.138454114162756
"2940","C17940",6143,"P41",48,"S11","A34","A172","E75","A92","A101",4,58,"A153",2,1,"A201",1,0,1,0,1,0,1,0,0,1,0,0,1,1,1,1,0,1,1,0.55382698175467
"1631","C16631",2197,"P41",24,"S14","A34","A173","E74","A93","A101",4,43,"A152",2,2,"A201",0,0,0,1,1,0,0,0,0,1,0,0,0,1,0,1,0,0,1,0.0493213537580633
"2394","C17394",3915,"P49",27,"S12","A32","A173","E73","A93","A101",2,36,"A152",1,2,"A201",1,0,0,1,0,1,0,1,0,0,0,1,0,1,0,1,0,0,1,0.405812477711021
"4675","C19675",518,"P43",6,"S14","A32","A173","E73","A92","A101",1,29,"A152",1,1,"A201",0,0,0,1,1,0,0,0,0,0,0,1,1,1,0,1,1,0,0,0.050252620974187
"2365","C17365",960,"P42",15,"S14","A33","A173","E74","A92","A101",2,30,"A152",2,1,"A201",0,0,0,1,0,0,0,0,0,0,0,0,1,1,0,1,0,0,1,0.158329693193709
"4359","C19359",5324,"P40",15,"S14","A32","A173","E75","A92","A101",4,35,"A153",1,1,"A201",0,0,0,1,0,1,0,0,0,0,0,0,1,1,1,1,0,1,1,0.209655877134545
"4476","C19476",907,"P49",8,"S12","A32","A173","E72","A94","A101",2,26,"A152",1,1,"A201",0,0,0,1,0,1,0,1,0,0,1,0,0,1,0,1,1,0,1,0.354687789858481
"2979","C17979",14027,"P40",60,"S12","A32","A174","E74","A93","A101",2,27,"A152",1,1,"A201",1,0,0,0,0,1,0,1,0,0,0,0,0,1,0,1,1,1,1,0.671991961229026
"2010","C17010",6872,"P42",24,"S11","A31","A173","E72","A91","A101",1,55,"A152",1,1,"A201",1,0,0,1,0,0,1,0,1,0,1,0,1,1,0,1,0,1,0,0.794347343390925
"720","C15720",701,"P46",12,"S14","A34","A173","E73","A93","A101",2,32,"A152",2,1,"A201",0,0,0,1,0,1,0,0,0,1,0,1,0,1,0,1,0,0,1,0.059510045437248
"4574","C19574",1409,"P43",13,"S14","A32","A173","E71","A92","A101",4,64,"A152",1,1,"A201",0,0,0,1,1,0,0,0,0,0,1,0,1,1,0,1,0,0,1,0.127858969936445
"1473","C16473",2273,"P46",36,"S12","A32","A173","E74","A93","A101",1,32,"A152",2,2,"A201",0,0,0,1,0,1,0,1,0,0,0,0,0,1,0,1,0,0,0,0.388762299723953
"297","C15297",1766,"P42",6,"S14","A32","A173","E73","A94","A101",2,21,"A151",1,1,"A201",0,0,0,1,0,0,0,0,0,0,0,1,0,1,1,1,1,0,1,0.125247627356048
"4632","C19632",1358,"P50",24,"S11","A31","A174","E75","A93","A101",3,40,"A152",1,1,"A201",1,0,0,0,0,1,1,0,1,0,0,0,0,1,0,1,0,0,1,0.729049091111075
"3521","C18521",10477,"P41",36,"S14","A34","A173","E75","A93","A101",4,42,"A153",2,1,"A201",0,0,0,1,1,0,0,0,0,1,0,0,0,1,1,1,0,1,1,0.0983537017337522
"696","C15696",3029,"P41",15,"S14","A32","A173","E74","A93","A101",2,33,"A152",1,1,"A201",0,0,0,1,1,0,0,0,0,0,0,0,0,1,0,1,0,0,1,0.070058972687681
"2683","C17683",1413,"P43",24,"S14","A32","A173","E73","A94","A101",2,28,"A152",1,1,"A201",0,0,0,1,1,0,0,0,0,0,0,1,0,1,0,1,1,0,1,0.0922732073318229
"4659","C19659",1471,"P43",15,"S14","A34","A173","E73","A93","A101",4,35,"A153",2,1,"A201",0,0,0,1,1,0,0,0,0,1,0,1,0,1,1,1,0,0,1,0.0514313989216324
"2859","C17859",5507,"P45",24,"S14","A34","A173","E75","A93","A101",4,44,"A153",2,1,"A201",0,0,0,1,0,1,0,0,0,1,0,0,0,1,1,1,0,1,1,0.117420330026183
"1975","C16975",3448,"P49",5,"S14","A32","A172","E74","A93","A101",4,74,"A152",1,1,"A201",0,0,1,0,0,1,0,0,0,0,0,0,0,1,0,1,0,0,1,0.0894275879516622
"3162","C18162",5801,"P42",12,"S14","A34","A173","E75","A93","A101",4,49,"A151",1,1,"A201",0,0,0,1,0,0,0,0,0,1,0,0,0,1,1,1,0,1,1,0.0819195068759499
"1561","C16561",6836,"P49",60,"S11","A33","A173","E75","A93","A101",4,63,"A152",2,1,"A201",1,0,0,1,0,1,1,0,0,0,0,0,0,1,0,1,0,1,1,0.773029126604782
"1502","C16502",4439,"P49",18,"S12","A32","A174","E75","A93","A102",1,33,"A152",1,1,"A201",0,0,0,0,0,1,0,1,0,0,0,0,0,1,0,1,0,0,0,0.258897596872192
"1072","C16072",1393,"P40",11,"S14","A34","A174","E72","A92","A101",4,35,"A152",2,1,"A201",0,0,0,0,0,1,0,0,0,1,1,0,1,1,0,1,0,0,1,0.112924858969167
"1802","C16802",1478,"P42",15,"S11","A34","A173","E75","A93","A101",4,44,"A152",2,2,"A201",0,0,0,1,0,0,1,0,0,1,0,0,0,1,0,1,0,0,1,0.279870251845495
"4799","C19799",1175,"P40",16,"S12","A34","A171","E71","A93","A101",3,68,"A153",3,1,"A201",0,1,0,0,0,1,0,1,0,1,1,0,0,1,1,1,0,0,1,0.340489907131043
"752","C15752",11816,"P49",45,"S11","A30","A173","E75","A93","A101",4,29,"A151",2,1,"A201",1,0,0,1,0,1,1,0,1,0,0,0,0,1,1,1,1,1,1,0.884173962686959
"444","C15444",2406,"P42",9,"S14","A34","A174","E71","A93","A101",3,31,"A152",1,1,"A201",0,0,0,0,0,0,0,0,0,1,1,0,0,1,0,1,0,0,1,0.079816970072083
"692","C15692",1101,"P40",12,"S14","A32","A173","E73","A94","A101",2,27,"A152",2,1,"A201",0,0,0,1,0,1,0,0,0,0,0,1,0,1,0,1,1,0,1,0.110305290232065
"3362","C18362",6468,"P43",12,"S12","A32","A174","E71","A93","A101",1,52,"A152",1,1,"A201",1,0,0,0,1,0,0,1,0,0,1,0,0,1,0,1,0,1,0,0.192449219834364
"3016","C18016",4463,"P43",36,"S14","A33","A174","E73","A93","A101",2,26,"A152",2,1,"A201",1,0,0,0,1,0,0,0,0,0,0,1,0,1,0,1,1,0,1,0.131617683018143
"4341","C19341",1236,"P41",6,"S14","A32","A173","E73","A93","A101",4,50,"A151",1,1,"A201",0,0,0,1,1,0,0,0,0,0,0,1,0,1,1,1,0,0,1,0.0729880922234015
"3277","C18277",343,"P44",6,"S11","A32","A173","E72","A92","A101",1,27,"A152",1,1,"A201",0,0,0,1,0,0,1,0,0,0,1,0,1,1,0,1,1,0,0,0.447558239585575
"3588","C18588",697,"P40",12,"S11","A31","A173","E72","A93","A101",2,46,"A152",2,1,"A201",1,0,0,1,0,1,1,0,1,0,1,0,0,1,0,1,0,0,1,0.732163788343648
"2536","C17536",3972,"P42",24,"S14","A32","A173","E74","A92","A101",4,25,"A151",1,1,"A201",0,0,0,1,0,0,0,0,0,0,0,0,1,1,1,1,1,0,1,0.263587169048441
"3211","C18211",4165,"P49",18,"S14","A30","A173","E73","A93","A101",2,36,"A152",2,2,"A201",1,0,0,1,0,1,0,0,1,0,0,1,0,1,0,1,0,0,1,0.283897132217957
"3998","C18998",950,"P40",15,"S11","A30","A173","E75","A93","A101",3,33,"A151",2,2,"A201",1,0,0,1,0,1,1,0,1,0,0,0,0,1,1,1,0,0,1,0.737674607832816
"3824","C18824",2284,"P43",24,"S14","A32","A173","E74","A93","A101",2,28,"A152",1,1,"A201",0,0,0,1,1,0,0,0,0,0,0,0,0,1,0,1,1,0,1,0.0922732073318229
"4764","C19764",2483,"P42",24,"S11","A31","A173","E73","A93","A101",4,22,"A152",1,1,"A201",0,0,0,1,0,0,1,0,1,0,0,1,0,1,0,1,1,0,1,0.729049091111075
"2137","C17137",339,"P48",12,"S11","A31","A172","E75","A94","A101",1,45,"A152",1,1,"A201",0,0,1,0,1,0,1,0,1,0,0,0,0,1,0,1,0,0,0,0.406492157204495
"1515","C16515",4463,"P43",36,"S14","A33","A174","E73","A93","A101",2,26,"A152",2,1,"A201",1,0,0,0,1,0,0,0,0,0,0,1,0,1,0,1,1,0,1,0.131617683018143
"1990","C16990",2424,"P43",24,"S14","A34","A173","E75","A93","A101",4,53,"A152",2,1,"A201",0,0,0,1,1,0,0,0,0,1,0,0,0,1,0,1,0,0,1,0.0493213537580633
"51","C15051",932,"P43",6,"S14","A33","A173","E73","A92","A101",2,24,"A152",1,1,"A201",0,0,0,1,1,0,0,0,0,0,0,1,1,1,0,1,1,0,1,0.071204993488598
"893","C15893",1047,"P46",6,"S13","A34","A172","E73","A92","A101",4,50,"A152",1,1,"A201",0,0,1,0,0,1,0,0,0,1,0,1,1,1,0,1,0,0,1,0.0664259560930571
"4093","C19093",2930,"P43",12,"S12","A32","A173","E74","A92","A101",1,27,"A152",1,1,"A201",0,0,0,1,1,0,0,1,0,0,0,0,1,1,0,1,1,0,0,0.17764210463751
"1123","C16123",1437,"P40",9,"S12","A31","A173","E74","A93","A101",3,29,"A152",1,1,"A201",1,0,0,1,0,1,0,1,1,0,0,0,0,1,0,1,1,0,1,0.495548364253834
"1161","C16161",7057,"P41",20,"S12","A33","A174","E74","A93","A101",4,36,"A151",2,2,"A201",0,0,0,0,1,0,0,1,0,0,0,0,0,1,1,1,0,1,1,0.295538275855205
"373","C15373",2708,"P42",15,"S14","A32","A172","E72","A93","A101",3,27,"A152",2,1,"A201",0,0,1,0,0,0,0,0,0,0,1,0,0,1,0,1,1,0,1,0.171863470205007
"1193","C16193",5152,"P43",24,"S13","A32","A173","E74","A93","A101",2,25,"A152",1,1,"A201",0,0,0,1,1,0,0,0,0,0,0,0,0,1,0,1,1,1,1,0.0922732073318229
"3552","C18552",806,"P49",15,"S11","A32","A172","E73","A92","A101",4,22,"A152",1,1,"A201",0,0,1,0,0,1,1,0,0,0,0,1,1,1,0,1,1,0,1,0.511142395346445
"4111","C19111",609,"P49",12,"S13","A31","A171","E72","A92","A101",1,26,"A152",1,1,"A201",1,1,0,0,0,1,0,0,1,0,1,0,1,1,0,1,1,0,0,0.317905828226378
"2413","C17413",3342,"P43",36,"S14","A34","A173","E75","A93","A101",2,51,"A152",1,1,"A201",0,0,0,1,1,0,0,0,0,1,0,0,0,1,0,1,0,0,1,0.0718001806269258
"1881","C16881",3416,"P43",27,"S11","A32","A174","E73","A93","A101",2,27,"A152",1,1,"A201",0,0,0,0,1,0,1,0,0,0,0,1,0,1,0,1,1,0,1,0.384370337663197
"1195","C16195",4351,"P42",24,"S12","A32","A172","E73","A92","A101",4,48,"A152",1,1,"A201",0,0,1,0,0,0,0,1,0,0,0,1,1,1,0,1,0,0,1,0.459062938974264
"539","C15539",1493,"P43",12,"S14","A32","A173","E72","A92","A101",3,34,"A152",1,2,"A201",0,0,0,1,1,0,0,0,0,0,1,0,1,1,0,1,0,0,1,0.124192718555936
"1890","C16890",691,"P40",12,"S11","A34","A173","E75","A93","A101",3,35,"A152",2,1,"A201",1,0,0,1,0,1,1,0,0,1,0,0,0,1,0,1,0,0,1,0.260192163467025
"2771","C17771",1285,"P40",24,"S11","A32","A173","E74","A92","A101",4,32,"A151",1,1,"A201",1,0,0,1,0,1,1,0,0,0,0,0,1,1,1,1,0,0,1,0.665494948733669
"1051","C16051",4110,"P42",24,"S11","A30","A173","E75","A93","A101",4,23,"A151",2,2,"A201",1,0,0,1,0,0,1,0,1,0,0,0,0,1,1,1,1,0,1,0.791420855800797
"2154","C17154",1503,"P41",12,"S14","A33","A173","E73","A94","A101",4,41,"A151",1,1,"A201",0,0,0,1,1,0,0,0,0,0,0,1,0,1,1,1,0,0,1,0.087708508835187
"1056","C16056",1136,"P46",9,"S12","A34","A173","E75","A93","A101",3,32,"A153",2,2,"A201",1,0,0,1,0,1,0,1,0,1,0,0,0,1,1,1,0,0,1,0.212584984352372
"2432","C17432",4933,"P43",39,"S12","A34","A173","E74","A93","A103",2,25,"A152",2,1,"A201",1,0,0,1,1,0,0,1,0,1,0,0,0,0,0,1,1,0,1,0.137534792128403
"1713","C16713",1478,"P42",15,"S11","A34","A173","E75","A93","A101",4,44,"A152",2,2,"A201",0,0,0,1,0,0,1,0,0,1,0,0,0,1,0,1,0,0,1,0.279870251845495
"3145","C18145",2039,"P42",18,"S11","A32","A173","E73","A92","A101",4,20,"A151",1,1,"A201",1,0,0,1,0,0,1,0,0,0,0,1,1,1,1,1,1,0,1,0.6196704294713
"1813","C16813",5371,"P42",36,"S11","A34","A173","E73","A93","A103",2,28,"A152",2,1,"A201",0,0,0,1,0,0,1,0,0,1,0,1,0,0,0,1,1,1,1,0.303756344316824
"1719","C16719",1925,"P42",24,"S13","A32","A173","E73","A93","A101",2,26,"A152",1,1,"A201",0,0,0,1,0,0,0,0,0,0,0,1,0,1,0,1,1,0,1,0.156016974968144
"2581","C17581",3812,"P41",15,"S14","A32","A173","E72","A92","A101",4,23,"A152",1,1,"A201",0,0,0,1,1,0,0,0,0,0,1,0,1,1,0,1,1,0,1,0.135468711415615
"3579","C18579",1283,"P40",22,"S14","A32","A173","E74","A92","A101",4,25,"A151",1,1,"A201",0,0,0,1,0,1,0,0,0,0,0,0,1,1,1,1,1,0,1,0.250868951550081
"1069","C16069",6872,"P42",24,"S11","A31","A173","E72","A91","A101",1,55,"A152",1,1,"A201",1,0,0,1,0,0,1,0,1,0,1,0,1,1,0,1,0,1,0,0.794347343390925
"1995","C16995",1343,"P40",6,"S13","A34","A173","E75","A93","A101",4,46,"A152",2,2,"A202",0,0,0,1,0,1,0,0,0,1,0,0,0,1,0,0,0,0,1,0.0148705785577811
"1284","C16284",1433,"P42",15,"S11","A34","A173","E73","A92","A101",3,25,"A151",2,1,"A201",0,0,0,1,0,0,1,0,0,1,0,1,1,1,1,1,1,0,1,0.429388994042042
"3043","C18043",1498,"P43",12,"S11","A32","A173","E73","A92","A101",1,23,"A152",1,1,"A201",0,0,0,1,1,0,1,0,0,0,0,1,1,1,0,1,1,0,0,0.264226030906443
"888","C15888",3001,"P42",18,"S12","A32","A173","E74","A92","A101",4,40,"A151",1,1,"A201",0,0,0,1,0,0,0,1,0,0,0,0,1,1,1,1,0,0,1,0.494965878982137
"4170","C19170",571,"P40",21,"S11","A34","A173","E75","A93","A101",4,65,"A152",2,1,"A201",0,0,0,1,0,1,1,0,0,1,0,0,0,1,0,1,0,0,1,0.321829718386664
"3604","C18604",717,"P40",24,"S14","A33","A173","E75","A94","A101",4,54,"A152",2,1,"A201",0,0,0,1,0,1,0,0,0,0,0,0,0,1,0,1,0,0,1,0.156016974968144
"3226","C18226",3832,"P42",30,"S12","A32","A173","E72","A94","A101",1,22,"A152",1,1,"A201",0,0,0,1,0,0,0,1,0,0,1,0,0,1,0,1,1,0,0,0.441034865926959
"2982","C17982",1264,"P49",12,"S14","A34","A172","E75","A93","A101",4,57,"A151",1,1,"A201",0,0,1,0,0,1,0,0,0,1,0,0,0,1,1,1,0,0,1,0.0819195068759499
"1796","C16796",776,"P43",12,"S14","A32","A173","E73","A94","A101",2,28,"A152",1,1,"A201",0,0,0,1,1,0,0,0,0,0,0,1,0,1,0,1,1,0,1,0.0638255324815497
"2556","C17556",1337,"P43",9,"S13","A30","A174","E72","A93","A101",2,34,"A152",2,1,"A201",1,0,0,0,1,0,0,0,1,0,1,0,0,1,0,1,0,0,1,0.196621720677224
"4218","C19218",14782,"P50",60,"S12","A31","A174","E75","A92","A101",4,60,"A153",2,1,"A201",1,0,0,0,0,1,0,1,1,0,0,0,1,1,1,1,0,1,1,0.912188504839501
"2805","C17805",3380,"P40",4,"S14","A34","A173","E74","A92","A101",1,37,"A152",1,2,"A201",0,0,0,1,0,1,0,0,0,1,0,0,1,1,0,1,0,0,0,0.0439264960468553
"4048","C19048",3632,"P41",24,"S11","A31","A173","E73","A92","A103",4,22,"A151",1,1,"A202",0,0,0,1,1,0,1,0,1,0,0,1,1,0,1,0,1,0,1,0.317717210491778
"1506","C16506",2662,"P40",18,"S14","A32","A173","E74","A93","A101",3,32,"A152",1,1,"A202",0,0,0,1,0,1,0,0,0,0,0,0,0,1,0,0,0,0,1,0.0422371479488261
"3413","C18413",802,"P40",14,"S14","A33","A172","E73","A93","A101",2,27,"A152",2,1,"A201",0,0,1,0,0,1,0,0,0,0,0,1,0,1,0,1,1,0,1,0.117010461661472
"1277","C16277",1382,"P43",6,"S14","A34","A173","E73","A92","A101",1,28,"A152",2,1,"A201",0,0,0,1,1,0,0,0,0,1,0,1,1,1,0,1,1,0,0,0.026294152614619
"2863","C17863",10961,"P43",48,"S12","A32","A173","E74","A93","A102",2,27,"A152",2,1,"A201",1,0,0,1,1,0,0,1,0,0,0,0,0,1,0,1,1,1,1,0.430386915899353
"2318","C17318",11760,"P46",39,"S12","A33","A173","E74","A93","A101",3,32,"A151",1,1,"A201",0,0,0,1,0,1,0,1,0,0,0,0,0,1,1,1,0,1,1,0.589491350807343
"1276","C16276",1050,"P42",6,"S12","A33","A174","E71","A93","A101",1,35,"A152",2,1,"A201",0,0,0,0,0,0,0,1,0,0,1,0,0,1,0,1,0,0,0,0.261945535384495
"2718","C17718",2570,"P40",27,"S14","A32","A173","E73","A92","A101",3,21,"A151",1,1,"A201",1,0,0,1,0,1,0,0,0,0,0,1,1,1,1,1,1,0,1,0.283423652199829
"4395","C19395",8072,"P49",30,"S11","A30","A173","E72","A93","A101",3,25,"A152",3,1,"A201",0,0,0,1,0,1,1,0,1,0,1,0,0,1,0,1,1,1,1,0.83269054976689
"4339","C19339",1149,"P43",18,"S14","A34","A173","E73","A93","A101",3,46,"A152",2,1,"A201",0,0,0,1,1,0,0,0,0,1,0,1,0,1,0,1,0,0,1,0.0407557644486945
"1319","C16319",4736,"P42",24,"S12","A34","A172","E72","A92","A101",4,25,"A152",1,1,"A201",1,0,1,0,0,0,0,1,0,1,1,0,1,1,0,1,1,0,1,0.396167236357174
"1547","C16547",2578,"P42",12,"S11","A32","A174","E71","A92","A101",4,55,"A153",1,1,"A201",0,0,0,0,0,0,1,0,0,0,1,0,1,1,1,1,0,0,1,0.669008540669356
"4739","C19739",640,"P40",12,"S14","A32","A172","E73","A91","A101",2,49,"A152",1,1,"A201",0,0,1,0,0,1,0,0,0,0,0,1,1,1,0,1,0,0,1,0.14547101254588
"2981","C17981",1979,"P43",15,"S14","A32","A173","E75","A93","A101",2,35,"A152",1,1,"A201",0,0,0,1,1,0,0,0,0,0,0,0,0,1,0,1,0,0,1,0.070058972687681
"4505","C19505",708,"P42",12,"S11","A32","A172","E73","A93","A103",3,38,"A152",1,2,"A201",0,0,1,0,0,0,1,0,0,0,0,1,0,0,0,1,0,0,1,0.277727453208082
"2242","C17242",2122,"P40",12,"S11","A34","A172","E73","A93","A101",2,39,"A151",2,2,"A202",0,0,1,0,0,1,1,0,0,1,0,1,0,1,1,0,0,0,1,0.126235115016795
"1955","C16955",2360,"P41",15,"S13","A34","A173","E73","A93","A101",2,36,"A152",1,1,"A201",0,0,0,1,1,0,0,0,0,1,0,1,0,1,0,1,0,0,1,0.0370257461679233
"3167","C18167",5103,"P43",24,"S14","A34","A173","E72","A94","A101",3,47,"A153",3,1,"A201",0,0,0,1,1,0,0,0,0,1,1,0,0,1,1,1,0,1,1,0.0997660307348837
"4971","C19971",1544,"P43",4,"S14","A34","A172","E74","A93","A101",1,42,"A152",3,2,"A201",0,0,1,0,1,0,0,0,0,1,0,0,0,1,0,1,0,0,0,0.0180677795122997
"2751","C17751",1980,"P42",9,"S14","A32","A173","E72","A92","A102",2,19,"A151",2,1,"A201",1,0,0,1,0,0,0,0,0,0,1,0,1,1,1,1,1,0,1,0.247601353254138
"1146","C16146",2427,"P49",18,"S12","A33","A173","E75","A93","A101",2,42,"A152",2,1,"A201",0,0,0,1,0,1,0,1,0,0,0,0,0,1,0,1,0,0,1,0.336060911421833
"4619","C19619",2273,"P46",36,"S12","A32","A173","E74","A93","A101",1,32,"A152",2,2,"A201",0,0,0,1,0,1,0,1,0,0,0,0,0,1,0,1,0,0,0,0.388762299723953
"2886","C17886",6416,"P49",48,"S12","A31","A173","E75","A92","A101",3,59,"A151",1,1,"A201",1,0,0,1,0,1,0,1,1,0,0,0,1,1,1,1,0,1,1,0.874483403043177
"2471","C17471",2225,"P40",36,"S12","A33","A173","E75","A93","A101",4,57,"A153",2,1,"A201",1,0,0,1,0,1,0,1,0,0,0,0,0,1,1,1,0,0,1,0.565127458883794
"1931","C16931",3017,"P42",12,"S12","A32","A174","E72","A92","A101",1,34,"A151",1,1,"A201",0,0,0,0,0,0,0,1,0,0,1,0,1,1,1,1,0,0,0,0.456264374140192
"4221","C19221",3650,"P42",18,"S11","A32","A173","E72","A92","A101",4,22,"A151",1,1,"A201",0,0,0,1,0,0,1,0,0,0,1,0,1,1,1,1,1,0,1,0.711654621196058
"1746","C16746",11998,"P45",30,"S11","A32","A172","E72","A91","A101",1,34,"A152",1,1,"A201",1,0,1,0,0,1,1,0,0,0,1,0,1,1,0,1,0,1,0,0.642992555318092
"1382","C16382",1331,"P43",12,"S12","A32","A173","E72","A93","A101",1,22,"A152",1,1,"A201",1,0,0,1,1,0,0,1,0,0,1,0,0,1,0,1,1,0,0,0.192449219834364
"818","C15818",5511,"P42",24,"S14","A32","A173","E73","A93","A101",1,25,"A152",1,1,"A201",0,0,0,1,0,0,0,0,0,0,0,1,0,1,0,1,1,1,0,0.113148564707936
"825","C15825",1386,"P43",15,"S14","A32","A173","E73","A94","A101",2,40,"A151",1,1,"A201",0,0,0,1,1,0,0,0,0,0,0,1,0,1,1,1,0,0,1,0.096035175924538
"2309","C17309",1595,"P43",6,"S14","A32","A173","E74","A93","A101",2,51,"A152",1,2,"A201",0,0,0,1,1,0,0,0,0,0,0,0,0,1,0,1,0,0,1,0.0528811314959595
"1212","C16212",1345,"P43",18,"S11","A32","A173","E73","A94","A101",3,26,"A152",1,1,"A201",1,0,0,1,1,0,1,0,0,0,0,1,0,1,0,1,1,0,1,0.316342132781353
"1036","C16036",2080,"P40",6,"S14","A34","A173","E73","A94","A101",2,24,"A152",1,1,"A201",0,0,0,1,0,1,0,0,0,1,0,1,0,1,0,1,1,0,1,0.0492666945196244
"3229","C18229",3976,"P42",21,"S12","A32","A173","E74","A93","A101",3,35,"A152",1,1,"A201",0,0,0,1,0,0,0,1,0,0,0,0,0,1,0,1,0,0,1,0.358694877092045
"229","C15229",1514,"P45",15,"S12","A32","A173","E73","A93","A103",2,22,"A152",1,1,"A201",0,0,0,1,0,1,0,1,0,0,0,1,0,0,0,1,1,0,1,0.203561078321473
"3354","C18354",433,"P43",18,"S14","A32","A173","E71","A92","A102",4,22,"A151",1,1,"A201",1,0,0,1,1,0,0,0,0,0,1,0,1,1,1,1,1,0,1,0.196253906429319
"1684","C16684",685,"P40",12,"S12","A32","A172","E74","A94","A101",3,25,"A152",1,1,"A201",1,0,1,0,0,1,0,1,0,0,0,0,0,1,0,1,1,0,1,0.293047773292849
"1956","C16956",1410,"P49",14,"S12","A32","A173","E75","A94","A101",2,35,"A152",1,1,"A201",0,0,0,1,0,1,0,1,0,0,0,0,0,1,0,1,0,0,1,0.307027933255192
"3926","C18926",2101,"P43",13,"S12","A32","A172","E72","A92","A103",4,23,"A152",1,1,"A201",0,0,1,0,1,0,0,1,0,0,1,0,1,0,0,1,1,0,1,0.214763779641121
"4394","C19394",1936,"P43",18,"S11","A32","A172","E74","A94","A101",4,23,"A151",2,1,"A201",0,0,1,0,1,0,1,0,0,0,0,0,0,1,1,1,1,0,1,0.394860765356309
"1351","C16351",433,"P43",18,"S14","A32","A173","E71","A92","A102",4,22,"A151",1,1,"A201",1,0,0,1,1,0,0,0,0,0,1,0,1,1,1,1,1,0,1,0.196253906429319
"4594","C19594",3448,"P49",5,"S14","A32","A172","E74","A93","A101",4,74,"A152",1,1,"A201",0,0,1,0,0,1,0,0,0,0,0,0,0,1,0,1,0,0,1,0.0894275879516622
"3481","C18481",1908,"P49",30,"S13","A33","A174","E75","A93","A101",4,66,"A152",1,1,"A201",1,0,0,0,0,1,0,0,0,0,0,0,0,1,0,1,0,0,1,0.184156275345094
"3279","C18279",4153,"P42",18,"S11","A32","A173","E73","A93","A102",3,42,"A152",1,1,"A201",1,0,0,1,0,0,1,0,0,0,0,1,0,1,0,1,0,0,1,0.456954021341531
"253","C15253",2064,"P42",24,"S12","A33","A174","E71","A92","A101",2,34,"A152",1,1,"A201",1,0,0,0,0,0,0,1,0,0,1,0,1,1,0,1,0,0,1,0.562464088287585
"1888","C16888",4042,"P41",24,"S14","A34","A173","E74","A93","A101",4,43,"A152",2,1,"A201",0,0,0,1,1,0,0,0,0,1,0,0,0,1,0,1,0,0,1,0.0493213537580633
"2282","C17282",2116,"P42",6,"S13","A32","A173","E73","A93","A101",2,41,"A152",1,1,"A201",0,0,0,1,0,0,0,0,0,0,0,1,0,1,0,1,0,0,1,0.0921755629263623
"2675","C17675",1101,"P40",12,"S14","A32","A173","E73","A94","A101",2,27,"A152",2,1,"A201",0,0,0,1,0,1,0,0,0,0,0,1,0,1,0,1,1,0,1,0.110305290232065
"3333","C18333",1925,"P42",24,"S13","A32","A173","E73","A93","A101",2,26,"A152",1,1,"A201",0,0,0,1,0,0,0,0,0,0,0,1,0,1,0,1,1,0,1,0.156016974968144
"4369","C19369",2862,"P40",36,"S12","A33","A173","E75","A93","A101",3,30,"A153",1,1,"A201",0,0,0,1,0,1,0,1,0,0,0,0,0,1,1,1,0,0,1,0.565127458883794
"2950","C17950",3357,"P43",21,"S11","A32","A173","E72","A92","A101",2,29,"A152",1,1,"A201",0,0,0,1,1,0,1,0,0,0,1,0,1,1,0,1,1,0,1,0.515387260312424
"2044","C17044",4272,"P42",20,"S11","A34","A173","E75","A92","A101",4,24,"A152",2,1,"A201",0,0,0,1,0,0,1,0,0,1,0,0,1,1,0,1,1,0,1,0.386603680746969
"2585","C17585",9960,"P42",48,"S12","A32","A173","E72","A92","A101",2,26,"A152",1,1,"A201",1,0,0,1,0,0,0,1,0,0,1,0,1,1,0,1,1,1,1,0.74079148175482
"279","C15279",6416,"P49",48,"S12","A31","A173","E75","A92","A101",3,59,"A151",1,1,"A201",1,0,0,1,0,1,0,1,1,0,0,0,1,1,1,1,0,1,1,0.874483403043177
"1244","C16244",5302,"P40",18,"S11","A34","A174","E75","A93","A101",4,36,"A153",3,1,"A201",0,0,0,0,0,1,1,0,0,1,0,0,0,1,1,1,0,1,1,0.377180558036535
"1893","C16893",8386,"P42",30,"S12","A34","A173","E74","A93","A101",2,49,"A152",1,1,"A201",1,0,0,1,0,0,0,1,0,1,0,0,0,1,0,1,0,1,1,0.278067370123009
"943","C15943",3062,"P42",24,"S14","A32","A173","E75","A93","A101",3,32,"A151",1,1,"A201",0,0,0,1,0,0,0,0,0,0,0,0,0,1,1,1,0,0,1,0.20677762631139
"3963","C18963",754,"P48",12,"S12","A32","A173","E75","A93","A101",4,38,"A152",2,1,"A201",0,0,0,1,1,0,0,1,0,0,0,0,0,1,0,1,0,0,1,0.185631490468526
"729","C15729",6304,"P49",36,"S14","A34","A173","E75","A93","A101",4,36,"A152",2,1,"A201",0,0,0,1,0,1,0,0,0,1,0,0,0,1,0,1,0,1,1,0.123322319923173
"3826","C18826",3029,"P41",15,"S14","A32","A173","E74","A93","A101",2,33,"A152",1,1,"A201",0,0,0,1,1,0,0,0,0,0,0,0,0,1,0,1,0,0,1,0.070058972687681
"2603","C17603",3804,"P43",36,"S12","A30","A173","E73","A92","A101",1,42,"A152",1,1,"A201",1,0,0,1,1,0,0,1,1,0,0,1,1,1,0,1,0,0,0,0.557050023755356
"3152","C18152",2278,"P40",18,"S12","A30","A173","E72","A92","A101",3,28,"A152",2,1,"A201",1,0,0,1,0,1,0,1,1,0,1,0,1,1,0,1,1,0,1,0.733826486670924
"817","C15817",2246,"P42",12,"S11","A34","A173","E75","A93","A101",3,60,"A152",2,1,"A201",1,0,0,1,0,0,1,0,0,1,0,0,0,1,0,1,0,0,1,0.260192163467025
"3012","C18012",1337,"P43",9,"S13","A30","A174","E72","A93","A101",2,34,"A152",2,1,"A201",1,0,0,0,1,0,0,0,1,0,1,0,0,1,0,1,0,0,1,0.196621720677224
"1484","C16484",6842,"P41",24,"S14","A34","A174","E73","A93","A101",4,46,"A152",2,2,"A201",0,0,0,0,1,0,0,0,0,1,0,1,0,1,0,1,0,1,1,0.0493213537580633
"3446","C18446",1388,"P42",9,"S14","A32","A173","E73","A92","A101",2,26,"A151",1,1,"A201",0,0,0,1,0,0,0,0,0,0,0,1,1,1,1,1,1,0,1,0.178472570094822
"4938","C19938",2924,"P41",24,"S11","A32","A173","E73","A93","A103",4,63,"A152",1,2,"A201",0,0,0,1,1,0,1,0,0,0,0,1,0,0,0,1,0,0,1,0.239699911441196
"4608","C19608",1262,"P44",15,"S14","A32","A173","E74","A93","A101",3,36,"A152",2,1,"A201",0,0,0,1,0,0,0,0,0,0,0,0,0,1,0,1,0,0,1,0.120493858525528
"4598","C19598",343,"P44",6,"S11","A32","A173","E72","A92","A101",1,27,"A152",1,1,"A201",0,0,0,1,0,0,1,0,0,0,1,0,1,1,0,1,1,0,0,0.447558239585575
"3453","C18453",2538,"P40",24,"S14","A33","A172","E75","A93","A101",4,47,"A152",2,2,"A201",1,0,1,0,0,1,0,0,0,0,0,0,0,1,0,1,0,0,1,0.156016974968144
"1222","C16222",1893,"P40",12,"S11","A32","A173","E73","A92","A103",4,29,"A152",1,1,"A201",0,0,0,1,0,1,1,0,0,0,0,1,1,0,0,1,1,0,1,0.345538339795413
"1054","C16054",1366,"P43",9,"S11","A32","A173","E72","A92","A101",4,22,"A151",1,1,"A201",1,0,0,1,1,0,1,0,0,0,1,0,1,1,1,1,1,0,1,0.501454362368696
"2816","C17816",5234,"P40",30,"S12","A34","A174","E71","A94","A101",2,28,"A152",2,1,"A201",1,0,0,0,0,1,0,1,0,1,1,0,0,1,0,1,1,1,1,0.36847043331136
"1270","C16270",1864,"P46",18,"S14","A34","A173","E73","A92","A101",2,30,"A152",2,1,"A201",1,0,0,1,0,1,0,0,0,1,0,1,1,1,0,1,0,0,1,0.0959139189949413
"2521","C17521",1042,"P40",18,"S12","A32","A173","E73","A92","A101",2,33,"A152",1,1,"A201",1,0,0,1,0,1,0,1,0,0,0,1,1,1,0,1,0,0,1,0.410029101454804
"3727","C18727",3763,"P40",21,"S11","A32","A172","E74","A93","A102",2,24,"A152",1,1,"A202",0,0,1,0,0,1,1,0,0,0,0,0,0,1,0,0,1,0,1,0.21313187886904
"798","C15798",3552,"P42",24,"S11","A31","A173","E74","A93","A101",4,27,"A152",1,1,"A201",1,0,0,1,0,0,1,0,1,0,0,0,0,1,0,1,1,0,1,0.729049091111075
"1919","C16919",12579,"P41",24,"S12","A32","A174","E75","A92","A101",2,44,"A153",1,1,"A201",1,0,0,0,1,0,0,1,0,0,0,0,1,1,1,1,0,1,1,0.396892556433756
"2237","C17237",2820,"P40",36,"S12","A34","A173","E72","A91","A101",4,27,"A152",2,1,"A201",1,0,0,1,0,1,0,1,0,1,1,0,1,1,0,1,1,0,1,0.494499743157987
"4116","C19116",3051,"P44",48,"S11","A32","A173","E73","A93","A101",4,54,"A152",1,1,"A201",1,0,0,1,0,0,1,0,0,0,0,1,0,1,0,1,0,0,1,0.695516132764597
"4913","C19913",2788,"P42",15,"S14","A34","A173","E74","A92","A102",3,24,"A152",2,1,"A201",0,0,0,1,0,0,0,0,0,1,0,0,1,1,0,1,1,0,1,0.0875967466201952
"4180","C19180",1047,"P46",6,"S13","A34","A172","E73","A92","A101",4,50,"A152",1,1,"A201",0,0,1,0,0,1,0,0,0,1,0,1,1,1,0,1,0,0,1,0.0664259560930571
"3195","C18195",6999,"P43",48,"S11","A32","A173","E74","A94","A103",1,34,"A152",2,1,"A201",1,0,0,1,1,0,1,0,0,0,0,0,0,0,0,1,0,1,0,0.326025691508532
"4501","C19501",3660,"P43",24,"S11","A32","A173","E73","A92","A101",4,28,"A152",1,1,"A201",0,0,0,1,1,0,1,0,0,0,0,1,1,1,0,1,1,0,1,0.436875889591206
"2446","C17446",2520,"P43",27,"S12","A34","A172","E73","A93","A101",2,23,"A152",2,1,"A201",1,0,1,0,1,0,0,1,0,1,0,1,0,1,0,1,1,0,1,0.1608448752195
"2730","C17730",3835,"P43",36,"S14","A32","A172","E75","A92","A101",4,45,"A152",1,1,"A201",0,0,1,0,1,0,0,0,0,0,0,0,1,1,0,1,0,0,1,0.172262330608823
"1593","C16593",1474,"P40",24,"S14","A32","A173","E72","A94","A101",3,33,"A152",1,1,"A201",0,0,0,1,0,1,0,0,0,0,1,0,0,1,0,1,0,0,1,0.218764052120376
"1644","C16644",2708,"P42",15,"S14","A32","A172","E72","A93","A101",3,27,"A152",2,1,"A201",0,0,1,0,0,0,0,0,0,0,1,0,0,1,0,1,1,0,1,0.171863470205007
"95","C15095",2759,"P42",12,"S14","A30","A173","E75","A93","A101",4,34,"A152",2,1,"A201",0,0,0,1,0,0,0,0,1,0,0,0,0,1,0,1,0,0,1,0.245095868641083
"2379","C17379",1237,"P43",6,"S14","A34","A173","E73","A92","A101",1,27,"A152",2,1,"A201",0,0,0,1,1,0,0,0,0,1,0,1,1,1,0,1,1,0,0,0.026294152614619
"4121","C19121",601,"P42",4,"S14","A32","A172","E72","A92","A101",3,23,"A151",1,2,"A201",0,0,1,0,0,0,0,0,0,0,1,0,1,1,1,1,1,0,1,0.217910030285944
"30","C15030",6527,"P40",60,"S14","A32","A173","E73","A93","A101",4,34,"A153",1,2,"A201",0,0,0,1,0,1,0,0,0,0,0,1,0,1,1,1,0,1,1,0.463544089646843
"341","C15341",2012,"P46",12,"S14","A34","A173","E74","A92","A101",2,61,"A152",1,1,"A201",0,0,0,1,0,1,0,0,0,1,0,0,1,1,0,1,0,0,1,0.0799370288159394
"777","C15777",666,"P40",6,"S11","A34","A172","E74","A92","A101",4,39,"A152",2,1,"A201",0,0,1,0,0,1,1,0,0,1,0,0,1,1,0,1,0,0,1,0.283402416511265
"3641","C18641",5842,"P41",36,"S14","A34","A173","E75","A93","A101",2,35,"A152",2,2,"A201",0,0,0,1,1,0,0,0,0,1,0,0,0,1,0,1,0,1,1,0.0718001806269258
"3474","C18474",3835,"P43",36,"S14","A32","A172","E75","A92","A101",4,45,"A152",1,1,"A201",0,0,1,0,1,0,0,0,0,0,0,0,1,1,0,1,0,0,1,0.172262330608823
"4592","C19592",1498,"P43",12,"S11","A32","A173","E73","A92","A101",1,23,"A152",1,1,"A201",0,0,0,1,1,0,1,0,0,0,0,1,1,1,0,1,1,0,0,0.264226030906443
"2204","C17204",5998,"P46",40,"S11","A34","A173","E73","A93","A101",3,27,"A152",1,1,"A201",1,0,0,1,0,1,1,0,0,1,0,1,0,1,0,1,1,1,1,0.471805143376401
"352","C15352",1721,"P40",15,"S11","A32","A173","E72","A93","A101",3,36,"A152",1,1,"A201",0,0,0,1,0,1,1,0,0,0,1,0,0,1,0,1,0,0,1,0.535641489004973
"3064","C18064",1542,"P49",12,"S14","A32","A173","E74","A93","A101",4,36,"A152",1,1,"A201",0,0,0,1,0,1,0,0,0,0,0,0,0,1,0,1,0,0,1,0.110305290232065
"3581","C18581",339,"P48",12,"S11","A31","A172","E75","A94","A101",1,45,"A152",1,1,"A201",0,0,1,0,1,0,1,0,1,0,0,0,0,1,0,1,0,0,0,0.406492157204495
"648","C15648",1343,"P40",6,"S13","A34","A173","E75","A93","A101",4,46,"A152",2,2,"A202",0,0,0,1,0,1,0,0,0,1,0,0,0,1,0,0,0,0,1,0.0148705785577811
"1872","C16872",1203,"P40",6,"S11","A32","A173","E75","A93","A101",2,43,"A152",1,1,"A201",0,0,0,1,0,1,1,0,0,0,0,0,0,1,0,1,0,0,1,0.360759287574476
"1062","C16062",1278,"P43",24,"S14","A32","A174","E75","A93","A101",1,36,"A152",1,1,"A201",0,0,0,0,1,0,0,0,0,0,0,0,0,1,0,1,0,0,0,0.0655590087466866
"274","C15274",6681,"P49",48,"S12","A33","A173","E73","A93","A101",4,38,"A153",1,2,"A201",0,0,0,1,0,1,0,1,0,0,0,1,0,1,1,1,0,1,1,0.659587662226173
"1867","C16867",2629,"P50",20,"S12","A33","A173","E73","A93","A101",3,29,"A152",2,1,"A201",0,0,0,1,0,1,0,1,0,0,0,1,0,1,0,1,1,0,1,0.351074037673933
"307","C15307",3195,"P40",9,"S12","A32","A172","E73","A92","A101",2,33,"A152",1,1,"A201",0,0,1,0,0,1,0,1,0,0,0,1,1,1,0,1,0,0,1,0.339967450902204
"1065","C16065",3148,"P43",24,"S13","A34","A173","E73","A93","A101",2,31,"A152",2,1,"A201",0,0,0,1,1,0,0,0,0,1,0,1,0,1,0,1,0,0,1,0.0493213537580633
"258","C15258",1126,"P43",9,"S13","A32","A173","E75","A91","A101",4,49,"A152",1,1,"A201",0,0,0,1,1,0,0,0,0,0,0,0,1,1,0,1,0,0,1,0.07809901560845
"3158","C18158",10477,"P41",36,"S14","A34","A173","E75","A93","A101",4,42,"A153",2,1,"A201",0,0,0,1,1,0,0,0,0,1,0,0,0,1,1,1,0,1,1,0.0983537017337522
"1403","C16403",7238,"P43",48,"S14","A33","A173","E75","A93","A101",3,32,"A152",2,2,"A201",0,0,0,1,1,0,0,0,0,0,0,0,0,1,0,1,0,1,1,0.184331573193986
"475","C15475",6614,"P40",36,"S14","A34","A174","E75","A93","A101",4,34,"A152",2,1,"A201",0,0,0,0,0,1,0,0,0,1,0,0,0,1,0,1,0,1,1,0.123322319923173
"339","C15339",2687,"P49",15,"S13","A32","A173","E74","A93","A101",4,26,"A151",1,1,"A201",0,0,0,1,0,1,0,0,0,0,0,0,0,1,1,1,1,0,1,0.161914208802844
"4145","C19145",6850,"P40",15,"S12","A31","A174","E71","A93","A101",2,34,"A152",1,2,"A201",1,0,0,0,0,1,0,1,1,0,1,0,0,1,0,1,0,1,1,0.645016952365449
"3550","C18550",7127,"P42",36,"S14","A34","A173","E72","A92","A101",4,23,"A151",2,1,"A201",1,0,0,1,0,0,0,0,0,1,1,0,1,1,1,1,1,1,1,0.292082130655292
"3843","C18843",1819,"P46",36,"S14","A32","A173","E73","A93","A101",4,37,"A153",1,1,"A201",1,0,0,1,0,1,0,0,0,0,0,1,0,1,1,1,0,0,1,0.279891326240207
"4620","C19620",1409,"P41",12,"S11","A34","A173","E75","A93","A101",3,54,"A152",1,1,"A201",0,0,0,1,1,0,1,0,0,1,0,0,0,1,0,1,0,0,1,0.162058340808228
"488","C15488",3343,"P42",15,"S14","A34","A173","E73","A93","A101",2,28,"A153",1,1,"A201",0,0,0,1,0,0,0,0,0,1,0,1,0,1,1,1,1,0,1,0.089750658729434
"466","C15466",14027,"P40",60,"S12","A32","A174","E74","A93","A101",2,27,"A152",1,1,"A201",1,0,0,0,0,1,0,1,0,0,0,0,0,1,0,1,1,1,1,0.671991961229026
"3756","C18756",7393,"P40",24,"S14","A32","A172","E73","A93","A101",4,43,"A152",1,2,"A201",0,0,1,0,0,1,0,0,0,0,0,1,0,1,0,1,0,1,1,0.156016974968144
"3688","C18688",2134,"P40",9,"S14","A34","A173","E73","A93","A101",4,48,"A152",3,1,"A201",0,0,0,1,0,1,0,0,0,1,0,1,0,1,0,1,0,0,1,0.0541605236726375
"45","C15045",640,"P40",12,"S14","A32","A172","E73","A91","A101",2,49,"A152",1,1,"A201",0,0,1,0,0,1,0,0,0,0,0,1,1,1,0,1,0,0,1,0.14547101254588
"3661","C18661",709,"P43",12,"S11","A32","A172","E75","A93","A101",4,57,"A152",1,1,"A201",1,0,1,0,1,0,1,0,0,0,0,0,0,1,0,1,0,0,1,0.274808207258382
"3426","C18426",1168,"P40",12,"S11","A32","A172","E73","A94","A101",3,27,"A152",1,1,"A201",0,0,1,0,0,1,1,0,0,0,0,1,0,1,0,1,1,0,1,0.407975552284858
"2960","C17960",1943,"P45",18,"S14","A32","A173","E72","A92","A101",4,23,"A152",1,1,"A201",1,0,0,1,0,1,0,0,0,0,1,0,1,1,0,1,1,0,1,0.239474990802619
"2258","C17258",7476,"P46",48,"S11","A32","A174","E74","A93","A101",1,50,"A153",1,1,"A201",0,0,0,0,0,1,1,0,0,0,0,0,0,1,1,1,0,1,0,0.689746790166031
"736","C15736",2964,"P41",24,"S11","A32","A173","E75","A93","A101",4,49,"A153",1,2,"A201",0,0,0,1,1,0,1,0,0,0,0,0,0,1,1,1,0,0,1,0.443444091625029
"39","C15039",2892,"P42",24,"S13","A32","A173","E75","A91","A101",4,51,"A153",1,1,"A201",0,0,0,1,0,0,0,0,0,0,0,0,1,1,1,1,0,0,1,0.263587169048441
"2123","C17123",9572,"P49",36,"S14","A33","A173","E72","A91","A101",1,28,"A152",2,1,"A201",1,0,0,1,0,1,0,0,0,0,1,0,1,1,0,1,1,1,0,0.283497213926093
"2310","C17310",804,"P43",12,"S14","A32","A173","E75","A93","A101",4,38,"A152",1,1,"A201",0,0,0,1,1,0,0,0,0,0,0,0,0,1,0,1,0,0,1,0.0638255324815497
"1828","C16828",6842,"P41",24,"S14","A34","A174","E73","A93","A101",4,46,"A152",2,2,"A201",0,0,0,0,1,0,0,0,0,1,0,1,0,1,0,1,0,1,1,0.0493213537580633
"2179","C17179",1223,"P40",12,"S12","A32","A173","E75","A91","A101",1,46,"A151",2,1,"A201",1,0,0,1,0,1,0,1,0,0,0,0,1,1,1,1,0,0,0,0.356480027043993
"3344","C18344",652,"P42",12,"S11","A32","A173","E75","A92","A101",4,24,"A151",1,1,"A201",0,0,0,1,0,0,1,0,0,0,0,0,1,1,1,1,1,0,1,0.571609313138525
"260","C15260",2679,"P41",24,"S14","A32","A174","E72","A92","A101",1,29,"A152",1,1,"A201",0,0,0,0,1,0,0,0,0,0,1,0,1,1,0,1,1,0,0,0.12734272483123
"1663","C16663",4473,"P43",36,"S13","A32","A173","E75","A93","A101",2,31,"A152",1,1,"A201",0,0,0,1,1,0,0,0,0,0,0,0,0,1,0,1,0,0,1,0.131617683018143
"3762","C18762",1750,"P43",6,"S14","A31","A172","E75","A93","A101",4,45,"A152",1,2,"A201",0,0,1,0,1,0,0,0,1,0,0,0,0,1,0,1,0,0,1,0.127561579583728
"3915","C18915",4870,"P40",24,"S11","A33","A173","E73","A93","A101",4,53,"A153",2,2,"A201",1,0,0,1,0,1,1,0,0,0,0,1,0,1,1,1,0,0,1,0.591658592333925
"1114","C16114",3149,"P42",24,"S11","A32","A173","E72","A93","A101",1,22,"A153",1,1,"A201",0,0,0,1,0,0,1,0,0,0,1,0,0,1,1,1,1,0,0,0.602358526731793
"1658","C16658",1333,"P40",24,"S11","A33","A173","E71","A93","A101",2,43,"A153",2,2,"A201",1,0,0,1,0,1,1,0,0,0,1,0,0,1,1,1,0,0,1,0.686995521020931
"4012","C19012",2424,"P43",24,"S14","A34","A173","E75","A93","A101",4,53,"A152",2,1,"A201",0,0,0,1,1,0,0,0,0,1,0,0,0,1,0,1,0,0,1,0.0493213537580633
"3996","C18996",5742,"P49",36,"S14","A32","A173","E74","A93","A101",2,31,"A152",2,1,"A201",0,0,0,1,0,1,0,0,0,0,0,0,0,1,0,1,0,1,1,0.216071467193813
"1385","C16385",7374,"P42",18,"S12","A34","A174","E71","A93","A101",4,40,"A152",2,1,"A201",0,0,0,0,0,0,0,1,0,1,1,0,0,1,0,1,0,1,1,0.281255341622145
"4955","C19955",1374,"P40",6,"S11","A32","A174","E71","A92","A101",3,75,"A152",1,1,"A201",0,0,0,0,0,1,1,0,0,0,1,0,1,1,0,1,0,0,1,0.539981178665056
"3293","C18293",7472,"P40",12,"S12","A32","A171","E71","A92","A101",2,24,"A151",1,1,"A201",0,1,0,0,0,1,0,1,0,0,1,0,1,1,1,1,1,1,1,0.54869949200642
"486","C15486",1231,"P43",24,"S11","A34","A174","E75","A92","A101",4,57,"A151",2,1,"A201",0,0,0,0,1,0,1,0,0,1,0,0,1,1,1,1,0,0,1,0.358294929489869
"158","C15158",8978,"P40",14,"S11","A32","A174","E75","A91","A101",4,45,"A152",1,1,"A202",1,0,0,0,0,1,1,0,0,0,0,0,1,1,0,0,0,1,1,0.227564580460674
"4672","C19672",1473,"P43",18,"S14","A32","A173","E72","A94","A101",4,39,"A152",1,1,"A201",0,0,0,1,1,0,0,0,0,0,1,0,0,1,0,1,0,0,1,0.111983879106501
"163","C15163",753,"P43",6,"S12","A32","A173","E73","A92","A103",3,64,"A152",1,1,"A201",0,0,0,1,1,0,0,1,0,0,0,1,1,0,0,1,0,0,1,0.125127199740904
"1581","C16581",2124,"P42",18,"S11","A34","A173","E73","A92","A101",4,24,"A151",2,1,"A201",1,0,0,1,0,0,1,0,0,1,0,1,1,1,1,1,1,0,1,0.454010420223655
"4275","C19275",1200,"P46",12,"S11","A32","A173","E73","A92","A101",4,23,"A151",1,1,"A201",0,0,0,1,0,1,1,0,0,0,0,1,1,1,1,1,1,0,1,0.571609313138525
"2883","C17883",1262,"P43",12,"S14","A32","A173","E73","A93","A101",2,25,"A152",1,1,"A201",0,0,0,1,1,0,0,0,0,0,0,1,0,1,0,1,1,0,1,0.0638255324815497
"1337","C16337",1053,"P43",15,"S11","A32","A173","E72","A94","A101",2,27,"A152",1,1,"A202",0,0,0,1,1,0,1,0,0,0,1,0,0,1,0,0,1,0,1,0.155957811918291
"3445","C18445",3077,"P43",30,"S14","A34","A173","E75","A93","A101",2,40,"A152",2,2,"A201",0,0,0,1,1,0,0,0,0,1,0,0,0,1,0,1,0,0,1,0.0595753570931899
"3893","C18893",1068,"P43",6,"S12","A32","A173","E75","A93","A101",4,28,"A152",1,2,"A201",0,0,0,1,1,0,0,1,0,0,0,0,0,1,0,1,1,0,1,0.157310239691742
"1467","C16467",2212,"P42",20,"S11","A32","A173","E74","A93","A101",4,39,"A152",1,1,"A201",0,0,0,1,0,0,1,0,0,0,0,0,0,1,0,1,0,0,1,0.473516127421498
"2298","C17298",1344,"P40",12,"S11","A33","A172","E73","A93","A101",2,43,"A152",2,2,"A201",0,0,1,0,0,1,1,0,0,0,0,1,0,1,0,1,0,0,1,0.407975552284858
"3253","C18253",3422,"P42",18,"S14","A32","A173","E75","A93","A101",4,47,"A152",3,2,"A201",0,0,0,1,0,0,0,0,0,0,0,0,0,1,0,1,0,0,1,0.131484434702704
"2992","C17992",2779,"P41",18,"S12","A32","A173","E73","A94","A101",3,21,"A151",1,1,"A201",0,0,0,1,1,0,0,1,0,0,0,1,0,1,1,1,1,0,1,0.281868483839882
"3002","C18002",915,"P40",24,"S11","A32","A173","E75","A92","A101",2,29,"A152",1,1,"A201",1,0,0,1,0,1,1,0,0,0,0,0,1,1,0,1,1,0,1,0.585203389657111
"4558","C19558",2375,"P49",24,"S14","A33","A173","E73","A93","A101",2,44,"A152",2,2,"A201",0,0,0,1,0,1,0,0,0,0,0,1,0,1,0,1,0,0,1,0.156016974968144
"1933","C16933",7758,"P41",24,"S12","A34","A173","E75","A92","A101",4,29,"A151",1,1,"A201",0,0,0,1,1,0,0,1,0,1,0,0,1,1,1,1,1,1,1,0.251418895062597
"557","C15557",1554,"P43",6,"S14","A34","A173","E74","A92","A101",2,24,"A151",2,1,"A201",0,0,0,1,1,0,0,0,0,1,0,0,1,1,1,1,1,0,1,0.0522898444357195
"2451","C17451",7374,"P42",18,"S12","A34","A174","E71","A93","A101",4,40,"A152",2,1,"A201",0,0,0,0,0,0,0,1,0,1,1,0,0,1,0,1,0,1,1,0.281255341622145
"1049","C16049",1007,"P40",12,"S12","A32","A173","E73","A94","A101",1,22,"A152",1,1,"A201",0,0,0,1,0,1,0,1,0,0,0,1,0,1,0,1,1,0,0,0.222451716323391
"2265","C17265",3612,"P42",18,"S12","A34","A173","E75","A92","A101",4,37,"A152",1,1,"A201",0,0,0,1,0,0,0,1,0,1,0,0,1,1,0,1,0,0,1,0.261830829654139
"1724","C16724",8947,"P41",36,"S14","A33","A174","E74","A93","A101",2,31,"A152",1,2,"A201",0,0,0,0,1,0,0,0,0,0,0,0,0,1,0,1,0,1,1,0.131617683018143
"4577","C19577",3488,"P41",24,"S14","A32","A173","E74","A92","A101",4,23,"A152",1,1,"A201",0,0,0,1,1,0,0,0,0,0,0,0,1,1,0,1,1,0,1,0.122481642461881
"1807","C16807",1620,"P42",12,"S11","A32","A173","E73","A92","A102",3,30,"A152",1,1,"A201",0,0,0,1,0,0,1,0,0,0,0,1,1,1,0,1,0,0,1,0.48618157719108
"1067","C16067",625,"P43",12,"S12","A32","A172","E72","A94","A103",1,26,"A152",1,1,"A201",0,0,1,0,1,0,0,1,0,0,1,0,0,0,0,1,1,0,0,0.117367877078346
"2899","C17899",3844,"P49",48,"S12","A30","A172","E74","A93","A101",4,34,"A153",1,2,"A201",1,0,1,0,0,1,0,1,1,0,0,0,0,1,1,1,0,0,1,0.835365626780607
"635","C15635",1532,"P46",15,"S14","A34","A173","E73","A92","A101",3,31,"A152",1,1,"A201",0,0,0,1,0,1,0,0,0,1,0,1,1,1,0,1,0,0,1,0.0875967466201952
"4498","C19498",1413,"P43",24,"S14","A32","A173","E73","A94","A101",2,28,"A152",1,1,"A201",0,0,0,1,1,0,0,0,0,0,0,1,0,1,0,1,1,0,1,0.0922732073318229
"2395","C17395",618,"P43",12,"S14","A34","A173","E75","A93","A101",4,56,"A152",1,1,"A201",0,0,0,1,1,0,0,0,0,1,0,0,0,1,0,1,0,0,1,0.0336251372854894
"758","C15758",1185,"P49",12,"S14","A34","A173","E73","A92","A101",2,27,"A152",2,1,"A201",0,0,0,1,0,1,0,0,0,1,0,1,1,1,0,1,1,0,1,0.0799370288159394
"2890","C17890",918,"P42",9,"S12","A32","A173","E73","A92","A101",1,30,"A152",1,1,"A201",1,0,0,1,0,0,0,1,0,0,0,1,1,1,0,1,0,0,0,0.262261468007393
"4580","C19580",2121,"P40",12,"S11","A34","A173","E73","A93","A101",2,30,"A152",2,1,"A201",0,0,0,1,0,1,1,0,0,1,0,1,0,1,0,1,0,0,1,0.260192163467025
"3106","C18106",1206,"P43",9,"S12","A32","A173","E75","A92","A101",4,25,"A152",1,1,"A201",0,0,0,1,1,0,0,1,0,0,0,0,1,1,0,1,1,0,1,0.220722435575726
"1946","C16946",4870,"P40",24,"S11","A33","A173","E73","A93","A101",4,53,"A153",2,2,"A201",1,0,0,1,0,1,1,0,0,0,0,1,0,1,1,1,0,0,1,0.591658592333925
"1501","C16501",1445,"P43",18,"S13","A31","A172","E74","A93","A101",4,49,"A152",1,1,"A201",0,0,1,0,1,0,0,0,1,0,0,0,0,1,0,1,0,0,1,0.178985801652219
"3877","C18877",1283,"P40",22,"S14","A32","A173","E74","A92","A101",4,25,"A151",1,1,"A201",0,0,0,1,0,1,0,0,0,0,0,0,1,1,1,1,1,0,1,0.250868951550081
"668","C15668",2030,"P42",9,"S12","A32","A173","E74","A93","A101",1,24,"A152",1,1,"A201",0,0,0,1,0,0,0,1,0,0,0,0,0,1,0,1,1,0,0,0.205657853247889
"895","C15895",4221,"P49",30,"S12","A30","A173","E73","A92","A101",1,28,"A152",2,1,"A201",0,0,0,1,0,1,0,1,1,0,0,1,1,1,0,1,1,0,0,0.651920290005438
"4160","C19160",2406,"P42",9,"S14","A34","A174","E71","A93","A101",3,31,"A152",1,1,"A201",0,0,0,0,0,0,0,0,0,1,1,0,0,1,0,1,0,0,1,0.079816970072083
"1429","C16429",1403,"P40",15,"S11","A32","A173","E73","A92","A101",4,28,"A151",1,1,"A201",0,0,0,1,0,1,1,0,0,0,0,1,1,1,1,1,1,0,1,0.595869749016442
"1685","C16685",3959,"P40",15,"S11","A32","A173","E73","A92","A101",2,29,"A152",1,1,"A201",1,0,0,1,0,1,1,0,0,0,0,1,1,1,0,1,1,0,1,0.511142395346445
"3634","C18634",2353,"P40",21,"S12","A33","A173","E73","A91","A101",4,47,"A152",2,1,"A201",0,0,0,1,0,1,0,1,0,0,0,1,1,1,0,1,0,0,1,0.4343855046698
"897","C15897",976,"P40",18,"S11","A32","A172","E72","A92","A101",2,23,"A152",1,1,"A201",1,0,1,0,0,1,1,0,0,0,1,0,1,1,0,1,1,0,1,0.63638909498895
"83","C15083",3485,"P40",20,"S14","A34","A173","E72","A91","A101",4,44,"A152",2,1,"A201",0,0,0,1,0,1,0,0,0,1,1,0,1,1,0,1,0,0,1,0.146588454986879
"1884","C16884",1505,"P43",18,"S14","A32","A174","E73","A93","A101",2,32,"A153",1,1,"A201",0,0,0,0,1,0,0,0,0,0,0,1,0,1,1,1,0,0,1,0.105061305528015
"2238","C17238",1193,"P40",24,"S11","A31","A171","E71","A92","A102",4,29,"A151",2,1,"A201",1,1,0,0,0,1,1,0,1,0,1,0,1,1,1,1,1,0,1,0.887539237308
"1954","C16954",932,"P48",6,"S12","A34","A172","E74","A92","A101",3,39,"A152",2,1,"A201",0,0,1,0,1,0,0,1,0,1,0,0,1,1,0,1,0,0,1,0.115683665049801
"1587","C16587",3416,"P43",27,"S11","A32","A174","E73","A93","A101",2,27,"A152",1,1,"A201",0,0,0,0,1,0,1,0,0,0,0,1,0,1,0,1,1,0,1,0.384370337663197
"4011","C19011",2326,"P49",15,"S12","A34","A173","E73","A93","A101",4,27,"A152",1,1,"A201",0,0,0,1,0,1,0,1,0,1,0,1,0,1,0,1,1,0,1,0.189480073524921
"2106","C17106",2507,"P40",9,"S14","A32","A172","E75","A93","A101",4,51,"A153",1,1,"A201",0,0,1,0,0,1,0,0,0,0,0,0,0,1,1,1,0,0,1,0.136604460649936
"2470","C17470",2507,"P40",9,"S14","A32","A172","E75","A93","A101",4,51,"A153",1,1,"A201",0,0,1,0,0,1,0,0,0,0,0,0,0,1,1,1,0,0,1,0.136604460649936
"4458","C19458",1364,"P43",9,"S11","A32","A173","E74","A93","A101",4,59,"A152",1,1,"A201",0,0,0,1,1,0,1,0,0,0,0,0,0,1,0,1,0,0,1,0.255359828611735
"3582","C18582",1217,"P44",18,"S11","A32","A172","E73","A94","A101",3,47,"A152",1,1,"A201",1,0,1,0,0,0,1,0,0,0,0,1,0,1,0,1,0,0,1,0.456954021341531
"966","C15966",6967,"P49",24,"S12","A33","A174","E74","A93","A101",4,36,"A151",1,1,"A201",0,0,0,0,0,1,0,1,0,0,0,0,0,1,1,1,0,1,1,0.465688857505822
"1428","C16428",8947,"P41",36,"S14","A33","A174","E74","A93","A101",2,31,"A152",1,2,"A201",0,0,0,0,1,0,0,0,0,0,0,0,0,1,0,1,0,1,1,0.131617683018143
"4489","C19489",5190,"P45",27,"S14","A32","A173","E75","A93","A101",4,48,"A152",4,2,"A201",0,0,0,1,0,1,0,0,0,0,0,0,0,1,0,1,0,1,1,0.169622810177035
"2703","C17703",783,"P40",6,"S14","A31","A172","E73","A93","A103",2,26,"A152",1,2,"A201",0,0,1,0,0,1,0,0,1,0,0,1,0,0,0,1,1,0,1,0.129195310498102
"3515","C18515",368,"P43",6,"S12","A32","A173","E75","A93","A101",4,38,"A152",1,1,"A201",0,0,0,1,1,0,0,1,0,0,0,0,0,1,0,1,0,0,1,0.157310239691742
"1722","C16722",7057,"P41",20,"S12","A33","A174","E74","A93","A101",4,36,"A151",2,2,"A201",0,0,0,0,1,0,0,1,0,0,0,0,0,1,1,1,0,1,1,0.295538275855205
"4851","C19851",4526,"P42",27,"S14","A34","A172","E72","A93","A101",2,32,"A152",2,2,"A201",0,0,1,0,0,0,0,0,0,1,1,0,0,1,0,1,0,0,1,0.136384674125717
"2482","C17482",7166,"P43",42,"S14","A32","A173","E74","A94","A101",4,29,"A151",1,1,"A201",0,0,0,1,1,0,0,0,0,0,0,0,0,1,1,1,1,1,1,0.206968994667149
"4219","C19219",1532,"P46",15,"S14","A34","A173","E73","A92","A101",3,31,"A152",1,1,"A201",0,0,0,1,0,1,0,0,0,1,0,1,1,1,0,1,0,0,1,0.0875967466201952
"855","C15855",1377,"P43",24,"S13","A32","A173","E75","A92","A101",2,47,"A153",1,1,"A201",0,0,0,1,1,0,0,0,0,0,0,0,1,1,1,1,0,0,1,0.164457531955865
"1302","C16302",1743,"P49",6,"S14","A33","A172","E73","A93","A101",2,34,"A152",2,1,"A201",0,0,1,0,0,1,0,0,0,0,0,1,0,1,0,1,0,0,1,0.0921755629263623
"438","C15438",4308,"P49",48,"S11","A32","A173","E72","A92","A101",4,24,"A151",1,1,"A201",1,0,0,1,0,1,1,0,0,0,1,0,1,1,1,1,1,0,1,0.870126876525925
"971","C15971",5711,"P41",36,"S14","A34","A174","E75","A93","A101",2,38,"A152",2,1,"A201",0,0,0,0,1,0,0,0,0,1,0,0,0,1,0,1,0,1,1,0.0718001806269258
"4806","C19806",12680,"P40",21,"S14","A34","A174","E75","A93","A101",4,30,"A153",1,1,"A201",1,0,0,0,0,1,0,0,0,1,0,0,0,1,1,1,0,1,1,0.107459895689264
"1366","C16366",790,"P43",9,"S12","A32","A172","E73","A92","A101",3,66,"A152",1,1,"A201",0,0,1,0,1,0,0,1,0,0,0,1,1,1,0,1,0,0,1,0.220722435575726
"3346","C18346",3394,"P45",42,"S11","A34","A171","E71","A93","A102",4,65,"A152",2,1,"A201",0,1,0,0,0,1,1,0,0,1,1,0,0,1,0,1,0,0,1,0.591207994178566
"3620","C18620",3617,"P42",12,"S12","A34","A173","E75","A93","A101",4,28,"A151",3,1,"A201",0,0,0,1,0,0,0,1,0,1,0,0,0,1,1,1,1,0,1,0.22978088087814
"4676","C19676",2859,"P40",12,"S14","A32","A174","E71","A93","A101",4,38,"A152",1,1,"A201",0,0,0,0,0,1,0,0,0,0,1,0,0,1,0,1,0,0,1,0.15811212861172
"1104","C16104",1163,"P40",12,"S14","A34","A173","E73","A93","A101",4,44,"A152",1,1,"A201",0,0,0,1,0,1,0,0,0,1,0,1,0,1,0,1,0,0,1,0.059510045437248
"1246","C16246",1344,"P40",12,"S11","A33","A172","E73","A93","A101",2,43,"A152",2,2,"A201",0,0,1,0,0,1,1,0,0,0,0,1,0,1,0,1,0,0,1,0.407975552284858
"4702","C19702",1244,"P46",9,"S14","A34","A172","E75","A92","A101",4,41,"A151",2,1,"A201",0,0,1,0,0,1,0,0,0,1,0,0,1,1,1,1,0,0,1,0.0998079984084067
"543","C15543",1924,"P43",10,"S14","A32","A173","E73","A93","A101",4,38,"A152",1,1,"A202",0,0,0,1,1,0,0,0,0,0,0,1,0,1,0,0,0,0,1,0.0182418230778055
"4561","C19561",1538,"P46",6,"S14","A32","A173","E72","A92","A101",2,56,"A152",1,1,"A201",0,0,0,1,0,1,0,0,0,0,1,0,1,1,0,1,0,0,1,0.174362559758996
"4536","C19536",1743,"P49",6,"S14","A33","A172","E73","A93","A101",2,34,"A152",2,1,"A201",0,0,1,0,0,1,0,0,0,0,0,1,0,1,0,1,0,0,1,0.0921755629263623
"4944","C19944",1941,"P49",18,"S12","A32","A172","E73","A93","A101",2,35,"A152",1,1,"A201",0,0,1,0,0,1,0,1,0,0,0,1,0,1,0,1,0,0,1,0.336060911421833
"4163","C19163",652,"P42",12,"S11","A32","A173","E75","A92","A101",4,24,"A151",1,1,"A201",0,0,0,1,0,0,1,0,0,0,0,0,1,1,1,1,1,0,1,0.571609313138525
"2650","C17650",3590,"P49",18,"S12","A34","A171","E71","A94","A101",3,40,"A152",3,2,"A201",0,1,0,0,0,1,0,1,0,1,1,0,0,1,0,1,0,0,1,0.281255341622145
"1818","C16818",4113,"P41",24,"S12","A32","A173","E72","A92","A101",4,28,"A151",1,1,"A201",1,0,0,1,1,0,0,1,0,0,1,0,1,1,1,1,1,0,1,0.499213589824432
"2067","C17067",2631,"P40",15,"S12","A32","A173","E73","A92","A101",4,28,"A151",2,1,"A201",1,0,0,1,0,1,0,1,0,0,0,1,1,1,1,1,1,0,1,0.470035475858885
"3246","C18246",1258,"P42",12,"S14","A34","A172","E72","A92","A101",4,22,"A151",2,1,"A201",0,0,1,0,0,0,0,0,0,1,1,0,1,1,1,1,1,0,1,0.156538680383193
"379","C15379",2746,"P42",36,"S11","A31","A173","E75","A93","A101",4,31,"A152",1,1,"A201",1,0,0,1,0,0,1,0,1,0,0,0,0,1,0,1,0,0,1,0.800474453950963
"1559","C16559",6199,"P43",12,"S11","A30","A173","E73","A93","A101",2,28,"A151",2,1,"A201",1,0,0,1,1,0,1,0,1,0,0,1,0,1,1,1,1,1,1,0.583225924071514
"3126","C18126",6999,"P43",48,"S11","A32","A173","E74","A94","A103",1,34,"A152",2,1,"A201",1,0,0,1,1,0,1,0,0,0,0,0,0,0,0,1,0,1,0,0.326025691508532
"1455","C16455",3275,"P41",21,"S14","A34","A174","E75","A93","A101",4,36,"A152",1,1,"A201",0,0,0,0,1,0,0,0,0,1,0,0,0,1,0,1,0,0,1,0.0448440504657087
"3817","C18817",1603,"P43",24,"S11","A32","A173","E75","A92","A101",4,55,"A152",1,1,"A201",0,0,0,1,1,0,1,0,0,0,0,0,1,1,0,1,0,0,1,0.436875889591206
"988","C15988",12204,"P49",48,"S12","A30","A174","E73","A93","A101",2,48,"A152",1,1,"A201",0,0,0,0,0,1,0,1,1,0,0,1,0,1,0,1,0,1,1,0.782523728830962
"2285","C17285",2359,"P42",24,"S11","A32","A173","E71","A91","A101",1,33,"A152",1,1,"A201",1,0,0,1,0,0,1,0,0,0,1,0,1,1,0,1,0,0,0,0.595956961148823
"1266","C16266",1388,"P42",9,"S14","A32","A173","E73","A92","A101",2,26,"A151",1,1,"A201",0,0,0,1,0,0,0,0,0,0,0,1,1,1,1,1,1,0,1,0.178472570094822
"881","C15881",7308,"P40",10,"S12","A32","A174","E71","A93","A101",4,70,"A153",1,1,"A201",0,0,0,0,0,1,0,1,0,0,1,0,0,1,1,1,0,1,1,0.453085431306549
"4358","C19358",2169,"P49",18,"S14","A33","A173","E73","A94","A101",2,28,"A152",1,1,"A201",1,0,0,1,0,1,0,0,0,0,0,1,0,1,0,1,1,0,1,0.131484434702704
"1475","C16475",2859,"P40",12,"S14","A32","A174","E71","A93","A101",4,38,"A152",1,1,"A201",0,0,0,0,0,1,0,0,0,0,1,0,0,1,0,1,0,0,1,0.15811212861172
"2193","C17193",2600,"P43",18,"S11","A32","A173","E73","A93","A101",4,65,"A153",2,1,"A201",1,0,0,1,1,0,1,0,0,0,0,1,0,1,1,1,0,0,1,0.394860765356309
"129","C15129",18424,"P50",48,"S12","A30","A174","E73","A92","A101",2,32,"A152",1,1,"A202",1,0,0,0,0,1,0,1,1,0,0,1,1,1,0,0,0,1,1,0.590028780026911
"2508","C17508",1042,"P40",18,"S12","A32","A173","E73","A92","A101",2,33,"A152",1,1,"A201",1,0,0,1,0,1,0,1,0,0,0,1,1,1,0,1,0,0,1,0.410029101454804
"4770","C19770",5804,"P41",24,"S14","A34","A173","E73","A93","A101",2,27,"A152",2,1,"A201",0,0,0,1,1,0,0,0,0,1,0,1,0,1,0,1,1,1,1,0.0493213537580633
"4735","C19735",2835,"P42",24,"S14","A32","A173","E75","A93","A101",4,53,"A152",1,1,"A201",0,0,0,1,0,0,0,0,0,0,0,0,0,1,0,1,0,0,1,0.156016974968144
"1474","C16474",2073,"P43",12,"S14","A32","A173","E73","A92","A102",2,28,"A152",1,1,"A201",0,0,0,1,1,0,0,0,0,0,0,1,1,1,0,1,1,0,1,0.085598997180936
"4078","C19078",1024,"P43",24,"S11","A33","A173","E72","A94","A101",4,48,"A152",1,1,"A201",1,0,0,1,1,0,1,0,0,0,1,0,0,1,0,1,0,0,1,0.461173401712056
"2866","C17866",2325,"P40",24,"S11","A31","A173","E74","A93","A101",3,32,"A152",1,1,"A201",0,0,0,1,0,1,1,0,1,0,0,0,0,1,0,1,0,0,1,0.729049091111075
"1386","C16386",1412,"P49",12,"S14","A34","A174","E73","A92","A103",2,29,"A152",2,1,"A201",0,0,0,0,0,1,0,0,0,1,0,1,1,0,0,1,1,0,1,0.0462374547212916
"1776","C16776",1620,"P42",12,"S11","A32","A173","E73","A92","A102",3,30,"A152",1,1,"A201",0,0,0,1,0,0,1,0,0,0,0,1,1,1,0,1,0,0,1,0.48618157719108
"734","C15734",2473,"P42",18,"S11","A32","A171","E71","A93","A101",1,25,"A152",1,1,"A201",1,1,0,0,0,0,1,0,0,0,1,0,0,1,0,1,1,0,0,0.468009926319775
"3943","C18943",709,"P43",12,"S11","A32","A172","E75","A93","A101",4,57,"A152",1,1,"A201",1,0,1,0,1,0,1,0,0,0,0,0,0,1,0,1,0,0,1,0.274808207258382
"4356","C19356",2896,"P43",24,"S12","A32","A173","E72","A93","A101",1,29,"A152",1,1,"A201",0,0,0,1,1,0,0,1,0,0,1,0,0,1,0,1,1,0,0,0.262171085515564
"2576","C17576",2142,"P49",11,"S14","A32","A173","E75","A91","A101",2,28,"A152",1,1,"A201",0,0,0,1,0,1,0,0,0,0,0,0,1,1,0,1,1,0,1,0.141381616894064
"4819","C19819",1755,"P50",24,"S11","A32","A172","E75","A92","A103",4,58,"A152",1,1,"A201",0,0,1,0,0,1,1,0,0,0,0,0,1,0,0,1,0,0,1,0.440471068476127
"4552","C19552",2346,"P41",24,"S14","A34","A173","E74","A93","A101",3,35,"A152",2,1,"A201",0,0,0,1,1,0,0,0,0,1,0,0,0,1,0,1,0,0,1,0.0493213537580633
"1073","C16073",6842,"P41",24,"S14","A34","A174","E73","A93","A101",4,46,"A152",2,2,"A201",0,0,0,0,1,0,0,0,0,1,0,1,0,1,0,1,0,1,1,0.0493213537580633
"2797","C17797",1442,"P40",18,"S11","A31","A172","E74","A93","A101",4,32,"A153",2,2,"A201",1,0,1,0,0,1,1,0,1,0,0,0,0,1,1,1,0,0,1,0.756536152571389
"494","C15494",590,"P43",6,"S12","A32","A172","E72","A94","A101",3,26,"A152",1,1,"A202",0,0,1,0,1,0,0,1,0,0,1,0,0,1,0,0,1,0,1,0.0761040546169607
"2223","C17223",3378,"P41",18,"S14","A32","A173","E73","A93","A101",1,31,"A152",1,1,"A201",0,0,0,1,1,0,0,0,0,0,0,1,0,1,0,1,0,0,0,0.0543346139838681
"454","C15454",8648,"P49",24,"S14","A33","A173","E72","A93","A101",2,27,"A152",2,1,"A201",1,0,0,1,0,1,0,0,0,0,1,0,0,1,0,1,1,1,1,0.218764052120376
"4694","C19694",750,"P46",18,"S11","A32","A171","E71","A92","A101",1,27,"A152",1,1,"A201",1,1,0,0,0,1,1,0,0,0,1,0,1,1,0,1,1,0,0,0.547089427986969
"1291","C16291",1592,"P42",12,"S14","A34","A173","E74","A92","A101",2,35,"A152",1,1,"A202",0,0,0,1,0,0,0,0,0,1,0,0,1,1,0,0,0,0,1,0.0246840066344317
"2662","C17662",1442,"P40",24,"S11","A32","A173","E74","A92","A101",4,23,"A151",2,1,"A201",1,0,0,1,0,1,1,0,0,0,0,0,1,1,1,1,1,0,1,0.665494948733669
"3336","C18336",6224,"P46",48,"S12","A33","A173","E75","A93","A101",4,50,"A153",1,1,"A201",1,0,0,1,0,1,0,1,0,0,0,0,0,1,1,1,0,1,1,0.659587662226173
"755","C15755",3235,"P43",24,"S14","A32","A174","E75","A91","A101",2,26,"A152",1,1,"A201",0,0,0,0,1,0,0,0,0,0,0,0,1,1,0,1,1,0,1,0.122481642461881
"3948","C18948",5801,"P42",12,"S14","A34","A173","E75","A93","A101",4,49,"A151",1,1,"A201",0,0,0,1,0,0,0,0,0,1,0,0,0,1,1,1,0,1,1,0.0819195068759499
"3228","C18228",7238,"P43",48,"S14","A33","A173","E75","A93","A101",3,32,"A152",2,2,"A201",0,0,0,1,1,0,0,0,0,0,0,0,0,1,0,1,0,1,1,0.184331573193986
"3463","C18463",2748,"P46",12,"S14","A34","A172","E75","A92","A101",4,57,"A153",3,1,"A201",0,0,1,0,0,1,0,0,0,1,0,0,1,1,1,1,0,0,1,0.109145912325517
"670","C15670",4843,"P40",12,"S11","A34","A173","E75","A93","A102",4,43,"A151",2,1,"A201",1,0,0,1,0,1,1,0,0,1,0,0,0,1,1,1,0,0,1,0.331532460443237
"1630","C16630",1402,"P42",12,"S14","A34","A173","E74","A92","A101",4,37,"A151",1,1,"A201",0,0,0,1,0,0,0,0,0,1,0,0,1,1,1,1,0,0,1,0.109145912325517
"3065","C18065",929,"P42",24,"S14","A32","A173","E74","A93","A101",2,31,"A152",1,1,"A201",0,0,0,1,0,0,0,0,0,0,0,0,0,1,0,1,0,0,1,0.156016974968144
"2384","C17384",1469,"P40",24,"S14","A32","A172","E75","A94","A101",4,41,"A151",1,1,"A201",0,0,1,0,0,1,0,0,0,0,0,0,0,1,1,1,0,0,1,0.20677762631139
"1592","C16592",2032,"P40",24,"S14","A33","A173","E75","A93","A101",4,60,"A153",2,1,"A201",0,0,0,1,0,1,0,0,0,0,0,0,0,1,1,1,0,0,1,0.20677762631139
"1094","C16094",4526,"P49",24,"S14","A34","A174","E73","A93","A101",2,74,"A152",1,1,"A201",0,0,0,0,0,1,0,0,0,1,0,1,0,1,0,1,0,0,1,0.0862113939182156
"265","C15265",654,"P40",9,"S11","A32","A172","E73","A93","A101",3,28,"A152",1,1,"A201",1,0,1,0,0,1,1,0,0,0,0,1,0,1,0,1,1,0,1,0.384094385433064
"1076","C16076",3966,"P40",18,"S11","A34","A173","E75","A92","A101",4,33,"A151",3,1,"A201",1,0,0,1,0,1,1,0,0,1,0,0,1,1,1,1,0,0,1,0.454010420223655
"4046","C19046",1851,"P43",24,"S14","A34","A173","E74","A94","A103",2,33,"A152",2,1,"A201",0,0,0,1,1,0,0,0,0,1,0,0,0,0,0,1,0,0,1,0.0281339597892972
"3689","C18689",1216,"P40",18,"S11","A32","A173","E72","A92","A101",3,23,"A151",1,1,"A201",1,0,0,1,0,1,1,0,0,0,1,0,1,1,1,1,1,0,1,0.711654621196058
"3396","C18396",1553,"P43",24,"S12","A33","A173","E74","A92","A101",2,23,"A151",2,1,"A201",0,0,0,1,1,0,0,1,0,0,0,0,1,1,1,1,1,0,1,0.396892556433756
"704","C15704",1028,"P40",18,"S14","A34","A173","E73","A92","A101",3,36,"A152",2,1,"A201",0,0,0,1,0,1,0,0,0,1,0,1,1,1,0,1,0,0,1,0.0959139189949413
"567","C15567",6761,"P40",18,"S14","A32","A173","E73","A93","A101",4,68,"A151",2,1,"A201",1,0,0,1,0,1,0,0,0,0,0,1,0,1,1,1,0,1,1,0.175927124975663
"4426","C19426",3181,"P43",24,"S14","A32","A173","E72","A92","A101",4,26,"A152",1,1,"A201",0,0,0,1,1,0,0,0,0,0,1,0,1,1,0,1,1,0,1,0.174530529349893
"1980","C16980",1262,"P44",15,"S14","A32","A173","E74","A93","A101",3,36,"A152",2,1,"A201",0,0,0,1,0,0,0,0,0,0,0,0,0,1,0,1,0,0,1,0.120493858525528
"4627","C19627",1082,"P43",9,"S12","A32","A172","E75","A93","A101",4,27,"A152",2,1,"A201",0,0,1,0,1,0,0,1,0,0,0,0,0,1,0,1,1,0,1,0.171006005462675
"750","C15750",1372,"P40",12,"S11","A32","A173","E74","A91","A101",3,36,"A152",1,1,"A201",1,0,0,1,0,1,1,0,0,0,0,0,1,1,0,1,0,0,1,0.48618157719108
"2654","C17654",4221,"P49",30,"S12","A30","A173","E73","A92","A101",1,28,"A152",2,1,"A201",0,0,0,1,0,1,0,1,1,0,0,1,1,1,0,1,1,0,0,0.651920290005438
"1228","C16228",626,"P43",12,"S11","A31","A172","E73","A92","A101",4,24,"A152",1,1,"A201",1,0,1,0,1,0,1,0,1,0,0,1,1,1,0,1,1,0,1,0.576732781148913
"1044","C16044",1048,"P43",10,"S12","A31","A172","E73","A93","A101",4,23,"A152",1,1,"A201",0,0,1,0,1,0,0,1,1,0,0,1,0,1,0,1,1,0,1,0.35834815946294
"3134","C18134",841,"P49",12,"S12","A32","A172","E74","A92","A101",4,23,"A151",1,1,"A201",0,0,1,0,0,1,0,1,0,0,0,0,1,1,1,1,1,0,1,0.44525370788776
"1282","C16282",7824,"P41",28,"S14","A31","A173","E72","A93","A103",4,40,"A151",2,2,"A201",0,0,0,1,1,0,0,0,1,0,1,0,0,0,1,1,0,1,1,0.266045227580619
"3672","C18672",2080,"P40",6,"S14","A34","A173","E73","A94","A101",2,24,"A152",1,1,"A201",0,0,0,1,0,1,0,0,0,1,0,1,0,1,0,1,1,0,1,0.0492666945196244
"426","C15426",6260,"P40",18,"S12","A32","A172","E74","A93","A101",3,28,"A151",1,1,"A201",0,0,1,0,0,1,0,1,0,0,0,0,0,1,1,1,1,1,1,0.416492202906117
"3723","C18723",3190,"P43",18,"S11","A32","A173","E73","A92","A101",2,24,"A152",1,1,"A201",1,0,0,1,1,0,1,0,0,0,0,1,1,1,0,1,1,0,1,0.388509840660851
"1936","C16936",1295,"P42",18,"S12","A34","A173","E72","A92","A101",1,27,"A152",2,1,"A201",0,0,0,1,0,0,0,1,0,1,1,0,1,1,0,1,1,0,0,0.270517511542588
"3422","C18422",2122,"P40",12,"S11","A34","A172","E73","A93","A101",2,39,"A151",2,2,"A202",0,0,1,0,0,1,1,0,0,1,0,1,0,1,1,0,0,0,1,0.126235115016795
"2998","C17998",618,"P43",12,"S14","A34","A173","E75","A93","A101",4,56,"A152",1,1,"A201",0,0,0,1,1,0,0,0,0,1,0,0,0,1,0,1,0,0,1,0.0336251372854894
"2012","C17012",3990,"P44",36,"S12","A31","A171","E72","A92","A101",2,29,"A152",1,1,"A201",0,1,0,0,0,0,0,1,1,0,1,0,1,1,0,1,1,0,1,0.83387078891466
"2838","C17838",6187,"P41",30,"S11","A34","A173","E74","A94","A101",4,24,"A151",2,1,"A201",0,0,0,1,1,0,1,0,0,1,0,0,0,1,1,1,1,1,1,0.331790992734227
"3","C15003",6143,"P41",48,"S11","A34","A172","E75","A92","A101",4,58,"A153",2,1,"A201",1,0,1,0,1,0,1,0,0,1,0,0,1,1,1,1,0,1,1,0.55382698175467
"983","C15983",1480,"P40",12,"S13","A34","A171","E71","A93","A101",4,66,"A153",3,1,"A201",0,1,0,0,0,1,0,0,0,1,1,0,0,1,1,1,0,0,1,0.119070293471697
"3187","C18187",1274,"P40",12,"S11","A32","A172","E72","A92","A101",1,37,"A152",1,1,"A201",1,0,1,0,0,1,1,0,0,0,1,0,1,1,0,1,0,0,0,0.497297056415847
"973","C15973",1313,"P42",9,"S14","A32","A173","E75","A93","A101",4,20,"A152",1,1,"A201",0,0,0,1,0,0,0,0,0,0,0,0,0,1,0,1,1,0,1,0.100879418587663
"3679","C18679",996,"P45",12,"S14","A34","A173","E74","A92","A101",4,23,"A152",2,1,"A201",0,0,0,1,0,1,0,0,0,1,0,0,1,1,0,1,1,0,1,0.0799370288159394
"1391","C16391",9283,"P41",42,"S12","A31","A174","E71","A93","A101",2,55,"A153",1,1,"A201",0,0,0,0,1,0,0,1,1,0,1,0,0,1,1,1,0,1,1,0.775855438413782
"3107","C18107",5848,"P43",36,"S13","A32","A173","E73","A93","A101",1,24,"A152",1,1,"A201",0,0,0,1,1,0,0,0,0,0,0,1,0,1,0,1,1,1,0,0.0947011540665535
"4212","C19212",1216,"P40",18,"S11","A32","A173","E72","A92","A101",3,23,"A151",1,1,"A201",1,0,0,1,0,1,1,0,0,0,1,0,1,1,1,1,1,0,1,0.711654621196058
"523","C15523",9572,"P49",36,"S14","A33","A173","E72","A91","A101",1,28,"A152",2,1,"A201",1,0,0,1,0,1,0,0,0,0,1,0,1,1,0,1,1,1,0,0.283497213926093
"577","C15577",727,"P46",10,"S14","A32","A173","E75","A93","A101",4,46,"A153",1,1,"A201",0,0,0,1,0,1,0,0,0,0,0,0,0,1,1,1,0,0,1,0.140578302526999
"3061","C18061",7758,"P41",24,"S12","A34","A173","E75","A92","A101",4,29,"A151",1,1,"A201",0,0,0,1,1,0,0,1,0,1,0,0,1,1,1,1,1,1,1,0.251418895062597
"4528","C19528",1318,"P40",12,"S12","A32","A173","E75","A93","A101",4,54,"A152",1,1,"A201",0,0,0,1,0,1,0,1,0,0,0,0,0,1,0,1,0,0,1,0.293047773292849
"3764","C18764",2718,"P40",24,"S12","A32","A172","E73","A92","A101",4,20,"A151",1,1,"A201",1,0,1,0,0,1,0,1,0,0,0,1,1,1,1,1,1,0,1,0.544777786448967
"4382","C19382",2303,"P40",24,"S11","A32","A173","E75","A93","A102",1,45,"A152",1,1,"A201",1,0,0,1,0,1,1,0,0,0,0,0,0,1,0,1,0,0,0,0.414913417356367
"318","C15318",2292,"P49",12,"S14","A34","A174","E71","A93","A101",2,42,"A152",2,1,"A201",1,0,0,0,0,1,0,0,0,1,1,0,0,1,0,1,0,0,1,0.087466277277957
"2073","C17073",5433,"P41",24,"S14","A32","A174","E71","A92","A101",4,26,"A151",1,1,"A201",0,0,0,0,1,0,0,0,0,0,1,0,1,1,1,1,1,1,1,0.22967545075133
"3163","C18163",3079,"P40",36,"S14","A32","A173","E73","A93","A101",4,36,"A152",1,1,"A201",0,0,0,1,0,1,0,0,0,0,0,1,0,1,0,1,0,0,1,0.216071467193813
"392","C15392",1835,"P43",21,"S11","A32","A173","E73","A92","A101",2,25,"A152",2,1,"A201",1,0,0,1,1,0,1,0,0,0,0,1,1,1,0,1,1,0,1,0.412481681132532
"4474","C19474",7824,"P41",28,"S14","A31","A173","E72","A93","A103",4,40,"A151",2,2,"A201",0,0,0,1,1,0,0,0,1,0,1,0,0,0,1,1,0,1,1,0.266045227580619
"1140","C16140",5801,"P42",12,"S14","A34","A173","E75","A93","A101",4,49,"A151",1,1,"A201",0,0,0,1,0,0,0,0,0,1,0,0,0,1,1,1,0,1,1,0.0819195068759499
"224","C15224",3965,"P43",42,"S11","A32","A173","E72","A93","A101",3,34,"A152",1,1,"A201",1,0,0,1,1,0,1,0,0,0,1,0,0,1,0,1,0,0,1,0.609109050378517
"3090","C18090",2255,"P40",24,"S14","A32","A173","E72","A93","A101",1,54,"A152",1,1,"A201",0,0,0,1,0,1,0,0,0,0,1,0,0,1,0,1,0,0,0,0.161963361336239
"3542","C18542",932,"P43",6,"S14","A33","A173","E73","A92","A101",2,24,"A152",1,1,"A201",0,0,0,1,1,0,0,0,0,0,0,1,1,1,0,1,1,0,1,0.071204993488598
"4549","C19549",10222,"P43",48,"S14","A32","A173","E74","A93","A101",3,37,"A152",1,1,"A201",0,0,0,1,1,0,0,0,0,0,0,0,0,1,0,1,0,1,1,0.184331573193986
"1649","C16649",1908,"P49",30,"S13","A33","A174","E75","A93","A101",4,66,"A152",1,1,"A201",1,0,0,0,0,1,0,0,0,0,0,0,0,1,0,1,0,0,1,0.184156275345094
"1292","C16292",2910,"P41",24,"S11","A32","A174","E74","A93","A101",1,34,"A153",1,1,"A201",0,0,0,0,1,0,1,0,0,0,0,0,0,1,1,1,0,0,0,0.354800452032066
"360","C15360",7721,"P42",24,"S11","A32","A173","E72","A92","A101",2,30,"A152",1,1,"A202",0,0,0,1,0,0,1,0,0,0,1,0,1,1,0,0,0,1,1,0.383682282607725
"4733","C19733",884,"P40",18,"S12","A34","A173","E75","A93","A101",4,36,"A152",1,2,"A201",1,0,0,1,0,1,0,1,0,1,0,0,0,1,0,1,0,0,1,0.205294295048216
"801","C15801",2121,"P40",12,"S11","A34","A173","E73","A93","A101",2,30,"A152",2,1,"A201",0,0,0,1,0,1,1,0,0,1,0,1,0,1,0,1,0,0,1,0.260192163467025
"2410","C17410",7865,"P42",12,"S11","A32","A174","E75","A93","A101",4,53,"A153",1,1,"A201",1,0,0,0,0,0,1,0,0,0,0,0,0,1,1,1,0,1,1,0.492842296808832
"4656","C19656",4771,"P43",11,"S12","A33","A173","E74","A93","A101",4,51,"A152",1,1,"A201",0,0,0,1,1,0,0,1,0,0,0,0,0,1,0,1,0,0,1,0.180651796609543
"4246","C19246",3161,"P49",24,"S11","A31","A173","E73","A93","A101",2,31,"A151",1,1,"A201",1,0,0,1,0,1,1,0,1,0,0,1,0,1,1,1,0,0,1,0.791420855800797
"1533","C16533",2134,"P40",9,"S14","A34","A173","E73","A93","A101",4,48,"A152",3,1,"A201",0,0,0,1,0,1,0,0,0,1,0,1,0,1,0,1,0,0,1,0.0541605236726375
"2087","C17087",3763,"P40",21,"S11","A32","A172","E74","A93","A102",2,24,"A152",1,1,"A202",0,0,1,0,0,1,1,0,0,0,0,0,0,1,0,0,1,0,1,0.21313187886904
"371","C15371",3535,"P40",36,"S14","A34","A173","E74","A93","A101",4,37,"A152",2,1,"A201",0,0,0,1,0,1,0,0,0,1,0,0,0,1,0,1,0,0,1,0.123322319923173
"3861","C18861",4679,"P41",24,"S14","A33","A172","E74","A93","A101",3,35,"A152",2,1,"A201",0,0,1,0,1,0,0,0,0,0,0,0,0,1,0,1,0,0,1,0.0922732073318229
"4573","C19573",4297,"P42",18,"S12","A33","A174","E75","A91","A101",3,40,"A152",1,1,"A201",1,0,0,0,0,0,0,1,0,0,0,0,1,1,0,1,0,0,1,0.410029101454804
"3302","C18302",2662,"P40",18,"S14","A32","A173","E74","A93","A101",3,32,"A152",1,1,"A202",0,0,0,1,0,1,0,0,0,0,0,0,0,1,0,0,0,0,1,0.0422371479488261
"771","C15771",2964,"P41",24,"S11","A32","A173","E75","A93","A101",4,49,"A153",1,2,"A201",0,0,0,1,1,0,1,0,0,0,0,0,0,1,1,1,0,0,1,0.443444091625029
"2040","C17040",3780,"P42",18,"S14","A34","A174","E72","A91","A101",2,35,"A152",2,1,"A201",0,0,0,0,0,0,0,0,0,1,1,0,1,1,0,1,0,0,1,0.138454114162756
"4751","C19751",2333,"P43",30,"S14","A32","A174","E75","A93","A101",2,30,"A152",1,1,"A201",0,0,0,0,1,0,0,0,0,0,0,0,0,1,0,1,0,0,1,0.110419804040948
"281","C15281",3349,"P42",24,"S11","A31","A173","E72","A93","A101",4,30,"A153",1,2,"A201",1,0,0,1,0,0,1,0,1,0,1,0,0,1,1,1,0,0,1,0.851800807059192
"3653","C18653",1264,"P49",12,"S14","A34","A172","E75","A93","A101",4,57,"A151",1,1,"A201",0,0,1,0,0,1,0,0,0,1,0,0,0,1,1,1,0,0,1,0.0819195068759499
"1350","C16350",2348,"P42",36,"S11","A34","A173","E73","A94","A101",2,46,"A152",2,1,"A201",0,0,0,1,0,0,1,0,0,1,0,1,0,1,0,1,0,0,1,0.438795432070886
"4982","C19982",1309,"P40",10,"S14","A32","A172","E73","A93","A103",4,27,"A152",1,1,"A201",1,0,1,0,0,1,0,0,0,0,0,1,0,0,0,1,1,0,1,0.0607893824907519
"1398","C16398",1592,"P42",12,"S14","A34","A173","E74","A92","A101",2,35,"A152",1,1,"A202",0,0,0,1,0,0,0,0,0,1,0,0,1,1,0,0,0,0,1,0.0246840066344317
"168","C15168",1262,"P42",12,"S11","A32","A172","E75","A91","A101",4,49,"A152",1,1,"A201",0,0,1,0,0,0,1,0,0,0,0,0,1,1,0,1,0,0,1,0.48618157719108
"2323","C17323",2528,"P49",27,"S12","A32","A173","E72","A92","A101",1,32,"A152",1,2,"A201",0,0,0,1,0,1,0,1,0,0,1,0,1,1,0,1,0,0,0,0.495056413889214
"3039","C18039",1288,"P45",9,"S11","A34","A173","E75","A93","A103",4,48,"A152",2,2,"A202",0,0,0,1,0,1,1,0,0,1,0,0,0,0,0,0,0,0,1,0.0491883379317303
"4042","C19042",4042,"P41",24,"S14","A34","A173","E74","A93","A101",4,43,"A152",2,1,"A201",0,0,0,1,1,0,0,0,0,1,0,0,0,1,0,1,0,0,1,0.0493213537580633
"115","C15115",339,"P48",12,"S11","A31","A172","E75","A94","A101",1,45,"A152",1,1,"A201",0,0,1,0,1,0,1,0,1,0,0,0,0,1,0,1,0,0,0,0.406492157204495
"4942","C19942",2327,"P43",15,"S13","A32","A172","E72","A92","A101",3,25,"A152",1,1,"A201",1,0,1,0,1,0,0,0,0,0,1,0,1,1,0,1,1,0,1,0.135468711415615
"4937","C19937",3857,"P41",30,"S11","A32","A174","E73","A91","A101",4,40,"A152",1,1,"A201",0,0,0,0,1,0,1,0,0,0,0,1,1,1,0,1,0,0,1,0.486472942768352
"4198","C19198",929,"P42",24,"S14","A32","A173","E74","A93","A101",2,31,"A152",1,1,"A201",0,0,0,1,0,0,0,0,0,0,0,0,0,1,0,1,0,0,1,0.156016974968144
"3073","C18073",2647,"P43",6,"S11","A32","A173","E73","A93","A101",3,44,"A151",1,2,"A201",0,0,0,1,1,0,1,0,0,0,0,1,0,1,1,1,0,0,1,0.304410135662704
"1998","C16998",3609,"P49",48,"S14","A31","A173","E73","A92","A101",1,27,"A152",1,1,"A201",0,0,0,1,0,1,0,0,1,0,0,1,1,1,0,1,1,0,0,0.504919875912734
"3648","C18648",3777,"P42",24,"S14","A34","A173","E73","A93","A101",4,50,"A152",1,1,"A201",0,0,0,1,0,0,0,0,0,1,0,1,0,1,0,1,0,0,1,0.0862113939182156
"177","C15177",5248,"P41",21,"S14","A32","A173","E73","A93","A101",3,26,"A152",1,1,"A201",0,0,0,1,1,0,0,0,0,0,0,1,0,1,0,1,1,1,1,0.0842423219804137
"3300","C18300",1743,"P43",24,"S12","A34","A172","E75","A93","A101",2,48,"A152",2,1,"A201",0,0,1,0,1,0,0,1,0,1,0,0,0,1,0,1,0,0,1,0.147817799794763
"1557","C16557",3386,"P41",12,"S11","A32","A173","E75","A93","A101",4,35,"A153",1,1,"A201",1,0,0,1,1,0,1,0,0,0,0,0,0,1,1,1,0,0,1,0.348269432476528
"3701","C18701",10974,"P42",36,"S14","A32","A174","E71","A92","A101",2,26,"A152",2,1,"A201",1,0,0,0,0,0,0,0,0,0,1,0,1,1,0,1,1,1,1,0.364387412536259
"2390","C17390",2186,"P42",15,"S14","A32","A172","E74","A92","A101",4,33,"A151",1,1,"A201",0,0,1,0,0,0,0,0,0,0,0,0,1,1,1,1,0,0,1,0.209655877134545
"1225","C16225",7228,"P40",11,"S14","A34","A172","E73","A93","A101",4,39,"A152",2,1,"A201",0,0,1,0,0,1,0,0,0,1,0,1,0,1,0,1,0,1,1,0.0576740401649795
"3573","C18573",3763,"P40",21,"S11","A32","A172","E74","A93","A102",2,24,"A152",1,1,"A202",0,0,1,0,0,1,1,0,0,0,0,0,0,1,0,0,1,0,1,0.21313187886904
"409","C15409",1381,"P40",24,"S11","A32","A173","E73","A92","A101",2,35,"A152",1,1,"A201",1,0,0,1,0,1,1,0,0,0,0,1,1,1,0,1,0,0,1,0.585203389657111
"3710","C18710",682,"P40",12,"S14","A34","A173","E74","A92","A101",3,51,"A152",2,1,"A201",0,0,0,1,0,1,0,0,0,1,0,0,1,1,0,1,0,0,1,0.0799370288159394
"1234","C16234",7238,"P43",48,"S14","A33","A173","E75","A93","A101",3,32,"A152",2,2,"A201",0,0,0,1,1,0,0,0,0,0,0,0,0,1,0,1,0,1,1,0.184331573193986
"3356","C18356",3973,"P40",14,"S11","A32","A173","E71","A93","A101",4,22,"A153",1,1,"A201",0,0,0,1,0,1,1,0,0,0,1,0,0,1,1,1,1,0,1,0.611406405520964
"4296","C19296",6761,"P40",6,"S14","A34","A174","E74","A93","A101",3,45,"A152",2,2,"A201",0,0,0,0,0,1,0,0,0,1,0,0,0,1,0,1,0,1,1,0.0492666945196244
"363","C15363",5965,"P41",27,"S12","A33","A174","E75","A93","A101",2,30,"A152",2,1,"A201",0,0,0,0,1,0,0,1,0,0,0,0,0,1,0,1,0,1,1,0.273025571312422
"3805","C18805",1108,"P45",12,"S11","A30","A173","E74","A93","A101",3,28,"A152",2,1,"A201",1,0,0,1,0,1,1,0,1,0,0,0,0,1,0,1,1,0,1,0.643444182976917
"3572","C18572",1537,"P43",15,"S12","A34","A173","E75","A93","A103",4,50,"A152",2,1,"A201",0,0,0,1,1,0,0,1,0,1,0,0,0,0,0,1,0,0,1,0.0669298240600406
"1715","C16715",2238,"P43",18,"S14","A34","A173","E73","A92","A101",1,25,"A152",2,1,"A201",0,0,0,1,1,0,0,0,0,1,0,1,1,1,0,1,1,0,0,0.0387053273262598
"1458","C16458",6614,"P40",36,"S14","A34","A174","E75","A93","A101",4,34,"A152",2,1,"A201",0,0,0,0,0,1,0,0,0,1,0,0,0,1,0,1,0,1,1,0.123322319923173
"912","C15912",3060,"P43",48,"S12","A32","A173","E74","A93","A101",4,28,"A152",2,1,"A201",1,0,0,1,1,0,0,1,0,0,0,0,0,1,0,1,1,0,1,0.430386915899353
"2533","C17533",1984,"P42",18,"S14","A32","A173","E73","A93","A101",4,47,"A153",2,1,"A201",0,0,0,1,0,0,0,0,0,0,0,1,0,1,1,1,0,0,1,0.175927124975663
"3950","C18950",1546,"P43",24,"S11","A31","A172","E74","A93","A103",4,24,"A151",1,1,"A201",1,0,1,0,1,0,1,0,1,0,0,0,0,0,1,1,1,0,1,0.537943818422217
"2356","C17356",1371,"P40",24,"S11","A32","A173","E73","A92","A101",4,25,"A151",1,1,"A201",1,0,0,1,0,1,1,0,0,0,0,1,1,1,1,1,1,0,1,0.665494948733669
"2610","C17610",3509,"P43",18,"S11","A32","A173","E74","A92","A103",1,25,"A152",1,1,"A201",0,0,0,1,1,0,1,0,0,0,0,0,1,0,0,1,1,0,0,0.196579672740137
"2959","C17959",1223,"P40",12,"S12","A32","A173","E75","A91","A101",1,46,"A151",2,1,"A201",1,0,0,1,0,1,0,1,0,0,0,0,1,1,1,1,0,0,0,0.356480027043993
"2355","C17355",915,"P40",24,"S11","A32","A173","E75","A92","A101",2,29,"A152",1,1,"A201",1,0,0,1,0,1,1,0,0,0,0,0,1,1,0,1,1,0,1,0.585203389657111
"4493","C19493",1352,"P41",6,"S11","A32","A171","E71","A92","A101",2,23,"A151",1,1,"A201",0,1,0,0,1,0,1,0,0,0,1,0,1,1,1,1,1,0,1,0.476505498156119
"72","C15072",1330,"P40",12,"S13","A32","A173","E72","A93","A101",1,26,"A152",1,1,"A201",0,0,0,1,0,1,0,0,0,0,1,0,0,1,0,1,1,0,0,0.114746306397475
"212","C15212",385,"P43",12,"S11","A34","A172","E74","A92","A101",3,58,"A152",4,1,"A201",0,0,1,0,1,0,1,0,0,1,0,0,1,1,0,1,0,0,1,0.209831867234025
"4126","C19126",9055,"P46",36,"S14","A32","A172","E73","A93","A101",4,35,"A153",1,2,"A201",0,0,1,0,0,1,0,0,0,0,0,1,0,1,1,1,0,1,1,0.279891326240207
"3415","C18415",2292,"P49",12,"S14","A34","A174","E71","A93","A101",2,42,"A152",2,1,"A201",1,0,0,0,0,1,0,0,0,1,1,0,0,1,0,1,0,0,1,0.087466277277957
"4857","C19857",2671,"P43",36,"S12","A32","A173","E73","A92","A102",4,50,"A153",1,1,"A201",1,0,0,1,1,0,0,1,0,0,0,1,1,1,1,1,0,0,1,0.495257434727835
"2885","C17885",2759,"P42",12,"S14","A30","A173","E75","A93","A101",4,34,"A152",2,1,"A201",0,0,0,1,0,0,0,0,1,0,0,0,0,1,0,1,0,0,1,0.245095868641083
"2900","C17900",1206,"P43",9,"S12","A32","A173","E75","A92","A101",4,25,"A152",1,1,"A201",0,0,0,1,1,0,0,1,0,0,0,0,1,1,0,1,1,0,1,0.220722435575726
"1753","C16753",7855,"P40",36,"S14","A34","A173","E73","A92","A101",2,25,"A152",2,1,"A201",1,0,0,1,0,1,0,0,0,1,0,1,1,1,0,1,1,1,1,0.161882834668549
"3601","C18601",10222,"P43",48,"S14","A32","A173","E74","A93","A101",3,37,"A152",1,1,"A201",0,0,0,1,1,0,0,0,0,0,0,0,0,1,0,1,0,1,1,0.184331573193986
"2425","C17425",1943,"P45",18,"S14","A32","A173","E72","A92","A101",4,23,"A152",1,1,"A201",1,0,0,1,0,1,0,0,0,0,1,0,1,1,0,1,1,0,1,0.239474990802619
"3923","C18923",11938,"P50",24,"S12","A34","A174","E73","A93","A102",3,39,"A152",2,2,"A201",1,0,0,0,0,1,0,1,0,1,0,1,0,1,0,1,0,1,1,0.239796071390021
"2452","C17452",701,"P46",12,"S14","A34","A173","E73","A93","A101",2,32,"A152",2,1,"A201",0,0,0,1,0,1,0,0,0,1,0,1,0,1,0,1,0,0,1,0.059510045437248
"4013","C19013",2751,"P41",48,"S14","A34","A173","E75","A93","A101",3,38,"A152",2,2,"A201",0,0,0,1,1,0,0,0,0,1,0,0,0,1,0,1,0,0,1,0.103409619486763
"2602","C17602",1185,"P49",12,"S14","A34","A173","E73","A92","A101",2,27,"A152",2,1,"A201",0,0,0,1,0,1,0,0,0,1,0,1,1,1,0,1,1,0,1,0.0799370288159394
"1875","C16875",1553,"P42",18,"S11","A31","A173","E73","A93","A101",3,44,"A152",1,1,"A201",1,0,0,1,0,0,1,0,1,0,0,1,0,1,0,1,0,0,1,0.687847208868979
"4203","C19203",3939,"P40",11,"S11","A34","A172","E73","A93","A101",2,40,"A152",2,2,"A201",0,0,1,0,0,1,1,0,0,1,0,1,0,1,0,1,0,0,1,0.253835764803993
"3138","C18138",3578,"P43",48,"S14","A34","A173","E75","A93","A101",1,47,"A152",1,1,"A201",0,0,0,1,1,0,0,0,0,1,0,0,0,1,0,1,0,0,0,0.0737331866735052
"4957","C19957",1538,"P46",6,"S14","A32","A173","E72","A92","A101",2,56,"A152",1,1,"A201",0,0,0,1,0,1,0,0,0,0,1,0,1,1,0,1,0,0,1,0.174362559758996
"82","C15082",12976,"P41",18,"S12","A32","A174","E71","A92","A101",4,38,"A153",1,1,"A201",1,0,0,0,1,0,0,1,0,0,1,0,1,1,1,1,0,1,1,0.449454468522069
"4901","C19901",12612,"P46",36,"S12","A32","A173","E73","A93","A101",4,47,"A153",1,2,"A201",1,0,0,1,0,1,0,1,0,0,0,1,0,1,1,1,0,1,1,0.565127458883794
"2167","C17167",2136,"P42",9,"S11","A32","A173","E73","A93","A101",2,25,"A152",1,1,"A201",0,0,0,1,0,0,1,0,0,0,0,1,0,1,0,1,1,0,1,0.384094385433064
"3884","C18884",1940,"P40",24,"S14","A34","A173","E75","A93","A101",4,60,"A152",1,1,"A201",0,0,0,1,0,1,0,0,0,1,0,0,0,1,0,1,0,0,1,0.0862113939182156
"3592","C18592",1237,"P42",8,"S12","A32","A173","E73","A92","A101",4,24,"A152",1,1,"A201",1,0,0,1,0,0,0,1,0,0,0,1,1,1,0,1,1,0,1,0.332538178979237
"3774","C18774",1216,"P43",24,"S12","A34","A173","E72","A93","A101",4,38,"A152",2,2,"A201",1,0,0,1,1,0,0,1,0,1,1,0,0,1,0,1,0,0,1,0.208080321046108
"1625","C16625",5507,"P45",24,"S14","A34","A173","E75","A93","A101",4,44,"A153",2,1,"A201",0,0,0,1,0,1,0,0,0,1,0,0,0,1,1,1,0,1,1,0.117420330026183
"3860","C18860",5003,"P40",21,"S14","A30","A173","E73","A92","A101",4,29,"A152",2,1,"A201",1,0,0,1,0,1,0,0,1,0,0,1,1,1,0,1,1,1,1,0.375593484282728
"669","C15669",1512,"P45",15,"S12","A33","A173","E73","A94","A101",3,61,"A152",2,1,"A201",1,0,0,1,0,1,0,1,0,0,0,1,0,1,0,1,0,0,1,0.314155526700482
"4766","C19766",3832,"P46",9,"S14","A32","A172","E75","A93","A101",4,64,"A152",1,1,"A201",0,0,1,0,0,1,0,0,0,0,0,0,0,1,0,1,0,0,1,0.100879418587663
"2943","C17943",2511,"P40",15,"S11","A32","A173","E71","A92","A101",4,23,"A151",1,1,"A201",0,0,0,1,0,1,1,0,0,0,1,0,1,1,1,1,1,0,1,0.690737403701799
"4313","C19313",3643,"P42",15,"S11","A33","A172","E75","A92","A101",4,27,"A152",2,1,"A201",0,0,1,0,0,0,1,0,0,0,0,0,1,1,0,1,1,0,1,0.511142395346445
"2571","C17571",1249,"P40",24,"S14","A32","A173","E72","A94","A101",2,28,"A152",1,1,"A201",0,0,0,1,0,1,0,0,0,0,1,0,0,1,0,1,1,0,1,0.218764052120376
"4894","C19894",5381,"P50",48,"S12","A32","A171","E71","A93","A101",4,40,"A153",1,1,"A201",0,1,0,0,0,1,0,1,0,0,1,0,0,1,1,1,0,1,1,0.745876820508206
"268","C15268",10974,"P42",36,"S14","A32","A174","E71","A92","A101",2,26,"A152",2,1,"A201",1,0,0,0,0,0,0,0,0,0,1,0,1,1,0,1,1,1,1,0.364387412536259
"4272","C19272",4455,"P49",36,"S12","A33","A174","E73","A91","A101",2,30,"A152",2,1,"A201",1,0,0,0,0,1,0,1,0,0,0,1,1,1,0,1,0,0,1,0.558565765564914
"530","C15530",12749,"P43",48,"S14","A33","A174","E74","A93","A101",1,37,"A152",1,1,"A201",0,0,0,0,1,0,0,0,0,0,0,0,0,1,0,1,0,1,0,0.134927001534962
"390","C15390",15945,"P49",54,"S12","A30","A173","E72","A93","A101",4,58,"A151",1,1,"A201",1,0,0,1,0,1,0,1,1,0,1,0,0,1,1,1,0,1,1,0.903711039553635
"3880","C18880",5954,"P43",30,"S14","A34","A173","E74","A93","A102",2,38,"A152",1,1,"A201",0,0,0,1,1,0,0,0,0,1,0,0,0,1,0,1,0,1,1,0.0595753570931899
"2239","C17239",2978,"P49",24,"S14","A33","A173","E73","A93","A101",4,32,"A152",2,2,"A201",0,0,0,1,0,1,0,0,0,0,0,1,0,1,0,1,0,0,1,0.156016974968144
"1486","C16486",886,"P43",12,"S14","A32","A173","E73","A92","A101",2,21,"A152",1,1,"A201",0,0,0,1,1,0,0,0,0,0,0,1,1,1,0,1,1,0,1,0.085598997180936
"3937","C18937",2251,"P42",12,"S13","A32","A172","E73","A92","A101",2,46,"A152",1,1,"A201",0,0,1,0,0,0,0,0,0,0,0,1,1,1,0,1,0,0,1,0.14547101254588
"141","C15141",2366,"P40",12,"S12","A34","A174","E74","A91","A101",3,36,"A152",1,1,"A201",0,0,0,0,0,1,0,1,0,1,0,0,1,1,0,1,0,0,1,0.225097445953233
"4534","C19534",3566,"P49",48,"S12","A31","A173","E74","A93","A101",2,30,"A152",1,1,"A201",0,0,0,1,0,1,0,1,1,0,0,0,0,1,0,1,0,0,1,0.782523728830962
"3020","C18020",1393,"P46",12,"S14","A32","A173","E75","A93","A101",4,47,"A152",3,2,"A201",0,0,0,1,0,1,0,0,0,0,0,0,0,1,0,1,0,0,1,0.110305290232065
"994","C15994",4623,"P46",15,"S14","A32","A174","E73","A93","A101",2,40,"A152",1,1,"A201",1,0,0,0,0,1,0,0,0,0,0,1,0,1,0,1,0,0,1,0.120493858525528
"1401","C16401",1469,"P40",24,"S14","A32","A172","E75","A94","A101",4,41,"A151",1,1,"A201",0,0,1,0,0,1,0,0,0,0,0,0,0,1,1,1,0,0,1,0.20677762631139
"765","C15765",1503,"P41",12,"S14","A33","A173","E73","A94","A101",4,41,"A151",1,1,"A201",0,0,0,1,1,0,0,0,0,0,0,1,0,1,1,1,0,0,1,0.087708508835187
"3523","C18523",3249,"P40",36,"S11","A32","A174","E74","A93","A101",4,39,"A153",1,2,"A201",0,0,0,0,0,1,1,0,0,0,0,0,0,1,1,1,0,0,1,0.683582560245265
"643","C15643",1343,"P40",6,"S13","A34","A173","E75","A93","A101",4,46,"A152",2,2,"A202",0,0,0,1,0,1,0,0,0,1,0,0,0,1,0,0,0,0,1,0.0148705785577811
"3615","C18615",3414,"P46",21,"S11","A33","A173","E72","A93","A101",1,26,"A152",2,1,"A201",1,0,0,1,0,1,1,0,0,0,1,0,0,1,0,1,1,0,0,0.492932822408665
"1454","C16454",1494,"P40",4,"S13","A32","A172","E72","A93","A101",2,29,"A152",1,2,"A202",0,0,1,0,0,1,0,0,0,0,1,0,0,1,0,0,1,0,1,0.0402311313257749
"1643","C16643",4870,"P40",24,"S11","A33","A173","E73","A93","A101",4,53,"A153",2,2,"A201",1,0,0,1,0,1,1,0,0,0,0,1,0,1,1,1,0,0,1,0.591658592333925
"2765","C17765",682,"P40",12,"S14","A34","A173","E74","A92","A101",3,51,"A152",2,1,"A201",0,0,0,1,0,1,0,0,0,1,0,0,1,1,0,1,0,0,1,0.0799370288159394
"425","C15425",5742,"P49",36,"S14","A32","A173","E74","A93","A101",2,31,"A152",2,1,"A201",0,0,0,1,0,1,0,0,0,0,0,0,0,1,0,1,0,1,1,0.216071467193813
"97","C15097",4281,"P42",33,"S11","A34","A173","E73","A92","A101",4,23,"A152",2,1,"A201",1,0,0,1,0,0,1,0,0,1,0,1,1,1,0,1,1,0,1,0.492784502837146
"4357","C19357",3599,"P42",21,"S11","A32","A172","E74","A92","A101",4,26,"A151",1,1,"A201",0,0,1,0,0,0,1,0,0,0,0,0,1,1,1,1,1,0,1,0.642909412451248
"2562","C17562",3399,"P43",12,"S13","A32","A174","E75","A93","A101",3,37,"A152",1,1,"A201",0,0,0,0,1,0,0,0,0,0,0,0,0,1,0,1,0,0,1,0.0638255324815497
"3429","C18429",7966,"P41",26,"S12","A32","A173","E72","A93","A101",3,30,"A152",2,1,"A201",0,0,0,1,1,0,0,1,0,0,1,0,0,1,0,1,0,1,1,0.354954790807275
"3911","C18911",7629,"P49",48,"S14","A34","A174","E75","A91","A101",2,46,"A152",2,2,"A201",0,0,0,0,0,1,0,0,0,1,0,0,1,1,0,1,0,1,1,0.223597042136655
"3309","C18309",8086,"P40",36,"S12","A33","A174","E75","A93","A101",4,42,"A152",4,1,"A201",1,0,0,0,0,1,0,1,0,0,0,0,0,1,0,1,0,1,1,0.479583959413556
"4291","C19291",7485,"P41",30,"S14","A31","A174","E71","A92","A101",1,53,"A152",1,1,"A201",1,0,0,0,1,0,0,0,1,0,1,0,1,1,0,1,0,1,0,0.318158791892893
"194","C15194",1494,"P40",4,"S13","A32","A172","E72","A93","A101",2,29,"A152",1,2,"A202",0,0,1,0,0,1,0,0,0,0,1,0,0,1,0,0,1,0,1,0.0402311313257749
"3957","C18957",2812,"P41",24,"S11","A32","A173","E75","A92","A101",4,26,"A151",1,1,"A201",0,0,0,1,1,0,1,0,0,0,0,0,1,1,1,1,1,0,1,0.522449149705247
"3791","C18791",409,"P43",12,"S13","A31","A173","E73","A92","A101",3,42,"A151",2,1,"A201",0,0,0,1,1,0,0,0,1,0,0,1,1,1,1,1,0,0,1,0.256888766634295
"3395","C18395",4686,"P41",36,"S14","A32","A174","E73","A93","A101",2,32,"A153",1,1,"A201",0,0,0,0,1,0,0,0,0,0,0,1,0,1,1,1,0,0,1,0.176096280303628
"1650","C16650",1410,"P48",12,"S12","A30","A172","E73","A93","A101",2,31,"A152",1,1,"A201",0,0,1,0,1,0,0,1,1,0,0,1,0,1,0,1,0,0,1,0.373796389630053
"185","C15185",5493,"P41",36,"S11","A32","A173","E75","A93","A101",4,42,"A153",1,2,"A201",0,0,0,1,1,0,1,0,0,0,0,0,0,1,1,1,0,1,1,0.542959575984832
"1595","C16595",1845,"P42",15,"S11","A32","A173","E72","A92","A103",1,46,"A151",1,1,"A201",0,0,0,1,0,0,1,0,0,0,1,0,1,0,1,1,0,0,0,0.462405868078464
"1198","C16198",4796,"P41",42,"S13","A34","A173","E75","A93","A101",4,56,"A153",1,1,"A201",0,0,0,1,1,0,0,0,0,1,0,0,0,1,1,1,0,0,1,0.117541254476156
"4930","C19930",6350,"P42",30,"S11","A32","A173","E75","A93","A101",4,31,"A152",1,1,"A201",1,0,0,1,0,0,1,0,0,0,0,0,0,1,0,1,0,1,1,0.556469973828527
"1585","C16585",7966,"P41",26,"S12","A32","A173","E72","A93","A101",3,30,"A152",2,1,"A201",0,0,0,1,1,0,0,1,0,0,1,0,0,1,0,1,0,1,1,0.354954790807275
"1331","C16331",2331,"P43",12,"S14","A34","A173","E75","A93","A102",4,49,"A152",1,1,"A201",0,0,0,1,1,0,0,0,0,1,0,0,0,1,0,1,0,0,1,0.0336251372854894
"3318","C18318",1413,"P43",24,"S14","A32","A173","E73","A94","A101",2,28,"A152",1,1,"A201",0,0,0,1,1,0,0,0,0,0,0,1,0,1,0,1,1,0,1,0.0922732073318229
"3692","C18692",1092,"P43",12,"S12","A32","A173","E73","A92","A103",4,49,"A152",2,1,"A201",0,0,0,1,1,0,0,1,0,0,0,1,1,0,0,1,0,0,1,0.148676648019088
"2001","C17001",958,"P40",12,"S12","A34","A172","E74","A93","A101",3,47,"A152",2,2,"A201",0,0,1,0,0,1,0,1,0,1,0,0,0,1,0,1,0,0,1,0.17461638385841
"4521","C19521",2353,"P40",21,"S12","A33","A173","E73","A91","A101",4,47,"A152",2,1,"A201",0,0,0,1,0,1,0,1,0,0,0,1,1,1,0,1,0,0,1,0.4343855046698
"455","C15455",4788,"P41",48,"S11","A32","A173","E74","A93","A101",3,26,"A152",1,2,"A201",0,0,0,1,1,0,1,0,0,0,0,0,0,1,0,1,1,0,1,0.556757819187116
"961","C15961",1659,"P43",24,"S11","A33","A172","E72","A92","A101",2,29,"A151",1,1,"A201",1,0,1,0,1,0,1,0,0,0,1,0,1,1,1,1,1,0,1,0.623666751802708
"4164","C19164",3149,"P42",24,"S11","A32","A173","E72","A93","A101",1,22,"A153",1,1,"A201",0,0,0,1,0,0,1,0,0,0,1,0,0,1,1,1,1,0,0,0.602358526731793
"3282","C18282",1940,"P43",18,"S11","A31","A174","E72","A93","A102",4,36,"A153",1,1,"A201",0,0,0,0,1,0,1,0,1,0,1,0,0,1,1,1,0,0,1,0.721325069896907
"4460","C19460",1053,"P43",15,"S11","A32","A173","E72","A94","A101",2,27,"A152",1,1,"A202",0,0,0,1,1,0,1,0,0,0,1,0,0,1,0,0,1,0,1,0.155957811918291
"1822","C16822",2360,"P41",15,"S13","A34","A173","E73","A93","A101",2,36,"A152",1,1,"A201",0,0,0,1,1,0,0,0,0,1,0,1,0,1,0,1,0,0,1,0.0370257461679233
"2590","C17590",2337,"P43",36,"S12","A34","A173","E75","A93","A101",4,36,"A152",1,1,"A201",0,0,0,1,1,0,0,1,0,1,0,0,0,1,0,1,0,0,1,0.205484646234441
"3483","C18483",1433,"P42",15,"S11","A34","A173","E73","A92","A101",3,25,"A151",2,1,"A201",0,0,0,1,0,0,1,0,0,1,0,1,1,1,1,1,1,0,1,0.429388994042042
"3872","C18872",672,"P40",6,"S14","A32","A171","E71","A92","A101",4,54,"A152",1,1,"A201",0,1,0,0,0,1,0,0,0,0,1,0,1,1,0,1,0,0,1,0.174362559758996
"1679","C16679",3914,"P49",48,"S14","A32","A173","E73","A91","A101",2,38,"A152",1,1,"A201",1,0,0,1,0,1,0,0,0,0,0,1,1,1,0,1,0,0,1,0.360730078596737
"394","C15394",1372,"P40",12,"S11","A32","A173","E74","A91","A101",3,36,"A152",1,1,"A201",1,0,0,1,0,1,1,0,0,0,0,0,1,1,0,1,0,0,1,0.48618157719108
"2726","C17726",2993,"P41",21,"S14","A33","A172","E73","A93","A101",2,28,"A152",2,1,"A201",0,0,1,0,1,0,0,0,0,0,0,1,0,1,0,1,1,0,1,0.0842423219804137
"3247","C18247",2100,"P43",18,"S13","A32","A173","E73","A93","A102",2,37,"A152",1,1,"A201",1,0,0,1,1,0,0,0,0,0,0,1,0,1,0,1,0,0,1,0.0768512187109175
"372","C15372",343,"P44",6,"S11","A32","A173","E72","A92","A101",1,27,"A152",1,1,"A201",0,0,0,1,0,0,1,0,0,0,1,0,1,1,0,1,1,0,0,0.447558239585575
"1308","C16308",959,"P42",9,"S12","A32","A173","E73","A92","A101",2,29,"A152",1,1,"A202",1,0,0,1,0,0,0,1,0,0,0,1,1,1,0,0,1,0,1,0.130466278395522
"2674","C17674",484,"P43",6,"S12","A32","A172","E74","A94","A103",3,28,"A152",1,1,"A201",0,0,1,0,1,0,0,1,0,0,0,0,0,0,0,1,1,0,1,0.0943364189437495
"3276","C18276",1382,"P49",24,"S11","A34","A173","E74","A93","A101",1,26,"A152",2,1,"A201",0,0,0,1,0,1,1,0,0,1,0,0,0,1,0,1,1,0,0,0.265744972178948
"3989","C18989",484,"P43",6,"S12","A32","A172","E74","A94","A103",3,28,"A152",1,1,"A201",0,0,1,0,1,0,0,1,0,0,0,0,0,0,0,1,1,0,1,0.0943364189437495
"2069","C17069",1231,"P40",10,"S14","A34","A172","E75","A93","A101",4,32,"A152",2,2,"A202",0,0,1,0,0,1,0,0,0,1,0,0,0,1,0,0,0,0,1,0.016952612375923
"2466","C17466",2662,"P40",18,"S14","A32","A173","E74","A93","A101",3,32,"A152",1,1,"A202",0,0,0,1,0,1,0,0,0,0,0,0,0,1,0,0,0,0,1,0.0422371479488261
"3202","C18202",3021,"P42",24,"S11","A32","A172","E73","A91","A101",2,24,"A151",1,1,"A201",0,0,1,0,0,0,1,0,0,0,0,1,1,1,1,1,1,0,1,0.665494948733669
"3726","C18726",5248,"P41",21,"S14","A32","A173","E73","A93","A101",3,26,"A152",1,1,"A201",0,0,0,1,1,0,0,0,0,0,0,1,0,1,0,1,1,1,1,0.0842423219804137
"4447","C19447",9283,"P41",42,"S12","A31","A174","E71","A93","A101",2,55,"A153",1,1,"A201",0,0,0,0,1,0,0,1,1,0,1,0,0,1,1,1,0,1,1,0.775855438413782
"245","C15245",652,"P42",12,"S11","A32","A173","E75","A92","A101",4,24,"A151",1,1,"A201",0,0,0,1,0,0,1,0,0,0,0,0,1,1,1,1,1,0,1,0.571609313138525
"2184","C17184",1603,"P43",24,"S11","A32","A173","E75","A92","A101",4,55,"A152",1,1,"A201",0,0,0,1,1,0,1,0,0,0,0,0,1,1,0,1,0,0,1,0.436875889591206
"1522","C16522",4113,"P41",24,"S12","A32","A173","E72","A92","A101",4,28,"A151",1,1,"A201",1,0,0,1,1,0,0,1,0,0,1,0,1,1,1,1,1,0,1,0.499213589824432
"3670","C18670",701,"P46",12,"S14","A34","A173","E73","A93","A101",2,32,"A152",2,1,"A201",0,0,0,1,0,1,0,0,0,1,0,1,0,1,0,1,0,0,1,0.059510045437248
"4928","C19928",1366,"P43",9,"S11","A32","A173","E72","A92","A101",4,22,"A151",1,1,"A201",1,0,0,1,1,0,1,0,0,0,1,0,1,1,1,1,1,0,1,0.501454362368696
"509","C15509",1331,"P43",12,"S12","A32","A173","E72","A93","A101",1,22,"A152",1,1,"A201",1,0,0,1,1,0,0,1,0,0,1,0,0,1,0,1,1,0,0,0.192449219834364
"3091","C18091",918,"P42",9,"S12","A32","A173","E73","A92","A101",1,30,"A152",1,1,"A201",1,0,0,1,0,0,0,1,0,0,0,1,1,1,0,1,0,0,0,0.262261468007393
"1021","C16021",7228,"P40",11,"S14","A34","A172","E73","A93","A101",4,39,"A152",2,1,"A201",0,0,1,0,0,1,0,0,0,1,0,1,0,1,0,1,0,1,1,0.0576740401649795
"325","C15325",2577,"P42",12,"S11","A32","A173","E73","A91","A101",1,42,"A152",1,1,"A201",0,0,0,1,0,0,1,0,0,0,0,1,1,1,0,1,0,0,0,0.39505895655497
"4056","C19056",1979,"P43",15,"S14","A32","A173","E75","A93","A101",2,35,"A152",1,1,"A201",0,0,0,1,1,0,0,0,0,0,0,0,0,1,0,1,0,0,1,0.070058972687681
"682","C15682",1553,"P43",24,"S12","A33","A173","E74","A92","A101",2,23,"A151",2,1,"A201",0,0,0,1,1,0,0,1,0,0,0,0,1,1,1,1,1,0,1,0.396892556433756
"2804","C17804",932,"P48",6,"S12","A34","A172","E74","A92","A101",3,39,"A152",2,1,"A201",0,0,1,0,1,0,0,1,0,1,0,0,1,1,0,1,0,0,1,0.115683665049801
"4874","C19874",3016,"P43",12,"S13","A32","A173","E73","A94","A101",1,24,"A152",1,1,"A201",0,0,0,1,1,0,0,0,0,0,0,1,0,1,0,1,1,0,0,0.0449395332683648
"87","C15087",11054,"P41",36,"S14","A34","A174","E73","A93","A101",2,30,"A152",1,1,"A201",0,0,0,0,1,0,0,0,0,1,0,1,0,1,0,1,0,1,1,0.0718001806269258
"2257","C17257",1295,"P40",12,"S12","A32","A173","E72","A92","A101",1,25,"A151",1,1,"A201",1,0,0,1,0,1,0,1,0,0,1,0,1,1,1,1,1,0,0,0.456264374140192
"374","C15374",4657,"P41",15,"S14","A32","A173","E73","A93","A101",2,30,"A152",1,1,"A201",0,0,0,1,1,0,0,0,0,0,0,1,0,1,0,1,0,0,1,0.070058972687681
"4461","C19461",2507,"P40",9,"S14","A32","A172","E75","A93","A101",4,51,"A153",1,1,"A201",0,0,1,0,0,1,0,0,0,0,0,0,0,1,1,1,0,0,1,0.136604460649936
"1819","C16819",6110,"P46",48,"S14","A34","A173","E73","A93","A101",3,31,"A153",1,1,"A201",0,0,0,1,0,1,0,0,0,1,0,1,0,1,1,1,0,1,1,0.228258454914672
"2540","C17540",1424,"P42",12,"S13","A32","A174","E75","A92","A101",4,55,"A152",1,1,"A201",0,0,0,0,0,0,0,0,0,0,0,0,1,1,0,1,0,0,1,0.14547101254588
"3489","C18489",2825,"P49",24,"S12","A34","A173","E74","A93","A101",3,34,"A152",2,2,"A201",0,0,0,1,0,1,0,1,0,1,0,0,0,1,0,1,0,0,1,0.239796071390021
"874","C15874",9271,"P40",36,"S11","A32","A173","E74","A93","A101",1,24,"A152",1,1,"A201",1,0,0,1,0,1,1,0,0,0,0,0,0,1,0,1,1,1,0,0.513938625548174
"1986","C16986",1424,"P42",12,"S13","A32","A174","E75","A92","A101",4,55,"A152",1,1,"A201",0,0,0,0,0,0,0,0,0,0,0,0,1,1,0,1,0,0,1,0.14547101254588
"1937","C16937",2603,"P41",24,"S14","A32","A173","E73","A92","A101",4,28,"A151",1,1,"A201",0,0,0,1,1,0,0,0,0,0,0,1,1,1,1,1,1,0,1,0.164457531955865
"3170","C18170",1820,"P40",18,"S14","A32","A174","E73","A94","A101",2,30,"A152",1,1,"A201",0,0,0,0,0,1,0,0,0,0,0,1,0,1,0,1,0,0,1,0.131484434702704
"3088","C18088",1048,"P43",10,"S12","A31","A172","E73","A93","A101",4,23,"A152",1,1,"A201",0,0,1,0,1,0,0,1,1,0,0,1,0,1,0,1,1,0,1,0.35834815946294
"3590","C18590",4042,"P42",42,"S14","A34","A173","E73","A93","A101",4,36,"A152",2,1,"A201",0,0,0,1,0,0,0,0,0,1,0,1,0,1,0,1,0,0,1,0.146588998393867
"3828","C18828",15653,"P43",60,"S14","A33","A173","E74","A93","A101",4,21,"A152",2,1,"A201",0,0,0,1,1,0,0,0,0,0,0,0,0,1,0,1,1,1,1,0.252030358321658
"4112","C19112",2315,"P43",10,"S11","A32","A172","E75","A93","A101",4,52,"A152",1,1,"A201",0,0,1,0,1,0,1,0,0,0,0,0,0,1,0,1,0,0,1,0.261741004461704
"2376","C17376",3552,"P42",24,"S11","A31","A173","E74","A93","A101",4,27,"A152",1,1,"A201",1,0,0,1,0,0,1,0,1,0,0,0,0,1,0,1,1,0,1,0.729049091111075
"2254","C17254",8471,"P46",18,"S11","A33","A173","E73","A92","A101",2,23,"A151",2,1,"A201",0,0,0,1,0,1,1,0,0,0,0,1,1,1,1,1,1,1,1,0.6196704294713
"737","C15737",1941,"P49",18,"S12","A32","A172","E73","A93","A101",2,35,"A152",1,1,"A201",0,0,1,0,0,1,0,1,0,0,0,1,0,1,0,1,0,0,1,0.336060911421833
"4595","C19595",1372,"P40",12,"S11","A32","A173","E74","A91","A101",3,36,"A152",1,1,"A201",1,0,0,1,0,1,1,0,0,0,0,0,1,1,0,1,0,0,1,0.48618157719108
"1095","C16095",3512,"P40",24,"S12","A32","A173","E74","A93","A101",3,38,"A152",2,1,"A201",0,0,0,1,0,1,0,1,0,0,0,0,0,1,0,1,0,0,1,0.381976234220843
"172","C15172",2767,"P49",21,"S12","A32","A172","E75","A91","A101",2,61,"A151",2,1,"A201",1,0,1,0,0,1,0,1,0,0,0,0,1,1,1,1,0,0,1,0.519921340461186
"2736","C17736",1455,"P40",4,"S14","A34","A172","E74","A93","A101",1,42,"A152",3,2,"A201",0,0,1,0,0,1,0,0,0,1,0,0,0,1,0,1,0,0,0,0.0323777594528475
"2325","C17325",1505,"P43",18,"S14","A32","A174","E73","A93","A101",2,32,"A153",1,1,"A201",0,0,0,0,1,0,0,0,0,0,0,1,0,1,1,1,0,0,1,0.105061305528015
"4947","C19947",1520,"P42",15,"S14","A34","A173","E75","A93","A101",4,63,"A152",1,1,"A201",0,0,0,1,0,0,0,0,0,1,0,0,0,1,0,1,0,0,1,0.0653514403173541
"4750","C19750",5129,"P41",9,"S12","A31","A174","E75","A92","A101",4,74,"A153",1,2,"A201",1,0,0,0,1,0,0,1,1,0,0,0,1,1,1,1,0,1,1,0.511231047911962
"2510","C17510",7966,"P41",26,"S12","A32","A173","E72","A93","A101",3,30,"A152",2,1,"A201",0,0,0,1,1,0,0,1,0,0,1,0,0,1,0,1,0,1,1,0.354954790807275
"711","C15711",1553,"P42",18,"S11","A31","A173","E73","A93","A101",3,44,"A152",1,1,"A201",1,0,0,1,0,0,1,0,1,0,0,1,0,1,0,1,0,0,1,0.687847208868979
"415","C15415",727,"P43",12,"S11","A32","A172","E72","A94","A101",3,33,"A152",1,1,"A201",1,0,1,0,1,0,1,0,0,0,1,0,0,1,0,1,0,0,1,0.364686934644501
"1844","C16844",3160,"P43",21,"S14","A32","A173","E75","A93","A101",3,41,"A152",1,1,"A201",0,0,0,1,1,0,0,0,0,0,0,0,0,1,0,1,0,0,1,0.0842423219804137
"1531","C16531",7824,"P41",28,"S14","A31","A173","E72","A93","A103",4,40,"A151",2,2,"A201",0,0,0,1,1,0,0,0,1,0,1,0,0,0,1,1,0,1,1,0.266045227580619
"4635","C19635",763,"P42",12,"S14","A32","A173","E73","A92","A101",1,26,"A152",1,1,"A201",0,0,0,1,0,0,0,0,0,0,0,1,1,1,0,1,1,0,0,0.105139311087016
"1119","C16119",1559,"P49",24,"S14","A31","A173","E74","A93","A101",4,50,"A152",1,1,"A201",0,0,0,1,0,1,0,0,1,0,0,0,0,1,0,1,0,0,1,0.326186865206374
"100","C15100",5381,"P50",48,"S12","A32","A171","E71","A93","A101",4,40,"A153",1,1,"A201",0,1,0,0,0,1,0,1,0,0,1,0,0,1,1,1,0,1,1,0.745876820508206
"3706","C18706",3512,"P40",24,"S12","A32","A173","E74","A93","A101",3,38,"A152",2,1,"A201",0,0,0,1,0,1,0,1,0,0,0,0,0,1,0,1,0,0,1,0.381976234220843
"4972","C19972",3384,"P42",6,"S11","A34","A174","E73","A91","A101",4,44,"A151",1,1,"A201",1,0,0,0,0,0,1,0,0,1,0,1,1,1,1,1,0,0,1,0.358026810587305
"2714","C17714",4351,"P42",24,"S12","A32","A172","E73","A92","A101",4,48,"A152",1,1,"A201",0,0,1,0,0,0,0,1,0,0,0,1,1,1,0,1,0,0,1,0.459062938974264
"2347","C17347",6850,"P40",15,"S12","A31","A174","E71","A93","A101",2,34,"A152",1,2,"A201",1,0,0,0,0,1,0,1,1,0,1,0,0,1,0,1,0,1,1,0.645016952365449
"1617","C16617",7308,"P40",10,"S12","A32","A174","E71","A93","A101",4,70,"A153",1,1,"A201",0,0,0,0,0,1,0,1,0,0,1,0,0,1,1,1,0,1,1,0.453085431306549
"4744","C19744",4351,"P42",24,"S12","A32","A172","E73","A92","A101",4,48,"A152",1,1,"A201",0,0,1,0,0,0,0,1,0,0,0,1,1,1,0,1,0,0,1,0.459062938974264
"1841","C16841",1199,"P40",24,"S11","A34","A172","E75","A93","A101",4,60,"A152",2,1,"A201",1,0,1,0,0,1,1,0,0,1,0,0,0,1,0,1,0,0,1,0.344001813194084
"4974","C19974",804,"P43",12,"S14","A32","A173","E75","A93","A101",4,38,"A152",1,1,"A201",0,0,0,1,1,0,0,0,0,0,0,0,0,1,0,1,0,0,1,0.0638255324815497
"2234","C17234",13756,"P40",60,"S14","A34","A174","E75","A93","A101",4,63,"A153",1,1,"A201",0,0,0,0,0,1,0,0,0,1,0,0,0,1,1,1,0,1,1,0.306037088304749
"2829","C17829",1318,"P40",12,"S12","A32","A173","E75","A93","A101",4,54,"A152",1,1,"A201",0,0,0,1,0,1,0,1,0,0,0,0,0,1,0,1,0,0,1,0.293047773292849
"3127","C18127",1444,"P43",15,"S12","A32","A173","E72","A93","A101",1,23,"A152",1,1,"A201",0,0,0,1,1,0,0,1,0,0,1,0,0,1,0,1,1,0,0,0.208447518939315
"4490","C19490",2241,"P42",21,"S14","A32","A173","E75","A93","A101",2,50,"A152",2,1,"A201",0,0,0,1,0,0,0,0,0,0,0,0,0,1,0,1,0,0,1,0.143314138910187
"1648","C16648",936,"P46",9,"S14","A34","A173","E75","A93","A101",2,52,"A152",2,1,"A201",0,0,0,1,0,1,0,0,0,1,0,0,0,1,0,1,0,0,1,0.0541605236726375
"4729","C19729",3622,"P42",30,"S11","A32","A173","E75","A92","A101",4,57,"A151",2,1,"A201",0,0,0,1,0,0,1,0,0,0,0,0,1,1,1,1,0,0,1,0.708396410851398
"16","C15016",2528,"P49",27,"S12","A32","A173","E72","A92","A101",1,32,"A152",1,2,"A201",0,0,0,1,0,1,0,1,0,0,1,0,1,1,0,1,0,0,0,0.495056413889214
"4261","C19261",5743,"P46",24,"S12","A34","A173","E72","A92","A101",4,24,"A153",2,1,"A201",0,0,0,1,0,1,0,1,0,1,1,0,1,1,1,1,1,1,1,0.480571553996167
"462","C15462",10974,"P42",36,"S14","A32","A174","E71","A92","A101",2,26,"A152",2,1,"A201",1,0,0,0,0,0,0,0,0,0,1,0,1,1,0,1,1,1,1,0.364387412536259
"1792","C16792",3617,"P42",12,"S12","A34","A173","E75","A93","A101",4,28,"A151",3,1,"A201",0,0,0,1,0,0,0,1,0,1,0,0,0,1,1,1,1,0,1,0.22978088087814
"3072","C18072",3195,"P40",9,"S12","A32","A172","E73","A92","A101",2,33,"A152",1,1,"A201",0,0,1,0,0,1,0,1,0,0,0,1,1,1,0,1,0,0,1,0.339967450902204
"3177","C18177",3092,"P43",24,"S12","A32","A173","E72","A94","A101",2,22,"A151",1,1,"A201",1,0,0,1,1,0,0,1,0,0,1,0,0,1,1,1,1,0,1,0.420627359939678
"3730","C18730",7472,"P40",12,"S12","A32","A171","E71","A92","A101",2,24,"A151",1,1,"A201",0,1,0,0,0,1,0,1,0,0,1,0,1,1,1,1,1,1,1,0.54869949200642
"2600","C17600",2223,"P43",24,"S14","A34","A173","E75","A93","A101",4,52,"A152",2,1,"A201",0,0,0,1,1,0,0,0,0,1,0,0,0,1,0,1,0,0,1,0.0493213537580633
"3233","C18233",2329,"P43",7,"S12","A32","A173","E72","A92","A103",1,45,"A152",1,1,"A201",0,0,0,1,1,0,0,1,0,0,1,0,1,0,0,1,0,0,0,0.133891136642958
"3622","C18622",731,"P40",8,"S11","A34","A172","E75","A93","A101",4,47,"A152",2,1,"A201",0,0,1,0,0,1,1,0,0,1,0,0,0,1,0,1,0,0,1,0.23538985373071
"2619","C17619",3244,"P42",18,"S12","A30","A173","E73","A92","A101",4,33,"A152",2,1,"A201",0,0,0,1,0,0,0,1,1,0,0,1,1,1,0,1,0,0,1,0.645390892448045
"3389","C18389",1559,"P49",24,"S14","A31","A173","E74","A93","A101",4,50,"A152",1,1,"A201",0,0,0,1,0,1,0,0,1,0,0,0,0,1,0,1,0,0,1,0.326186865206374
"98","C15098",12680,"P40",21,"S14","A34","A174","E75","A93","A101",4,30,"A153",1,1,"A201",1,0,0,0,0,1,0,0,0,1,0,0,0,1,1,1,0,1,1,0.107459895689264
"1781","C16781",15857,"P50",36,"S11","A32","A174","E71","A91","A102",3,43,"A152",1,1,"A201",0,0,0,0,0,1,1,0,0,0,1,0,1,1,0,1,0,1,1,0.761135362977902
"3735","C18735",2991,"P43",30,"S12","A32","A173","E75","A92","A101",4,25,"A152",1,1,"A201",0,0,0,1,1,0,0,1,0,0,0,0,1,1,0,1,1,0,1,0.362990431107034
"2763","C17763",2812,"P41",24,"S11","A32","A173","E75","A92","A101",4,26,"A151",1,1,"A201",0,0,0,1,1,0,1,0,0,0,0,0,1,1,1,1,1,0,1,0.522449149705247
"3945","C18945",727,"P46",10,"S14","A32","A173","E75","A93","A101",4,46,"A153",1,1,"A201",0,0,0,1,0,1,0,0,0,0,0,0,0,1,1,1,0,0,1,0.140578302526999
"735","C15735",2613,"P45",36,"S14","A30","A173","E73","A93","A101",2,27,"A152",2,1,"A201",0,0,0,1,0,1,0,0,1,0,0,1,0,1,0,1,1,0,1,0.419208486606595
"1347","C16347",4454,"P43",36,"S14","A33","A173","E73","A92","A101",4,34,"A152",2,1,"A201",0,0,0,1,1,0,0,0,0,0,0,1,1,1,0,1,0,0,1,0.172262330608823
"3430","C18430",4473,"P43",36,"S13","A32","A173","E75","A93","A101",2,31,"A152",1,1,"A201",0,0,0,1,1,0,0,0,0,0,0,0,0,1,0,1,0,0,1,0.131617683018143
"4216","C19216",2303,"P40",24,"S11","A32","A173","E75","A93","A102",1,45,"A152",1,1,"A201",1,0,0,1,0,1,1,0,0,0,0,0,0,1,0,1,0,0,0,0.414913417356367
"1375","C16375",2404,"P43",18,"S14","A34","A173","E73","A92","A101",2,26,"A152",2,1,"A201",0,0,0,1,1,0,0,0,0,1,0,1,1,1,0,1,1,0,1,0.0551225930111518
"6","C15006",2662,"P40",18,"S14","A32","A173","E74","A93","A101",3,32,"A152",1,1,"A202",0,0,0,1,0,1,0,0,0,0,0,0,0,1,0,0,0,0,1,0.0422371479488261
"4227","C19227",1393,"P40",24,"S14","A32","A173","E73","A93","A103",2,31,"A152",1,1,"A201",0,0,0,1,0,1,0,0,0,0,0,1,0,0,0,1,0,0,1,0.0935034241615197
"632","C15632",3345,"P42",24,"S11","A32","A174","E75","A93","A101",2,39,"A151",1,1,"A201",1,0,0,0,0,0,1,0,0,0,0,0,0,1,1,1,0,0,1,0.591658592333925
"211","C15211",2390,"P40",12,"S14","A32","A173","E75","A93","A101",3,50,"A152",1,1,"A201",0,0,0,1,0,1,0,0,0,0,0,0,0,1,0,1,0,0,1,0.110305290232065
"2543","C17543",518,"P43",6,"S14","A32","A173","E73","A92","A101",1,29,"A152",1,1,"A201",0,0,0,1,1,0,0,0,0,0,0,1,1,1,0,1,1,0,0,0.050252620974187
"1368","C16368",1474,"P40",24,"S14","A32","A173","E72","A94","A101",3,33,"A152",1,1,"A201",0,0,0,1,0,1,0,0,0,0,1,0,0,1,0,1,0,0,1,0.218764052120376
"2247","C17247",392,"P46",15,"S13","A32","A173","E72","A92","A101",4,23,"A151",1,1,"A201",0,0,0,1,0,1,0,0,0,0,1,0,1,1,1,1,1,0,1,0.286648649448037
"3384","C18384",3763,"P40",21,"S11","A32","A172","E74","A93","A102",2,24,"A152",1,1,"A202",0,0,1,0,0,1,1,0,0,0,0,0,0,1,0,0,1,0,1,0.21313187886904
"294","C15294",2133,"P40",12,"S14","A32","A174","E75","A92","A101",4,52,"A153",1,1,"A201",0,0,0,0,0,1,0,0,0,0,0,0,1,1,1,1,0,0,1,0.193587518245133
"2956","C17956",900,"P40",12,"S11","A32","A173","E73","A94","A101",2,23,"A152",1,1,"A201",1,0,0,1,0,1,1,0,0,0,0,1,0,1,0,1,1,0,1,0.407975552284858
"4033","C19033",5511,"P42",24,"S14","A32","A173","E73","A93","A101",1,25,"A152",1,1,"A201",0,0,0,1,0,0,0,0,0,0,0,1,0,1,0,1,1,1,0,0.113148564707936
"1181","C16181",15857,"P50",36,"S11","A32","A174","E71","A91","A102",3,43,"A152",1,1,"A201",0,0,0,0,0,1,1,0,0,0,1,0,1,1,0,1,0,1,1,0.761135362977902
"1060","C16060",804,"P43",12,"S14","A32","A173","E75","A93","A101",4,38,"A152",1,1,"A201",0,0,0,1,1,0,0,0,0,0,0,0,0,1,0,1,0,0,1,0.0638255324815497
"678","C15678",886,"P43",12,"S14","A32","A173","E73","A92","A101",2,21,"A152",1,1,"A201",0,0,0,1,1,0,0,0,0,0,0,1,1,1,0,1,1,0,1,0.085598997180936
"305","C15305",1076,"P49",12,"S14","A32","A173","E73","A94","A101",2,26,"A152",1,1,"A202",0,0,0,1,0,1,0,0,0,0,0,1,0,1,0,0,1,0,1,0.0348567560931014
"2367","C17367",1835,"P43",21,"S11","A32","A173","E73","A92","A101",2,25,"A152",2,1,"A201",1,0,0,1,1,0,1,0,0,0,0,1,1,1,0,1,1,0,1,0.412481681132532
"2080","C17080",15945,"P49",54,"S12","A30","A173","E72","A93","A101",4,58,"A151",1,1,"A201",1,0,0,1,0,1,0,1,1,0,1,0,0,1,1,1,0,1,1,0.903711039553635
"2098","C17098",6288,"P46",60,"S12","A32","A173","E73","A93","A101",4,42,"A153",1,1,"A201",1,0,0,1,0,1,0,1,0,0,0,1,0,1,1,1,0,1,1,0.742865587989303
"3770","C18770",8072,"P49",30,"S11","A30","A173","E72","A93","A101",3,25,"A152",3,1,"A201",0,0,0,1,0,1,1,0,1,0,1,0,0,1,0,1,1,1,1,0.83269054976689
"156","C15156",1108,"P45",12,"S11","A30","A173","E74","A93","A101",3,28,"A152",2,1,"A201",1,0,0,1,0,1,1,0,1,0,0,0,0,1,0,1,1,0,1,0.643444182976917
"865","C15865",1295,"P42",18,"S12","A34","A173","E72","A92","A101",1,27,"A152",2,1,"A201",0,0,0,1,0,0,0,1,0,1,1,0,1,1,0,1,1,0,0,0.270517511542588
"4689","C19689",2238,"P43",18,"S14","A34","A173","E73","A92","A101",1,25,"A152",2,1,"A201",0,0,0,1,1,0,0,0,0,1,0,1,1,1,0,1,1,0,0,0.0387053273262598
"1002","C16002",1670,"P43",9,"S12","A32","A173","E72","A92","A101",2,22,"A152",1,1,"A201",1,0,0,1,1,0,0,1,0,0,1,0,1,1,0,1,1,0,1,0.300235388768681
"2439","C17439",11760,"P46",39,"S12","A33","A173","E74","A93","A101",3,32,"A151",1,1,"A201",0,0,0,1,0,1,0,1,0,0,0,0,0,1,1,1,0,1,1,0.589491350807343
"4769","C19769",1337,"P43",9,"S13","A30","A174","E72","A93","A101",2,34,"A152",2,1,"A201",1,0,0,0,1,0,0,0,1,0,1,0,0,1,0,1,0,0,1,0.196621720677224
"2412","C17412",1474,"P42",12,"S13","A32","A174","E72","A92","A101",1,33,"A152",1,1,"A201",0,0,0,0,0,0,0,0,0,0,1,0,1,1,0,1,0,0,0,0.151087408295773
"611","C15611",1258,"P49",24,"S14","A32","A173","E74","A93","A101",1,25,"A152",1,1,"A201",0,0,0,1,0,1,0,0,0,0,0,0,0,1,0,1,1,0,0,0.113148564707936
"617","C15617",4308,"P49",48,"S11","A32","A173","E72","A92","A101",4,24,"A151",1,1,"A201",1,0,0,1,0,1,1,0,0,0,1,0,1,1,1,1,1,0,1,0.870126876525925
"4794","C19794",4020,"P42",24,"S11","A32","A173","E73","A93","A101",2,27,"A152",1,1,"A201",0,0,0,1,0,0,1,0,0,0,0,1,0,1,0,1,1,0,1,0.506779146574888
"2891","C17891",2415,"P43",7,"S12","A32","A173","E73","A93","A103",2,34,"A152",1,1,"A201",0,0,0,1,1,0,0,1,0,0,0,1,0,0,0,1,0,0,1,0.097219130049188
"4390","C19390",1845,"P42",15,"S11","A32","A173","E72","A92","A103",1,46,"A151",1,1,"A201",0,0,0,1,0,0,1,0,0,0,1,0,1,0,1,1,0,0,0,0.462405868078464
"3875","C18875",3979,"P43",48,"S12","A32","A173","E74","A93","A101",1,41,"A152",2,2,"A201",0,0,0,1,1,0,0,1,0,0,0,0,0,1,0,1,0,0,0,0.342745990137153
"3439","C18439",3872,"P45",18,"S12","A32","A173","E71","A92","A101",4,67,"A152",1,1,"A201",0,0,0,1,0,1,0,1,0,0,1,0,1,1,0,1,0,0,1,0.51285692496571
"2858","C17858",2848,"P41",10,"S14","A32","A173","E73","A93","A102",2,32,"A152",1,2,"A201",0,0,0,1,1,0,0,0,0,0,0,1,0,1,0,1,0,0,1,0.0599611113178653
"3414","C18414",1591,"P42",21,"S14","A33","A174","E74","A93","A101",3,34,"A152",2,1,"A201",0,0,0,0,0,0,0,0,0,0,0,0,0,1,0,1,0,0,1,0.143314138910187
"542","C15542",750,"P46",18,"S11","A32","A171","E71","A92","A101",1,27,"A152",1,1,"A201",1,1,0,0,0,1,1,0,0,0,1,0,1,1,0,1,1,0,0,0.547089427986969
"4249","C19249",2579,"P40",12,"S11","A32","A172","E72","A93","A101",1,33,"A152",1,2,"A201",1,0,1,0,0,1,1,0,0,0,1,0,0,1,0,1,0,0,0,0.418760243525794
"4397","C19397",2146,"P42",10,"S14","A34","A173","E72","A92","A101",3,23,"A151",2,1,"A201",0,0,0,1,0,0,0,0,0,1,1,0,1,1,1,1,1,0,1,0.147947912237731
"1720","C16720",1092,"P43",12,"S12","A32","A173","E73","A92","A103",4,49,"A152",2,1,"A201",0,0,0,1,1,0,0,1,0,0,0,1,1,0,0,1,0,0,1,0.148676648019088
"4884","C19884",3345,"P42",24,"S11","A32","A174","E75","A93","A101",2,39,"A151",1,1,"A201",1,0,0,0,0,0,1,0,0,0,0,0,0,1,1,1,0,0,1,0.591658592333925
"4260","C19260",6224,"P46",48,"S12","A33","A173","E75","A93","A101",4,50,"A153",1,1,"A201",1,0,0,1,0,1,0,1,0,0,0,0,0,1,1,1,0,1,1,0.659587662226173
"1093","C16093",4151,"P42",24,"S14","A33","A173","E73","A93","A101",3,35,"A152",2,1,"A201",0,0,0,1,0,0,0,0,0,0,0,1,0,1,0,1,0,0,1,0.156016974968144
"3458","C18458",2964,"P41",24,"S11","A32","A173","E75","A93","A101",4,49,"A153",1,2,"A201",0,0,0,1,1,0,1,0,0,0,0,0,0,1,1,1,0,0,1,0.443444091625029
"66","C15066",1098,"P43",18,"S14","A34","A171","E71","A92","A101",4,65,"A152",2,1,"A201",0,1,0,0,1,0,0,0,0,1,1,0,1,1,0,1,0,0,1,0.0811956591341619
"2760","C17760",1884,"P40",12,"S14","A32","A174","E75","A93","A101",4,39,"A152",1,1,"A201",0,0,0,0,0,1,0,0,0,0,0,0,0,1,0,1,0,0,1,0.110305290232065
"3423","C18423",2631,"P40",15,"S12","A32","A173","E73","A92","A101",4,28,"A151",2,1,"A201",1,0,0,1,0,1,0,1,0,0,0,1,1,1,1,1,1,0,1,0.470035475858885
"1945","C16945",2762,"P42",12,"S12","A32","A173","E75","A92","A101",2,25,"A152",1,1,"A201",1,0,0,1,0,0,0,1,0,0,0,0,1,1,0,1,1,0,1,0.362720784592558
"858","C15858",2647,"P43",6,"S11","A32","A173","E73","A93","A101",3,44,"A151",1,2,"A201",0,0,0,1,1,0,1,0,0,0,0,1,0,1,1,1,0,0,1,0.304410135662704
"80","C15080",1453,"P43",18,"S14","A32","A174","E72","A92","A101",1,26,"A152",1,1,"A201",0,0,0,0,1,0,0,0,0,0,1,0,1,1,0,1,1,0,0,0.106748718227311
"4852","C19852",4771,"P43",11,"S12","A33","A173","E74","A93","A101",4,51,"A152",1,1,"A201",0,0,0,1,1,0,0,1,0,0,0,0,0,1,0,1,0,0,1,0.180651796609543
"3855","C18855",2659,"P42",18,"S11","A32","A173","E73","A93","A101",2,28,"A152",1,1,"A201",0,0,0,1,0,0,1,0,0,0,0,1,0,1,0,1,1,0,1,0.456954021341531
"3931","C18931",7476,"P46",48,"S11","A32","A174","E74","A93","A101",1,50,"A153",1,1,"A201",0,0,0,0,0,1,1,0,0,0,0,0,0,1,1,1,0,1,0,0.689746790166031
"2284","C17284",4139,"P49",24,"S14","A34","A172","E73","A93","A101",3,27,"A152",2,1,"A201",0,0,1,0,0,1,0,0,0,1,0,1,0,1,0,1,1,0,1,0.0862113939182156
"924","C15924",1311,"P43",24,"S14","A32","A173","E74","A94","A101",3,26,"A152",1,1,"A201",0,0,0,1,1,0,0,0,0,0,0,0,0,1,0,1,1,0,1,0.0922732073318229
"2060","C17060",1382,"P43",6,"S14","A34","A173","E73","A92","A101",1,28,"A152",2,1,"A201",0,0,0,1,1,0,0,0,0,1,0,1,1,1,0,1,1,0,0,0.026294152614619
"3370","C18370",1657,"P42",12,"S11","A32","A173","E73","A93","A101",2,27,"A152",1,1,"A201",0,0,0,1,0,0,1,0,0,0,0,1,0,1,0,1,1,0,1,0.407975552284858
"4451","C19451",2991,"P43",30,"S12","A32","A173","E75","A92","A101",4,25,"A152",1,1,"A201",0,0,0,1,1,0,0,1,0,0,0,0,1,1,0,1,1,0,1,0.362990431107034
"437","C15437",9271,"P40",36,"S11","A32","A173","E74","A93","A101",1,24,"A152",1,1,"A201",1,0,0,1,0,1,1,0,0,0,0,0,0,1,0,1,1,1,0,0.513938625548174
"1180","C16180",1534,"P43",12,"S12","A32","A173","E72","A94","A101",1,23,"A151",1,1,"A201",1,0,0,1,1,0,0,1,0,0,1,0,0,1,1,1,1,0,0,0.251530593703177
"1519","C16519",2835,"P42",24,"S14","A32","A173","E75","A93","A101",4,53,"A152",1,1,"A201",0,0,0,1,0,0,0,0,0,0,0,0,0,1,0,1,0,0,1,0.156016974968144
"1090","C16090",2292,"P49",12,"S14","A34","A174","E71","A93","A101",2,42,"A152",2,1,"A201",1,0,0,0,0,1,0,0,0,1,1,0,0,1,0,1,0,0,1,0.087466277277957
"1977","C16977",3074,"P43",9,"S14","A34","A173","E73","A93","A101",2,33,"A152",2,2,"A201",0,0,0,1,1,0,0,0,0,1,0,1,0,1,0,1,0,0,1,0.0305269544339886
"1537","C16537",1236,"P41",6,"S14","A32","A173","E73","A93","A101",4,50,"A151",1,1,"A201",0,0,0,1,1,0,0,0,0,0,0,1,0,1,1,1,0,0,1,0.0729880922234015
"510","C15510",1255,"P40",12,"S14","A34","A172","E75","A93","A101",4,61,"A152",2,1,"A201",0,0,1,0,0,1,0,0,0,1,0,0,0,1,0,1,0,0,1,0.059510045437248
"198","C15198",3422,"P42",18,"S14","A32","A173","E75","A93","A101",4,47,"A152",3,2,"A201",0,0,0,1,0,0,0,0,0,0,0,0,0,1,0,1,0,0,1,0.131484434702704
"1103","C16103",1820,"P40",18,"S14","A32","A174","E73","A94","A101",2,30,"A152",1,1,"A201",0,0,0,0,0,1,0,0,0,0,0,1,0,1,0,1,0,0,1,0.131484434702704
"4064","C19064",3650,"P42",18,"S11","A32","A173","E72","A92","A101",4,22,"A151",1,1,"A201",0,0,0,1,0,0,1,0,0,0,1,0,1,1,1,1,1,0,1,0.711654621196058
"2049","C17049",3181,"P43",24,"S14","A32","A173","E72","A92","A101",4,26,"A152",1,1,"A201",0,0,0,1,1,0,0,0,0,0,1,0,1,1,0,1,1,0,1,0.174530529349893
"2004","C17004",2247,"P40",12,"S13","A33","A173","E73","A92","A101",2,36,"A152",2,1,"A201",0,0,0,1,0,1,0,0,0,0,0,1,1,1,0,1,0,0,1,0.14547101254588
"3139","C18139",1659,"P43",24,"S11","A33","A172","E72","A92","A101",2,29,"A151",1,1,"A201",1,0,1,0,1,0,1,0,0,0,1,0,1,1,1,1,1,0,1,0.623666751802708
"2799","C17799",3990,"P44",36,"S12","A31","A171","E72","A92","A101",2,29,"A152",1,1,"A201",0,1,0,0,0,0,0,1,1,0,1,0,1,1,0,1,1,0,1,0.83387078891466
"208","C15208",2859,"P40",12,"S14","A32","A174","E71","A93","A101",4,38,"A152",1,1,"A201",0,0,0,0,0,1,0,0,0,0,1,0,0,1,0,1,0,0,1,0.15811212861172
"2912","C17912",1410,"P48",12,"S12","A30","A172","E73","A93","A101",2,31,"A152",1,1,"A201",0,0,1,0,1,0,0,1,1,0,0,1,0,1,0,1,0,0,1,0.373796389630053
"4869","C19869",1361,"P40",6,"S11","A34","A172","E72","A93","A101",4,40,"A152",1,2,"A202",0,0,1,0,0,1,1,0,0,1,1,0,0,1,0,0,0,0,1,0.112763544212031
"3702","C18702",5511,"P42",24,"S14","A32","A173","E73","A93","A101",1,25,"A152",1,1,"A201",0,0,0,1,0,0,0,0,0,0,0,1,0,1,0,1,1,1,0,0.113148564707936
"4779","C19779",1264,"P40",15,"S12","A31","A173","E73","A94","A101",2,25,"A151",1,1,"A201",1,0,0,1,0,1,0,1,1,0,0,1,0,1,1,1,1,0,1,0.628463387574902
"583","C15583",1533,"P42",18,"S14","A32","A172","E72","A94","A102",1,43,"A152",1,2,"A201",1,0,1,0,0,0,0,0,0,0,1,0,0,1,0,1,0,0,0,0.136647182606115
"1235","C16235",1893,"P40",12,"S11","A32","A173","E73","A92","A103",4,29,"A152",1,1,"A201",0,0,0,1,0,1,1,0,0,0,0,1,1,0,0,1,1,0,1,0.345538339795413
"528","C15528",4272,"P42",20,"S11","A34","A173","E75","A92","A101",4,24,"A152",2,1,"A201",0,0,0,1,0,0,1,0,0,1,0,0,1,1,0,1,1,0,1,0.386603680746969
"2467","C17467",4280,"P49",30,"S12","A30","A172","E73","A92","A101",4,26,"A151",2,1,"A201",1,0,1,0,0,1,0,1,1,0,0,1,1,1,1,1,1,0,1,0.792819786319281
"2349","C17349",1474,"P40",24,"S14","A32","A173","E72","A94","A101",3,33,"A152",1,1,"A201",0,0,0,1,0,1,0,0,0,0,1,0,0,1,0,1,0,0,1,0.218764052120376
"2879","C17879",1520,"P42",15,"S14","A34","A173","E75","A93","A101",4,63,"A152",1,1,"A201",0,0,0,1,0,0,0,0,0,1,0,0,0,1,0,1,0,0,1,0.0653514403173541
"1301","C16301",14318,"P40",36,"S12","A32","A174","E75","A93","A101",2,57,"A153",1,1,"A201",1,0,0,0,0,1,0,1,0,0,0,0,0,1,1,1,0,1,1,0.565127458883794
"2531","C17531",338,"P43",6,"S11","A34","A173","E75","A93","A101",4,52,"A152",2,1,"A201",0,0,0,1,1,0,1,0,0,1,0,0,0,1,0,1,0,0,1,0.136729738227268
"4140","C19140",1275,"P42",10,"S13","A32","A173","E72","A92","A101",2,23,"A152",1,1,"A201",0,0,0,1,0,0,0,0,0,0,1,0,1,1,0,1,1,0,1,0.194369226750663
"3104","C18104",5866,"P40",18,"S12","A32","A173","E73","A93","A101",2,30,"A152",2,1,"A201",0,0,0,1,0,1,0,1,0,0,0,1,0,1,0,1,0,1,1,0.336060911421833
"317","C15317",454,"P45",6,"S12","A32","A172","E72","A94","A101",1,22,"A152",1,1,"A201",0,0,1,0,0,1,0,1,0,0,1,0,0,1,0,1,1,0,0,0.261945535384495
"4887","C19887",1108,"P45",12,"S11","A30","A173","E74","A93","A101",3,28,"A152",2,1,"A201",1,0,0,1,0,1,1,0,1,0,0,0,0,1,0,1,1,0,1,0.643444182976917
"4503","C19503",1755,"P50",24,"S11","A32","A172","E75","A92","A103",4,58,"A152",1,1,"A201",0,0,1,0,0,1,1,0,0,0,0,0,1,0,0,1,0,0,1,0.440471068476127
"1417","C16417",6070,"P43",18,"S14","A34","A173","E75","A93","A101",4,33,"A152",2,1,"A201",0,0,0,1,1,0,0,0,0,1,0,0,0,1,0,1,0,1,1,0.0407557644486945
"3062","C18062",3235,"P43",24,"S14","A32","A174","E75","A91","A101",2,26,"A152",1,1,"A201",0,0,0,0,1,0,0,0,0,0,0,0,1,1,0,1,1,0,1,0.122481642461881
"18","C15018",14896,"P40",6,"S11","A32","A174","E75","A93","A101",4,68,"A152",1,1,"A201",1,0,0,0,0,1,1,0,0,0,0,0,0,1,0,1,0,1,1,0.360759287574476
"3219","C18219",915,"P40",24,"S11","A32","A173","E75","A92","A101",2,29,"A152",1,1,"A201",1,0,0,1,0,1,1,0,0,0,0,0,1,1,0,1,1,0,1,0.585203389657111
"1930","C16930",5848,"P43",36,"S13","A32","A173","E73","A93","A101",1,24,"A152",1,1,"A201",0,0,0,1,1,0,0,0,0,0,0,1,0,1,0,1,1,1,0,0.0947011540665535
"3004","C18004",2333,"P42",24,"S12","A33","A172","E72","A93","A101",2,29,"A152",1,1,"A201",0,0,1,0,0,0,0,1,0,0,1,0,0,1,0,1,1,0,1,0.483534853956164
"2777","C17777",14179,"P42",39,"S11","A34","A174","E74","A93","A101",4,30,"A152",2,1,"A201",0,0,0,0,0,0,1,0,0,1,0,0,0,1,0,1,0,1,1,0.463518087988342
"2383","C17383",3573,"P43",12,"S12","A34","A172","E73","A92","A101",1,23,"A152",1,1,"A201",0,0,1,0,1,0,0,1,0,1,0,1,1,1,0,1,1,0,0,0.0992993296545254
"2931","C17931",1402,"P42",12,"S14","A34","A173","E74","A92","A101",4,37,"A151",1,1,"A201",0,0,0,1,0,0,0,0,0,1,0,0,1,1,1,1,0,0,1,0.109145912325517
"2737","C17737",3380,"P40",4,"S14","A34","A173","E74","A92","A101",1,37,"A152",1,2,"A201",0,0,0,1,0,1,0,0,0,1,0,0,1,1,0,1,0,0,0,0.0439264960468553
"1205","C16205",14555,"P40",6,"S12","A32","A171","E71","A93","A101",2,23,"A152",1,1,"A201",1,1,0,0,0,1,0,1,0,0,1,0,0,1,0,1,1,1,1,0.339601000401777
"405","C15405",1768,"P42",12,"S14","A32","A172","E73","A93","A101",2,24,"A151",1,1,"A201",0,0,1,0,0,0,0,0,0,0,0,1,0,1,1,1,1,0,1,0.14881588529005
"4004","C19004",1271,"P43",15,"S13","A34","A173","E73","A93","A101",4,39,"A153",2,1,"A201",1,0,0,1,1,0,0,0,0,1,0,1,0,1,1,1,0,0,1,0.0514313989216324
"3063","C18063",6416,"P49",48,"S12","A31","A173","E75","A92","A101",3,59,"A151",1,1,"A201",1,0,0,1,0,1,0,1,1,0,0,0,1,1,1,1,0,1,1,0.874483403043177
"2548","C17548",4249,"P40",30,"S12","A34","A174","E71","A94","A101",2,28,"A152",2,1,"A201",1,0,0,0,0,1,0,1,0,1,1,0,0,1,0,1,1,0,1,0.36847043331136
"499","C15499",3104,"P49",18,"S11","A30","A173","E74","A93","A101",1,31,"A152",1,1,"A201",0,0,0,1,0,1,1,0,1,0,0,0,0,1,0,1,0,0,0,0.603307531381451
"2287","C17287",2326,"P49",15,"S12","A34","A173","E73","A93","A101",4,27,"A152",1,1,"A201",0,0,0,1,0,1,0,1,0,1,0,1,0,1,0,1,1,0,1,0.189480073524921
"1092","C16092",2864,"P42",18,"S13","A32","A172","E73","A93","A101",1,34,"A152",1,2,"A201",1,0,1,0,0,0,0,0,0,0,0,1,0,1,0,1,0,0,0,0.0946012081483947
"3732","C18732",2603,"P41",24,"S14","A32","A173","E73","A92","A101",4,28,"A151",1,1,"A201",0,0,0,1,1,0,0,0,0,0,0,1,1,1,1,1,1,0,1,0.164457531955865
"4693","C19693",428,"P42",6,"S11","A32","A173","E75","A92","A101",1,49,"A152",1,1,"A201",0,0,0,1,0,0,1,0,0,0,0,0,1,1,0,1,0,0,0,0.348457704288415
"981","C15981",1228,"P40",12,"S11","A32","A172","E73","A92","A101",2,24,"A152",1,1,"A201",1,0,1,0,0,1,1,0,0,0,0,1,1,1,0,1,1,0,1,0.48618157719108
"540","C15540",1471,"P43",15,"S14","A34","A173","E73","A93","A101",4,35,"A153",2,1,"A201",0,0,0,1,1,0,0,0,0,1,0,1,0,1,1,1,0,0,1,0.0514313989216324
"1354","C16354",9857,"P49",36,"S12","A33","A172","E74","A93","A101",3,31,"A152",2,2,"A201",0,0,1,0,0,1,0,1,0,0,0,0,0,1,0,1,0,1,1,0.479583959413556
"3014","C18014",2996,"P42",24,"S11","A32","A173","E73","A94","A101",4,20,"A152",1,1,"A201",1,0,0,1,0,0,1,0,0,0,0,1,0,1,0,1,1,0,1,0.506779146574888
"4114","C19114",2333,"P43",30,"S14","A32","A174","E75","A93","A101",2,30,"A152",1,1,"A201",0,0,0,0,1,0,0,0,0,0,0,0,0,1,0,1,0,0,1,0.110419804040948
"2966","C17966",1469,"P40",24,"S14","A32","A172","E75","A94","A101",4,41,"A151",1,1,"A201",0,0,1,0,0,1,0,0,0,0,0,0,0,1,1,1,0,0,1,0.20677762631139
"2092","C17092",1240,"P40",10,"S13","A32","A172","E75","A92","A101",4,48,"A153",1,2,"A201",1,0,1,0,0,1,0,0,0,0,0,0,1,1,1,1,0,0,1,0.18340563967566
"1808","C16808",1995,"P40",12,"S12","A34","A173","E72","A93","A101",1,27,"A152",1,1,"A201",0,0,0,1,0,1,0,1,0,1,1,0,0,1,0,1,1,0,0,0.181119533784234
"3932","C18932",6229,"P42",36,"S11","A34","A172","E72","A92","A102",4,23,"A151",2,1,"A201",1,0,1,0,0,0,1,0,0,1,1,0,1,1,1,1,1,1,1,0.696353399720657
"498","C15498",2687,"P49",15,"S13","A32","A173","E74","A93","A101",4,26,"A151",1,1,"A201",0,0,0,1,0,1,0,0,0,0,0,0,0,1,1,1,1,0,1,0.161914208802844
"312","C15312",3249,"P40",36,"S11","A32","A174","E74","A93","A101",4,39,"A153",1,2,"A201",0,0,0,0,0,1,1,0,0,0,0,0,0,1,1,1,0,0,1,0.683582560245265
"3682","C18682",1882,"P43",18,"S11","A32","A173","E73","A92","A101",4,25,"A151",2,1,"A201",1,0,0,1,1,0,1,0,0,0,0,1,1,1,1,1,1,0,1,0.472559486343046
"1758","C16758",1092,"P43",12,"S12","A32","A173","E73","A92","A103",4,49,"A152",2,1,"A201",0,0,0,1,1,0,0,1,0,0,0,1,1,0,0,1,0,0,1,0.148676648019088
"176","C15176",1715,"P43",30,"S12","A32","A173","E73","A92","A101",1,26,"A152",1,1,"A201",0,0,0,1,1,0,0,1,0,0,0,1,1,1,0,1,1,0,0,0.28227262700841
"2680","C17680",1804,"P41",12,"S12","A34","A173","E72","A93","A101",4,44,"A152",1,1,"A201",0,0,0,1,1,0,0,1,0,1,1,0,0,1,0,1,0,0,1,0.149822392595267
"1939","C16939",2002,"P40",12,"S12","A32","A173","E74","A93","A101",4,30,"A151",1,2,"A201",0,0,0,1,0,1,0,1,0,0,0,0,0,1,1,1,0,0,1,0.3689044670016
"4823","C19823",4712,"P49",24,"S12","A33","A174","E73","A93","A101",2,37,"A152",2,1,"A201",0,0,0,0,0,1,0,1,0,0,0,1,0,1,0,1,0,0,1,0.381976234220843
"1120","C16120",625,"P43",12,"S12","A32","A172","E72","A94","A103",1,26,"A152",1,1,"A201",0,0,1,0,1,0,0,1,0,0,1,0,0,0,0,1,1,0,0,0.117367877078346
"651","C15651",7057,"P41",20,"S12","A33","A174","E74","A93","A101",4,36,"A151",2,2,"A201",0,0,0,0,1,0,0,1,0,0,0,0,0,1,1,1,0,1,1,0.295538275855205
"473","C15473",1867,"P43",30,"S14","A32","A173","E75","A93","A101",4,58,"A152",1,1,"A201",0,0,0,1,1,0,0,0,0,0,0,0,0,1,0,1,0,0,1,0.110419804040948
"4244","C19244",14027,"P40",60,"S12","A32","A174","E74","A93","A101",2,27,"A152",1,1,"A201",1,0,0,0,0,1,0,1,0,0,0,0,0,1,0,1,1,1,1,0.671991961229026
"2264","C17264",1344,"P40",24,"S13","A34","A172","E74","A93","A101",2,37,"A152",2,2,"A201",1,0,1,0,0,1,0,0,0,1,0,0,0,1,0,1,0,0,1,0.0862113939182156
"581","C15581",6313,"P41",24,"S14","A32","A174","E75","A93","A101",4,41,"A152",1,2,"A201",0,0,0,0,1,0,0,0,0,0,0,0,0,1,0,1,0,1,1,0.0922732073318229
"701","C15701",1526,"P41",12,"S11","A34","A174","E75","A93","A101",4,66,"A153",2,1,"A201",0,0,0,0,1,0,1,0,0,1,0,0,0,1,1,1,0,0,1,0.214285514660529
"3146","C18146",1602,"P40",21,"S11","A34","A173","E75","A94","A101",3,30,"A152",2,1,"A201",0,0,0,1,0,1,1,0,0,1,0,0,0,1,0,1,0,0,1,0.321829718386664
"2177","C17177",2503,"P49",30,"S12","A33","A173","E75","A93","A101",2,41,"A152",2,1,"A201",0,0,0,1,0,1,0,1,0,0,0,0,0,1,0,1,0,0,1,0.430101007556077
"3553","C18553",1928,"P42",18,"S12","A34","A172","E72","A93","A101",2,31,"A152",2,1,"A201",1,0,1,0,0,0,0,1,0,1,1,0,0,1,0,1,0,0,1,0.281255341622145
"2779","C17779",8072,"P49",30,"S11","A30","A173","E72","A93","A101",3,25,"A152",3,1,"A201",0,0,0,1,0,1,1,0,1,0,1,0,0,1,0,1,1,1,1,0.83269054976689
"54","C15054",6313,"P41",24,"S14","A32","A174","E75","A93","A101",4,41,"A152",1,2,"A201",0,0,0,0,1,0,0,0,0,0,0,0,0,1,0,1,0,1,1,0.0922732073318229
"4882","C19882",1331,"P43",12,"S12","A32","A173","E72","A93","A101",1,22,"A152",1,1,"A201",1,0,0,1,1,0,0,1,0,0,1,0,0,1,0,1,1,0,0,0.192449219834364
"3676","C18676",2301,"P42",9,"S14","A32","A173","E72","A92","A101",4,22,"A151",1,1,"A201",0,0,0,1,0,0,0,0,0,0,1,0,1,1,1,1,1,0,1,0.247601353254138
"2604","C17604",1330,"P40",12,"S13","A32","A173","E72","A93","A101",1,26,"A152",1,1,"A201",0,0,0,1,0,1,0,0,0,0,1,0,0,1,0,1,1,0,0,0.114746306397475
"443","C15443",2993,"P41",21,"S14","A33","A172","E73","A93","A101",2,28,"A152",2,1,"A201",0,0,1,0,1,0,0,0,0,0,0,1,0,1,0,1,1,0,1,0.0842423219804137
"3794","C18794",1313,"P42",9,"S14","A32","A173","E75","A93","A101",4,20,"A152",1,1,"A201",0,0,0,1,0,0,0,0,0,0,0,0,0,1,0,1,1,0,1,0.100879418587663
"2782","C17782",5096,"P42",48,"S12","A34","A174","E73","A92","A101",3,30,"A152",1,1,"A201",1,0,0,0,0,0,0,1,0,1,0,1,1,1,0,1,0,1,1,0.490544352067905
"612","C15612",2859,"P40",12,"S14","A32","A174","E71","A93","A101",4,38,"A152",1,1,"A201",0,0,0,0,0,1,0,0,0,0,1,0,0,1,0,1,0,0,1,0.15811212861172
"3068","C18068",3913,"P43",36,"S13","A32","A173","E73","A93","A101",2,23,"A152",1,1,"A201",0,0,0,1,1,0,0,0,0,0,0,1,0,1,0,1,1,0,1,0.131617683018143
"3879","C18879",11560,"P41",24,"S12","A32","A174","E73","A92","A101",4,23,"A151",2,1,"A201",1,0,0,0,1,0,0,1,0,0,0,1,1,1,1,1,1,1,1,0.396892556433756
"4922","C19922",3114,"P42",18,"S11","A30","A173","E72","A92","A101",4,26,"A151",1,1,"A201",1,0,0,1,0,0,1,0,1,0,1,0,1,1,1,1,1,0,1,0.866008560855106
"4327","C19327",2278,"P40",18,"S12","A30","A173","E72","A92","A101",3,28,"A152",2,1,"A201",1,0,0,1,0,1,0,1,1,0,1,0,1,1,0,1,1,0,1,0.733826486670924
"4652","C19652",2384,"P43",24,"S11","A32","A172","E75","A93","A101",4,64,"A151",1,1,"A201",0,0,1,0,1,0,1,0,0,0,0,0,0,1,1,1,0,0,1,0.443444091625029
"917","C15917",8858,"P41",48,"S14","A34","A173","E74","A93","A101",1,35,"A153",2,1,"A201",0,0,0,1,1,0,0,0,0,1,0,0,0,1,1,1,0,1,0,0.100923853429802
"4308","C19308",1228,"P40",12,"S11","A32","A172","E73","A92","A101",2,24,"A152",1,1,"A201",1,0,1,0,0,1,1,0,0,0,0,1,1,1,0,1,1,0,1,0.48618157719108
"3110","C18110",866,"P43",18,"S12","A32","A172","E73","A94","A103",2,25,"A152",1,1,"A201",0,0,1,0,1,0,0,1,0,0,0,1,0,0,0,1,1,0,1,0.134430344830141
"4801","C19801",2862,"P40",36,"S12","A33","A173","E75","A93","A101",3,30,"A153",1,1,"A201",0,0,0,1,0,1,0,1,0,0,0,0,0,1,1,1,0,0,1,0.565127458883794
"2245","C17245",6143,"P41",48,"S11","A34","A172","E75","A92","A101",4,58,"A153",2,1,"A201",1,0,1,0,1,0,1,0,0,1,0,0,1,1,1,1,0,1,1,0.55382698175467
"3332","C18332",4439,"P49",18,"S12","A32","A174","E75","A93","A102",1,33,"A152",1,1,"A201",0,0,0,0,0,1,0,1,0,0,0,0,0,1,0,1,0,0,0,0.258897596872192
"3117","C18117",1393,"P46",12,"S14","A32","A173","E75","A93","A101",4,47,"A152",3,2,"A201",0,0,0,1,0,1,0,0,0,0,0,0,0,1,0,1,0,0,1,0.110305290232065
"4633","C19633",1050,"P42",6,"S12","A33","A174","E71","A93","A101",1,35,"A152",2,1,"A201",0,0,0,0,0,0,0,1,0,0,1,0,0,1,0,1,0,0,0,0.261945535384495
"1563","C16563",1842,"P40",36,"S11","A32","A173","E72","A92","A101",4,34,"A152",1,1,"A201",1,0,0,1,0,1,1,0,0,0,1,0,1,1,0,1,0,0,1,0.761135362977902
"209","C15209",709,"P40",6,"S13","A32","A171","E72","A94","A101",2,27,"A152",1,1,"A202",0,1,0,0,0,1,0,0,0,0,1,0,0,1,0,0,1,0,1,0.0428819847964312
"3273","C18273",1123,"P42",12,"S14","A32","A172","E73","A92","A101",4,29,"A151",1,1,"A201",1,0,1,0,0,0,0,0,0,0,0,1,1,1,1,1,1,0,1,0.193587518245133
"3788","C18788",1360,"P43",15,"S14","A34","A173","E73","A93","A101",2,31,"A152",2,1,"A201",0,0,0,1,1,0,0,0,0,1,0,1,0,1,0,1,0,0,1,0.0370257461679233
"2225","C17225",433,"P46",6,"S12","A31","A173","E72","A92","A101",2,24,"A151",1,2,"A201",1,0,0,1,0,1,0,1,1,0,1,0,1,1,1,1,1,0,1,0.722795972012912
"3493","C18493",1217,"P44",18,"S11","A32","A172","E73","A94","A101",3,47,"A152",1,1,"A201",1,0,1,0,0,0,1,0,0,0,0,1,0,1,0,1,0,0,1,0.456954021341531
"2391","C17391",5433,"P41",24,"S14","A32","A174","E71","A92","A101",4,26,"A151",1,1,"A201",0,0,0,0,1,0,0,0,0,0,1,0,1,1,1,1,1,1,1,0.22967545075133
"2738","C17738",1935,"P42",12,"S14","A34","A173","E75","A93","A101",4,43,"A152",3,1,"A201",0,0,0,1,0,0,0,0,0,1,0,0,0,1,0,1,0,0,1,0.059510045437248
"2094","C17094",338,"P43",6,"S11","A34","A173","E75","A93","A101",4,52,"A152",2,1,"A201",0,0,0,1,1,0,1,0,0,1,0,0,0,1,0,1,0,0,1,0.136729738227268
"3123","C18123",2247,"P40",12,"S13","A33","A173","E73","A92","A101",2,36,"A152",2,1,"A201",0,0,0,1,0,1,0,0,0,0,0,1,1,1,0,1,0,0,1,0.14547101254588
"3698","C18698",3399,"P43",12,"S13","A32","A174","E75","A93","A101",3,37,"A152",1,1,"A201",0,0,0,0,1,0,0,0,0,0,0,0,0,1,0,1,0,0,1,0.0638255324815497
"3358","C18358",571,"P40",21,"S11","A34","A173","E75","A93","A101",4,65,"A152",2,1,"A201",0,0,0,1,0,1,1,0,0,1,0,0,0,1,0,1,0,0,1,0.321829718386664
"293","C15293",6568,"P49",24,"S11","A32","A172","E73","A94","A101",2,21,"A152",1,1,"A201",0,0,1,0,0,1,1,0,0,0,0,1,0,1,0,1,1,1,1,0.506779146574888
"4283","C19283",6288,"P46",60,"S12","A32","A173","E73","A93","A101",4,42,"A153",1,1,"A201",1,0,0,1,0,1,0,1,0,0,0,1,0,1,1,1,0,1,1,0.742865587989303
"214","C15214",683,"P43",6,"S13","A33","A173","E72","A92","A101",1,29,"A152",1,1,"A201",0,0,0,1,1,0,0,0,0,0,1,0,1,1,0,1,1,0,0,0.0742030819752843
"3543","C18543",2580,"P49",21,"S14","A33","A172","E72","A93","A101",2,41,"A152",1,2,"A201",1,0,1,0,0,1,0,0,0,0,1,0,0,1,0,1,0,0,1,0.202176198728489
"4446","C19446",5103,"P43",24,"S14","A34","A173","E72","A94","A101",3,47,"A153",3,1,"A201",0,0,0,1,1,0,0,0,0,1,1,0,0,1,1,1,0,1,1,0.0997660307348837
"1283","C16283",753,"P43",6,"S12","A32","A173","E73","A92","A103",3,64,"A152",1,1,"A201",0,0,0,1,1,0,0,1,0,0,0,1,1,0,0,1,0,0,1,0.125127199740904
"3920","C18920",3777,"P42",24,"S14","A34","A173","E73","A93","A101",4,50,"A152",1,1,"A201",0,0,0,1,0,0,0,0,0,1,0,1,0,1,0,1,0,0,1,0.0862113939182156
"2415","C17415",1175,"P40",16,"S12","A34","A171","E71","A93","A101",3,68,"A153",3,1,"A201",0,1,0,0,0,1,0,1,0,1,1,0,0,1,1,1,0,0,1,0.340489907131043
"2170","C17170",3931,"P40",48,"S11","A32","A173","E74","A93","A101",4,46,"A153",1,2,"A201",1,0,0,1,0,1,1,0,0,0,0,0,0,1,1,1,0,0,1,0.763098741713177
"1568","C16568",766,"P43",12,"S12","A32","A172","E73","A93","A101",3,66,"A152",1,1,"A201",1,0,1,0,1,0,0,1,0,0,0,1,0,1,0,1,0,0,1,0.185631490468526
"1305","C16305",7432,"P40",36,"S12","A33","A173","E73","A92","A101",2,54,"A151",1,1,"A201",0,0,0,1,0,1,0,1,0,0,0,1,1,1,1,1,0,1,1,0.640849064300919
"3299","C18299",1884,"P40",12,"S14","A32","A174","E75","A93","A101",4,39,"A152",1,1,"A201",0,0,0,0,0,1,0,0,0,0,0,0,0,1,0,1,0,0,1,0.110305290232065
"171","C15171",1901,"P43",24,"S14","A32","A174","E73","A93","A101",4,29,"A151",1,1,"A201",0,0,0,0,1,0,0,0,0,0,0,1,0,1,1,1,1,0,1,0.125375467595293
"4756","C19756",2186,"P42",15,"S14","A32","A172","E74","A92","A101",4,33,"A151",1,1,"A201",0,0,1,0,0,0,0,0,0,0,0,0,1,1,1,1,0,0,1,0.209655877134545
"4098","C19098",4623,"P46",15,"S14","A32","A174","E73","A93","A101",2,40,"A152",1,1,"A201",1,0,0,0,0,1,0,0,0,0,0,1,0,1,0,1,0,0,1,0.120493858525528
"2845","C17845",4530,"P43",30,"S14","A34","A174","E74","A92","A101",4,26,"A151",1,1,"A201",0,0,0,0,1,0,0,0,0,1,0,0,1,1,1,1,1,0,1,0.109259370332457
"2790","C17790",2606,"P43",21,"S11","A32","A174","E72","A92","A101",4,28,"A151",1,1,"A201",0,0,0,0,1,0,1,0,0,0,1,0,1,1,1,1,1,0,1,0.59995470753456
"1418","C16418",7814,"P41",24,"S14","A32","A174","E74","A93","A101",3,38,"A152",1,1,"A201",0,0,0,0,1,0,0,0,0,0,0,0,0,1,0,1,0,1,1,0.0922732073318229
"2260","C17260",707,"P43",12,"S14","A32","A173","E73","A93","A101",2,30,"A152",2,1,"A201",0,0,0,1,1,0,0,0,0,0,0,1,0,1,0,1,0,0,1,0.0638255324815497
"559","C15559",1795,"P43",18,"S12","A34","A172","E75","A92","A103",4,48,"A151",2,1,"A201",0,0,1,0,1,0,0,1,0,1,0,0,1,0,1,1,0,0,1,0.133055319178189
"3196","C18196",6229,"P42",36,"S11","A34","A172","E72","A92","A102",4,23,"A151",2,1,"A201",1,0,1,0,0,0,1,0,0,1,1,0,1,1,1,1,1,1,1,0.696353399720657
"3610","C18610",2775,"P40",18,"S14","A34","A173","E74","A93","A101",2,31,"A152",2,1,"A201",1,0,0,1,0,1,0,0,0,1,0,0,0,1,0,1,0,0,1,0.071722489173589
"831","C15831",1591,"P42",21,"S14","A33","A174","E74","A93","A101",3,34,"A152",2,1,"A201",0,0,0,0,0,0,0,0,0,0,0,0,0,1,0,1,0,0,1,0.143314138910187
"3135","C18135",4455,"P49",36,"S12","A33","A174","E73","A91","A101",2,30,"A152",2,1,"A201",1,0,0,0,0,1,0,1,0,0,0,1,1,1,0,1,0,0,1,0.558565765564914
"2426","C17426",760,"P43",8,"S12","A32","A172","E74","A92","A103",2,44,"A152",1,1,"A201",0,0,1,0,1,0,0,1,0,0,0,0,1,0,0,1,0,0,1,0.132599074652591
"3894","C18894",5711,"P41",36,"S14","A34","A174","E75","A93","A101",2,38,"A152",2,1,"A201",0,0,0,0,1,0,0,0,0,1,0,0,0,1,0,1,0,1,1,0.0718001806269258
"646","C15646",1049,"P42",18,"S11","A34","A173","E72","A92","A101",4,21,"A151",1,1,"A201",0,0,0,1,0,0,1,0,0,1,1,0,1,1,1,1,1,0,1,0.557446302469216
"4915","C19915",2366,"P40",12,"S12","A34","A174","E74","A91","A101",3,36,"A152",1,1,"A201",0,0,0,0,0,1,0,1,0,1,0,0,1,1,0,1,0,0,1,0.225097445953233
"3548","C18548",3609,"P49",48,"S14","A31","A173","E73","A92","A101",1,27,"A152",1,1,"A201",0,0,0,1,0,1,0,0,1,0,0,1,1,1,0,1,1,0,0,0.504919875912734
"3533","C18533",3972,"P42",24,"S14","A32","A173","E74","A92","A101",4,25,"A151",1,1,"A201",0,0,0,1,0,0,0,0,0,0,0,0,1,1,1,1,1,0,1,0.263587169048441
"4740","C19740",3804,"P43",36,"S12","A30","A173","E73","A92","A101",1,42,"A152",1,1,"A201",1,0,0,1,1,0,0,1,1,0,0,1,1,1,0,1,0,0,0,0.557050023755356
"4763","C19763",4657,"P41",15,"S14","A32","A173","E73","A93","A101",2,30,"A152",1,1,"A201",0,0,0,1,1,0,0,0,0,0,0,1,0,1,0,1,0,0,1,0.070058972687681
"4859","C19859",1595,"P43",6,"S14","A32","A173","E74","A93","A101",2,51,"A152",1,2,"A201",0,0,0,1,1,0,0,0,0,0,0,0,0,1,0,1,0,0,1,0.0528811314959595
"1580","C16580",2779,"P41",18,"S12","A32","A173","E73","A94","A101",3,21,"A151",1,1,"A201",0,0,0,1,1,0,0,1,0,0,0,1,0,1,1,1,1,0,1,0.281868483839882
"1695","C16695",6761,"P40",18,"S14","A32","A173","E73","A93","A101",4,68,"A151",2,1,"A201",1,0,0,1,0,1,0,0,0,0,0,1,0,1,1,1,0,1,1,0.175927124975663
"377","C15377",2728,"P43",15,"S12","A34","A173","E74","A93","A103",2,35,"A152",3,1,"A201",0,0,0,1,1,0,0,1,0,1,0,0,0,0,0,1,0,0,1,0.0669298240600406
"657","C15657",1819,"P46",36,"S14","A32","A173","E73","A93","A101",4,37,"A153",1,1,"A201",1,0,0,1,0,1,0,0,0,0,0,1,0,1,1,1,0,0,1,0.279891326240207
"4496","C19496",1478,"P43",9,"S14","A32","A173","E74","A93","A101",2,22,"A152",1,1,"A201",1,0,0,1,1,0,0,0,0,0,0,0,0,1,0,1,1,0,1,0.0581120496264644
"4890","C19890",1168,"P40",12,"S11","A32","A172","E73","A94","A101",3,27,"A152",1,1,"A201",0,0,1,0,0,1,1,0,0,0,0,1,0,1,0,1,1,0,1,0.407975552284858
"1683","C16683",2522,"P43",30,"S11","A32","A173","E75","A93","A103",3,39,"A152",1,2,"A201",0,0,0,1,1,0,1,0,0,0,0,0,0,0,0,1,0,0,1,0.277961474619713
"1232","C16232",11590,"P41",48,"S14","A34","A172","E73","A92","A101",4,24,"A151",2,1,"A201",1,0,1,0,1,0,0,0,0,1,0,1,1,1,1,1,1,1,1,0.182553780895861
"2270","C17270",7238,"P43",48,"S14","A33","A173","E75","A93","A101",3,32,"A152",2,2,"A201",0,0,0,1,1,0,0,0,0,0,0,0,0,1,0,1,0,1,1,0.184331573193986
"4259","C19259",362,"P40",6,"S14","A34","A172","E73","A92","A101",4,52,"A152",2,1,"A201",0,0,1,0,0,1,0,0,0,1,0,1,1,1,0,1,0,0,1,0.0664259560930571
"3873","C18873",1371,"P40",24,"S11","A32","A173","E73","A92","A101",4,25,"A151",1,1,"A201",1,0,0,1,0,1,1,0,0,0,0,1,1,1,1,1,1,0,1,0.665494948733669
"178","C15178",3416,"P43",27,"S11","A32","A174","E73","A93","A101",2,27,"A152",1,1,"A201",0,0,0,0,1,0,1,0,0,0,0,1,0,1,0,1,1,0,1,0.384370337663197
"4568","C19568",6761,"P40",6,"S14","A34","A174","E74","A93","A101",3,45,"A152",2,2,"A201",0,0,0,0,0,1,0,0,0,1,0,0,0,1,0,1,0,1,1,0.0492666945196244
"4066","C19066",931,"P40",6,"S12","A31","A172","E72","A92","A101",1,32,"A152",1,1,"A201",1,0,1,0,0,1,0,1,1,0,1,0,1,1,0,1,0,0,0,0.56066393958226
"2611","C17611",1278,"P43",24,"S14","A32","A174","E75","A93","A101",1,36,"A152",1,1,"A201",0,0,0,0,1,0,0,0,0,0,0,0,0,1,0,1,0,0,0,0.0655590087466866
"248","C15248",1275,"P49",24,"S13","A34","A173","E73","A91","A101",4,36,"A152",2,1,"A201",0,0,0,1,0,1,0,0,0,1,0,1,1,1,0,1,0,0,1,0.114686042913361
"4682","C19682",3446,"P42",36,"S11","A32","A173","E75","A93","A101",2,42,"A152",1,2,"A201",1,0,0,1,0,0,1,0,0,0,0,0,0,1,0,1,0,0,1,0.605056033985848
"4618","C19618",1238,"P48",6,"S14","A32","A174","E71","A93","A101",4,36,"A152",1,2,"A201",0,0,0,0,1,0,0,0,0,0,1,0,0,1,0,1,0,0,1,0.0779814834325773
"2053","C17053",1297,"P43",12,"S13","A32","A173","E73","A94","A101",4,23,"A151",1,1,"A201",0,0,0,1,1,0,0,0,0,0,0,1,0,1,1,1,1,0,1,0.087708508835187
"1816","C16816",836,"P40",12,"S12","A32","A172","E72","A92","A101",2,23,"A152",1,1,"A201",1,0,1,0,0,1,0,1,0,0,1,0,1,1,0,1,1,0,1,0.462995180513842
"2517","C17517",1864,"P46",18,"S14","A34","A173","E73","A92","A101",2,30,"A152",2,1,"A201",1,0,0,1,0,1,0,0,0,1,0,1,1,1,0,1,0,0,1,0.0959139189949413
"566","C15566",1473,"P43",18,"S14","A32","A173","E72","A94","A101",4,39,"A152",1,1,"A201",0,0,0,1,1,0,0,0,0,0,1,0,0,1,0,1,0,0,1,0.111983879106501
"3665","C18665",2390,"P40",12,"S14","A32","A173","E75","A93","A101",3,50,"A152",1,1,"A201",0,0,0,1,0,1,0,0,0,0,0,0,0,1,0,1,0,0,1,0.110305290232065
"4665","C19665",5248,"P41",21,"S14","A32","A173","E73","A93","A101",3,26,"A152",1,1,"A201",0,0,0,1,1,0,0,0,0,0,0,1,0,1,0,1,1,1,1,0.0842423219804137
"2212","C17212",3590,"P42",12,"S11","A32","A172","E73","A93","A102",2,29,"A152",1,2,"A201",0,0,1,0,0,0,1,0,0,0,0,1,0,1,0,1,1,0,1,0.407975552284858
"472","C15472",1299,"P40",6,"S13","A34","A171","E73","A93","A101",1,74,"A152",3,2,"A202",0,1,0,0,0,1,0,0,0,1,0,1,0,1,0,0,0,0,0,0.0103108253494097
"4469","C19469",1318,"P40",12,"S12","A32","A173","E75","A93","A101",4,54,"A152",1,1,"A201",0,0,0,1,0,1,0,1,0,0,0,0,0,1,0,1,0,0,1,0.293047773292849
"1929","C16929",5804,"P41",24,"S14","A34","A173","E73","A93","A101",2,27,"A152",2,1,"A201",0,0,0,1,1,0,0,0,0,1,0,1,0,1,0,1,1,1,1,0.0493213537580633
"4759","C19759",3577,"P40",9,"S14","A32","A173","E73","A93","A103",2,26,"A151",1,2,"A202",0,0,0,1,0,1,0,0,0,0,0,1,0,0,1,0,1,0,1,0.0250720962432785
"186","C15186",1382,"P49",24,"S11","A34","A173","E74","A93","A101",1,26,"A152",2,1,"A201",0,0,0,1,0,1,1,0,0,1,0,0,0,1,0,1,1,0,0,0.265744972178948
"3303","C18303",11328,"P50",24,"S12","A32","A174","E73","A93","A102",3,29,"A152",2,1,"A201",1,0,0,0,0,1,0,1,0,0,0,1,0,1,0,1,1,1,1,0.381976234220843
"4925","C19925",1274,"P40",12,"S11","A32","A172","E72","A92","A101",1,37,"A152",1,1,"A201",1,0,1,0,0,1,1,0,0,0,1,0,1,1,0,1,0,0,0,0.497297056415847
"1139","C16139",1534,"P43",12,"S12","A32","A173","E72","A94","A101",1,23,"A151",1,1,"A201",1,0,0,1,1,0,0,1,0,0,1,0,0,1,1,1,1,0,0,0.251530593703177
"2589","C17589",3441,"P42",30,"S12","A32","A173","E73","A92","A102",4,21,"A151",1,1,"A201",1,0,0,1,0,0,0,1,0,0,0,1,1,1,1,1,1,0,1,0.593709509925408
"3816","C18816",1289,"P42",12,"S11","A32","A172","E73","A93","A103",1,21,"A152",1,1,"A201",0,0,1,0,0,0,1,0,0,0,0,1,0,0,0,1,1,0,0,0.209727205433455
"29","C15029",11560,"P41",24,"S12","A32","A174","E73","A92","A101",4,23,"A151",2,1,"A201",1,0,0,0,1,0,0,1,0,0,0,1,1,1,1,1,1,1,1,0.396892556433756
"1415","C16415",1190,"P45",18,"S11","A34","A171","E71","A92","A101",4,55,"A153",3,2,"A201",1,1,0,0,0,1,1,0,0,1,1,0,1,1,1,1,0,0,1,0.557446302469216
"4636","C19636",685,"P40",12,"S12","A32","A172","E74","A94","A101",3,25,"A152",1,1,"A201",1,0,1,0,0,1,0,1,0,0,0,0,0,1,0,1,1,0,1,0.293047773292849
"4510","C19510",1820,"P40",18,"S14","A32","A174","E73","A94","A101",2,30,"A152",1,1,"A201",0,0,0,0,0,1,0,0,0,0,0,1,0,1,0,1,0,0,1,0.131484434702704
"2861","C17861",1388,"P42",9,"S14","A32","A173","E73","A92","A101",2,26,"A151",1,1,"A201",0,0,0,1,0,0,0,0,0,0,0,1,1,1,1,1,1,0,1,0.178472570094822
"3696","C18696",1393,"P46",12,"S14","A32","A173","E75","A93","A101",4,47,"A152",3,2,"A201",0,0,0,1,0,1,0,0,0,0,0,0,0,1,0,1,0,0,1,0.110305290232065
"2520","C17520",2149,"P43",12,"S11","A31","A173","E73","A91","A101",1,29,"A153",1,1,"A201",1,0,0,1,1,0,1,0,1,0,0,1,1,1,1,1,1,0,0,0.570103888408169
"3624","C18624",1413,"P43",24,"S14","A32","A173","E73","A94","A101",2,28,"A152",1,1,"A201",0,0,0,1,1,0,0,0,0,0,0,1,0,1,0,1,1,0,1,0.0922732073318229
"3041","C18041",2511,"P40",15,"S11","A32","A173","E71","A92","A101",4,23,"A151",1,1,"A201",0,0,0,1,0,1,1,0,0,0,1,0,1,1,1,1,1,0,1,0.690737403701799
"554","C15554",1316,"P43",15,"S14","A34","A172","E73","A94","A101",2,47,"A152",2,1,"A201",0,0,1,0,1,0,0,0,0,1,0,1,0,1,0,1,0,0,1,0.0370257461679233
"616","C15616",4746,"P43",45,"S12","A34","A172","E72","A93","A101",2,25,"A152",2,1,"A201",1,0,1,0,1,0,0,1,0,1,1,0,0,1,0,1,1,0,1,0.345815803442264
"768","C15768",3016,"P43",12,"S13","A32","A173","E73","A94","A101",1,24,"A152",1,1,"A201",0,0,0,1,1,0,0,0,0,0,0,1,0,1,0,1,1,0,0,0.0449395332683648
"1738","C16738",8858,"P41",48,"S14","A34","A173","E74","A93","A101",1,35,"A153",2,1,"A201",0,0,0,1,1,0,0,0,0,1,0,0,0,1,1,1,0,1,0,0.100923853429802
"350","C15350",3148,"P43",24,"S13","A34","A173","E73","A93","A101",2,31,"A152",2,1,"A201",0,0,0,1,1,0,0,0,0,1,0,1,0,1,0,1,0,0,1,0.0493213537580633
"898","C15898",629,"P43",18,"S14","A34","A174","E75","A93","A101",3,32,"A152",2,1,"A201",0,0,0,0,1,0,0,0,0,1,0,0,0,1,0,1,0,0,1,0.0407557644486945
"2294","C17294",1239,"P46",18,"S12","A32","A173","E73","A93","A101",4,61,"A153",1,1,"A201",0,0,0,1,0,1,0,1,0,0,0,1,0,1,1,1,0,0,1,0.416492202906117
"1604","C16604",1169,"P43",18,"S14","A34","A173","E73","A93","A101",3,29,"A152",2,1,"A201",0,0,0,1,1,0,0,0,0,1,0,1,0,1,0,1,1,0,1,0.0407557644486945
"2266","C17266",3643,"P42",15,"S11","A33","A172","E75","A92","A101",4,27,"A152",2,1,"A201",0,0,1,0,0,0,1,0,0,0,0,0,1,1,0,1,1,0,1,0.511142395346445
"3323","C18323",4679,"P41",24,"S14","A33","A172","E74","A93","A101",3,35,"A152",2,1,"A201",0,0,1,0,1,0,0,0,0,0,0,0,0,1,0,1,0,0,1,0.0922732073318229
"2572","C17572",1881,"P43",12,"S13","A32","A172","E73","A92","A101",2,44,"A151",1,1,"A201",0,0,1,0,1,0,0,0,0,0,0,1,1,1,1,1,0,0,1,0.116614534125329
"4082","C19082",1512,"P45",15,"S12","A33","A173","E73","A94","A101",3,75,"A152",2,1,"A201",1,0,0,1,0,1,0,1,0,0,0,1,0,1,0,1,0,0,1,0.314155526700482
"2840","C17840",7980,"P49",36,"S14","A33","A173","E72","A93","A101",4,27,"A151",2,1,"A201",1,0,0,1,0,1,0,0,0,0,1,0,0,1,1,1,1,1,1,0.370582985456203
"436","C15436",1591,"P42",21,"S14","A33","A174","E74","A93","A101",3,34,"A152",2,1,"A201",0,0,0,0,0,0,0,0,0,0,0,0,0,1,0,1,0,0,1,0.143314138910187
"4311","C19311",1201,"P40",24,"S12","A32","A173","E72","A93","A101",1,26,"A152",1,1,"A201",0,0,0,1,0,1,0,1,0,0,1,0,0,1,0,1,1,0,0,0.392529331004056
"2375","C17375",2476,"P41",21,"S14","A32","A174","E75","A93","A101",4,46,"A152",1,1,"A201",0,0,0,0,1,0,0,0,0,0,0,0,0,1,0,1,0,0,1,0.0842423219804137
"641","C15641",18424,"P50",48,"S12","A30","A174","E73","A92","A101",2,32,"A152",1,1,"A202",1,0,0,0,0,1,0,1,1,0,0,1,1,1,0,0,0,1,1,0.590028780026911
"3412","C18412",6560,"P40",48,"S12","A32","A173","E74","A93","A101",2,24,"A152",1,1,"A201",1,0,0,1,0,1,0,1,0,0,0,0,0,1,0,1,1,1,1,0.578775649954521
"3388","C18388",1246,"P40",24,"S12","A32","A172","E72","A93","A101",2,23,"A152",1,1,"A201",1,0,1,0,0,1,0,1,0,0,1,0,0,1,0,1,1,0,1,0.483534853956164
"1910","C16910",6199,"P43",12,"S11","A30","A173","E73","A93","A101",2,28,"A151",2,1,"A201",1,0,0,1,1,0,1,0,1,0,0,1,0,1,1,1,1,1,1,0.583225924071514
"4337","C19337",7824,"P41",28,"S14","A31","A173","E72","A93","A103",4,40,"A151",2,2,"A201",0,0,0,1,1,0,0,0,1,0,1,0,0,0,1,1,0,1,1,0.266045227580619
"4540","C19540",2241,"P40",10,"S11","A34","A172","E72","A93","A101",3,48,"A151",2,2,"A202",0,0,1,0,0,1,1,0,0,1,1,0,0,1,1,0,0,0,1,0.16995340270996
"262","C15262",3446,"P42",36,"S11","A32","A173","E75","A93","A101",2,42,"A152",1,2,"A201",1,0,0,1,0,0,1,0,0,0,0,0,0,1,0,1,0,0,1,0.605056033985848
"1759","C16759",14421,"P49",48,"S12","A30","A173","E73","A93","A101",2,25,"A152",1,1,"A201",1,0,0,1,0,1,0,1,1,0,0,1,0,1,0,1,1,1,1,0.782523728830962
"4302","C19302",6331,"P41",48,"S11","A34","A173","E75","A93","A101",4,46,"A153",2,1,"A201",1,0,0,1,1,0,1,0,0,1,0,0,0,1,1,1,0,1,1,0.474794536779496
"1360","C16360",3617,"P42",12,"S12","A34","A173","E75","A93","A101",4,28,"A151",3,1,"A201",0,0,0,1,0,0,0,1,0,1,0,0,0,1,1,1,1,0,1,0.22978088087814
"739","C15739",1199,"P46",9,"S12","A32","A174","E74","A92","A101",4,67,"A152",2,1,"A201",0,0,0,0,0,1,0,1,0,0,0,0,1,1,0,1,0,0,1,0.339967450902204
"2022","C17022",8947,"P41",36,"S14","A33","A174","E74","A93","A101",2,31,"A152",1,2,"A201",0,0,0,0,1,0,0,0,0,0,0,0,0,1,0,1,0,1,1,0.131617683018143
"77","C15077",1237,"P42",8,"S12","A32","A173","E73","A92","A101",4,24,"A152",1,1,"A201",1,0,0,1,0,0,0,1,0,0,0,1,1,1,0,1,1,0,1,0.332538178979237
"3084","C18084",1980,"P42",9,"S14","A32","A173","E72","A92","A102",2,19,"A151",2,1,"A201",1,0,0,1,0,0,0,0,0,0,1,0,1,1,1,1,1,0,1,0.247601353254138
"2230","C17230",1262,"P43",12,"S14","A32","A173","E73","A93","A101",2,25,"A152",1,1,"A201",0,0,0,1,1,0,0,0,0,0,0,1,0,1,0,1,1,0,1,0.0638255324815497
"2555","C17555",4057,"P42",24,"S12","A32","A173","E74","A91","A101",3,43,"A152",1,1,"A201",1,0,0,1,0,0,0,1,0,0,0,0,1,1,0,1,0,0,1,0.459062938974264
"1866","C16866",3518,"P40",6,"S14","A32","A173","E73","A93","A103",3,26,"A151",1,1,"A201",0,0,0,1,0,1,0,0,0,0,0,1,0,0,1,1,1,0,1,0.0739821491373217
"1112","C16112",1338,"P44",6,"S14","A32","A173","E73","A91","A101",4,62,"A152",1,1,"A201",0,0,0,1,0,0,0,0,0,0,0,1,1,1,0,1,0,0,1,0.12235634014503
"1836","C16836",3965,"P43",42,"S11","A32","A173","E72","A93","A101",3,34,"A152",1,1,"A201",1,0,0,1,1,0,1,0,0,0,1,0,0,1,0,1,0,0,1,0.609109050378517
"3155","C18155",368,"P43",6,"S12","A32","A173","E75","A93","A101",4,38,"A152",1,1,"A201",0,0,0,1,1,0,0,1,0,0,0,0,0,1,0,1,0,0,1,0.157310239691742
"2330","C17330",1913,"P49",18,"S12","A32","A173","E72","A94","A101",3,36,"A152",1,1,"A201",0,0,0,1,0,1,0,1,0,0,1,0,0,1,0,1,0,0,1,0.433984198854283
"1570","C16570",3016,"P43",12,"S13","A32","A173","E73","A94","A101",1,24,"A152",1,1,"A201",0,0,0,1,1,0,0,0,0,0,0,1,0,1,0,1,1,0,0,0.0449395332683648
"4826","C19826",3595,"P43",36,"S14","A32","A173","E75","A93","A101",2,28,"A152",1,1,"A201",0,0,0,1,1,0,0,0,0,0,0,0,0,1,0,1,1,0,1,0.131617683018143
"1267","C16267",8072,"P49",30,"S11","A30","A173","E72","A93","A101",3,25,"A152",3,1,"A201",0,0,0,1,0,1,1,0,1,0,1,0,0,1,0,1,1,1,1,0.83269054976689
"2311","C17311",1364,"P43",9,"S11","A32","A173","E74","A93","A101",4,59,"A152",1,1,"A201",0,0,0,1,1,0,1,0,0,0,0,0,0,1,0,1,0,0,1,0.255359828611735
"1810","C16810",1224,"P40",9,"S14","A34","A173","E73","A93","A101",1,30,"A152",2,1,"A201",0,0,0,1,0,1,0,0,0,1,0,1,0,1,0,1,0,0,0,0.0380182638379526
"1068","C16068",14896,"P40",6,"S11","A32","A174","E75","A93","A101",4,68,"A152",1,1,"A201",1,0,0,0,0,1,1,0,0,0,0,0,0,1,0,1,0,1,1,0.360759287574476
"2205","C17205",4576,"P41",45,"S12","A34","A173","E71","A93","A101",4,27,"A152",1,1,"A201",0,0,0,1,1,0,0,1,0,1,1,0,0,1,0,1,1,0,1,0.345815803442264
"918","C15918",2221,"P42",15,"S14","A32","A173","E73","A92","A101",4,20,"A151",1,1,"A201",0,0,0,1,0,0,0,0,0,0,0,1,1,1,1,1,1,0,1,0.209655877134545
"2157","C17157",2427,"P49",18,"S12","A33","A173","E75","A93","A101",2,42,"A152",2,1,"A201",0,0,0,1,0,1,0,1,0,0,0,0,0,1,0,1,0,0,1,0.336060911421833
"4487","C19487",1473,"P43",18,"S14","A32","A173","E72","A94","A101",4,39,"A152",1,1,"A201",0,0,0,1,1,0,0,0,0,0,1,0,0,1,0,1,0,0,1,0.111983879106501
"517","C15517",6579,"P41",24,"S11","A32","A174","E71","A93","A101",2,29,"A153",1,1,"A201",0,0,0,0,1,0,1,0,0,0,1,0,0,1,1,1,1,1,1,0.546883917049587
"4347","C19347",8229,"P41",36,"S11","A32","A173","E73","A93","A101",2,26,"A152",1,2,"A201",1,0,0,1,1,0,1,0,0,0,0,1,0,1,0,1,1,1,1,0.457243458297937
"2173","C17173",1493,"P43",12,"S14","A32","A173","E72","A92","A101",3,34,"A152",1,2,"A201",0,0,0,1,1,0,0,0,0,0,1,0,1,1,0,1,0,0,1,0.124192718555936
"592","C15592",1572,"P49",21,"S14","A32","A172","E75","A92","A101",4,36,"A152",1,1,"A201",0,0,1,0,0,1,0,0,0,0,0,0,1,1,0,1,0,0,1,0.18679379721218
"2218","C17218",2132,"P42",10,"S11","A34","A173","E72","A92","A102",3,27,"A151",2,1,"A202",0,0,0,1,0,0,1,0,0,1,1,0,1,1,1,0,1,0,1,0.219444818356808
"1692","C16692",4165,"P49",18,"S14","A30","A173","E73","A93","A101",2,36,"A152",2,2,"A201",1,0,0,1,0,1,0,0,1,0,0,1,0,1,0,1,0,0,1,0.283897132217957
"1774","C16774",12976,"P41",18,"S12","A32","A174","E71","A92","A101",4,38,"A153",1,1,"A201",1,0,0,0,1,0,0,1,0,0,1,0,1,1,1,1,0,1,1,0.449454468522069
"4465","C19465",4439,"P49",18,"S12","A32","A174","E75","A93","A102",1,33,"A152",1,1,"A201",0,0,0,0,0,1,0,1,0,0,0,0,0,1,0,1,0,0,0,0.258897596872192
"2849","C17849",1287,"P40",24,"S14","A34","A173","E75","A92","A101",4,37,"A152",2,1,"A201",0,0,0,1,0,1,0,0,0,1,0,0,1,1,0,1,0,0,1,0.114686042913361
"1809","C16809",682,"P40",12,"S14","A34","A173","E74","A92","A101",3,51,"A152",2,1,"A201",0,0,0,1,0,1,0,0,0,1,0,0,1,1,0,1,0,0,1,0.0799370288159394
"2063","C17063",781,"P40",10,"S13","A34","A173","E75","A93","A101",4,63,"A153",2,1,"A201",0,0,0,1,0,1,0,0,0,1,0,0,0,1,1,1,0,0,1,0.0770497215207211
"960","C15960",1953,"P49",36,"S12","A30","A174","E75","A93","A101",4,61,"A153",1,1,"A201",1,0,0,0,0,1,0,1,1,0,0,0,0,1,1,1,0,0,1,0.772886705061983
"301","C15301",2520,"P43",27,"S12","A34","A172","E73","A93","A101",2,23,"A152",2,1,"A201",1,0,1,0,1,0,0,1,0,1,0,1,0,1,0,1,1,0,1,0.1608448752195
"1548","C16548",9398,"P41",36,"S12","A32","A174","E72","A94","A101",4,28,"A151",1,1,"A201",1,0,0,0,1,0,0,1,0,0,1,0,0,1,1,1,1,1,1,0.519804726733948
"52","C15052",1449,"P49",6,"S12","A33","A173","E75","A91","A101",2,31,"A152",2,2,"A201",0,0,0,1,0,1,0,1,0,0,0,0,1,1,0,1,0,0,1,0.317929361827081
"4385","C19385",2210,"P42",10,"S14","A32","A172","E73","A93","A101",2,25,"A151",1,1,"A201",1,0,1,0,0,0,0,0,0,0,0,1,0,1,1,1,1,0,1,0.140578302526999
"3922","C18922",1555,"P45",12,"S14","A33","A173","E75","A93","A101",4,55,"A153",2,2,"A201",1,0,0,1,0,1,0,0,0,0,0,0,0,1,1,1,0,0,1,0.14881588529005
"2800","C17800",3976,"P42",21,"S12","A32","A173","E74","A93","A101",3,35,"A152",1,1,"A201",0,0,0,1,0,0,0,1,0,0,0,0,0,1,0,1,0,0,1,0.358694877092045
"3265","C18265",2394,"P43",36,"S14","A32","A173","E73","A92","A101",4,25,"A152",1,1,"A201",0,0,0,1,1,0,0,0,0,0,0,1,1,1,0,1,1,0,1,0.172262330608823
"3522","C18522",1433,"P42",15,"S11","A34","A173","E73","A92","A101",3,25,"A151",2,1,"A201",0,0,0,1,0,0,1,0,0,1,0,1,1,1,1,1,1,0,1,0.429388994042042
"2130","C17130",1542,"P49",12,"S14","A32","A173","E74","A93","A101",4,36,"A152",1,1,"A201",0,0,0,1,0,1,0,0,0,0,0,0,0,1,0,1,0,0,1,0.110305290232065
"2192","C17192",1924,"P43",10,"S14","A32","A173","E73","A93","A101",4,38,"A152",1,1,"A202",0,0,0,1,1,0,0,0,0,0,0,1,0,1,0,0,0,0,1,0.0182418230778055
"1091","C16091",5954,"P49",42,"S12","A34","A172","E74","A92","A101",1,41,"A152",2,1,"A201",0,0,1,0,0,1,0,1,0,1,0,0,1,1,0,1,0,1,0,0.352432301947004
"4276","C19276",797,"P43",12,"S14","A34","A172","E75","A92","A101",3,33,"A152",1,2,"A201",1,0,1,0,1,0,0,0,0,1,0,0,1,1,0,1,0,0,1,0.0455978313401185
"3956","C18956",3812,"P41",15,"S14","A32","A173","E72","A92","A101",4,23,"A152",1,1,"A201",0,0,0,1,1,0,0,0,0,0,1,0,1,1,0,1,1,0,1,0.135468711415615
"1137","C16137",926,"P40",12,"S14","A34","A171","E71","A92","A101",2,38,"A152",1,1,"A201",0,1,0,0,0,1,0,0,0,1,1,0,1,1,0,1,0,0,1,0.116302647819615
"2821","C17821",6681,"P49",48,"S12","A33","A173","E73","A93","A101",4,38,"A153",1,2,"A201",0,0,0,1,0,1,0,1,0,0,0,1,0,1,1,1,0,1,1,0.659587662226173
"2867","C17867",709,"P43",12,"S11","A32","A172","E75","A93","A101",4,57,"A152",1,1,"A201",1,0,1,0,1,0,1,0,0,0,0,0,0,1,0,1,0,0,1,0.274808207258382
"4333","C19333",640,"P40",12,"S14","A32","A172","E73","A91","A101",2,49,"A152",1,1,"A201",0,0,1,0,0,1,0,0,0,0,0,1,1,1,0,1,0,0,1,0.14547101254588
"1207","C16207",700,"P43",6,"S14","A34","A173","E75","A93","A101",4,36,"A153",2,1,"A201",0,0,0,1,1,0,0,0,0,1,0,0,0,1,1,1,0,0,1,0.0386311410991077
"1457","C16457",3049,"P42",18,"S13","A32","A172","E72","A92","A101",1,45,"A152",1,1,"A201",0,0,1,0,0,0,0,0,0,0,1,0,1,1,0,1,0,0,0,0.178525678518202
"306","C15306",3594,"P41",15,"S14","A33","A172","E72","A92","A101",2,46,"A152",2,1,"A201",0,0,1,0,1,0,0,0,0,0,1,0,1,1,0,1,0,0,1,0.135468711415615
"2807","C17807",745,"P43",9,"S13","A32","A172","E73","A92","A101",2,28,"A152",1,1,"A201",1,0,1,0,1,0,0,0,0,0,0,1,1,1,0,1,1,0,1,0.07809901560845
"2168","C17168",1007,"P40",12,"S12","A32","A173","E73","A94","A101",1,22,"A152",1,1,"A201",0,0,0,1,0,1,0,1,0,0,0,1,0,1,0,1,1,0,0,0.222451716323391
"535","C15535",3512,"P40",24,"S12","A32","A173","E74","A93","A101",3,38,"A152",2,1,"A201",0,0,0,1,0,1,0,1,0,0,0,0,0,1,0,1,0,0,1,0.381976234220843
"3831","C18831",1544,"P43",4,"S14","A34","A172","E74","A93","A101",1,42,"A152",3,2,"A201",0,0,1,0,1,0,0,0,0,1,0,0,0,1,0,1,0,0,0,0.0180677795122997
"2210","C17210",3349,"P42",24,"S11","A31","A173","E72","A93","A101",4,30,"A153",1,2,"A201",1,0,0,1,0,0,1,0,1,0,1,0,0,1,1,1,0,0,1,0.851800807059192
"3099","C18099",1804,"P41",12,"S12","A34","A173","E72","A93","A101",4,44,"A152",1,1,"A201",0,0,0,1,1,0,0,1,0,1,1,0,0,1,0,1,0,0,1,0.149822392595267
"4661","C19661",1364,"P43",9,"S11","A32","A173","E74","A93","A101",4,59,"A152",1,1,"A201",0,0,0,1,1,0,1,0,0,0,0,0,0,1,0,1,0,0,1,0.255359828611735
"3449","C18449",2671,"P43",36,"S12","A32","A173","E73","A92","A102",4,50,"A153",1,1,"A201",1,0,0,1,1,0,0,1,0,0,0,1,1,1,1,1,0,0,1,0.495257434727835
"3144","C18144",1501,"P46",9,"S12","A34","A174","E75","A92","A101",3,34,"A152",2,1,"A201",1,0,0,0,0,1,0,1,0,1,0,0,1,1,0,1,0,0,1,0.208157316834181
"2514","C17514",601,"P42",4,"S14","A32","A172","E72","A92","A101",3,23,"A151",1,2,"A201",0,0,1,0,0,0,0,0,0,0,1,0,1,1,1,1,1,0,1,0.217910030285944
"2469","C17469",727,"P46",10,"S14","A32","A173","E75","A93","A101",4,46,"A153",1,1,"A201",0,0,0,1,0,1,0,0,0,0,0,0,0,1,1,1,0,0,1,0.140578302526999
"1066","C16066",5371,"P42",36,"S11","A34","A173","E73","A93","A103",2,28,"A152",2,1,"A201",0,0,0,1,0,0,1,0,0,1,0,1,0,0,0,1,1,1,1,0.303756344316824
"118","C15118",1155,"P43",12,"S12","A32","A172","E75","A94","A103",3,40,"A152",2,1,"A201",0,0,1,0,1,0,0,1,0,0,0,0,0,0,0,1,0,0,1,0.112838331340695
"1647","C16647",1521,"P42",10,"S12","A32","A172","E73","A91","A101",2,31,"A152",1,1,"A201",0,0,1,0,0,0,0,1,0,0,0,1,1,1,0,1,0,0,1,0.347476293840844
"1394","C16394",1322,"P40",11,"S12","A34","A173","E73","A92","A101",4,40,"A152",2,1,"A201",0,0,0,1,0,1,0,1,0,1,0,1,1,1,0,1,0,0,1,0.21934420395023
"1538","C16538",996,"P45",12,"S14","A34","A173","E74","A92","A101",4,23,"A152",2,1,"A201",0,0,0,1,0,1,0,0,0,1,0,0,1,1,0,1,1,0,1,0.0799370288159394
"674","C15674",2030,"P42",9,"S12","A32","A173","E74","A93","A101",1,24,"A152",1,1,"A201",0,0,0,1,0,0,0,1,0,0,0,0,0,1,0,1,1,0,0,0.205657853247889
"1253","C16253",1330,"P40",12,"S13","A32","A173","E72","A93","A101",1,26,"A152",1,1,"A201",0,0,0,1,0,1,0,0,0,0,1,0,0,1,0,1,1,0,0,0.114746306397475
"1620","C16620",1768,"P42",12,"S14","A32","A172","E73","A93","A101",2,24,"A151",1,1,"A201",0,0,1,0,0,0,0,0,0,0,0,1,0,1,1,1,1,0,1,0.14881588529005
"2974","C17974",3398,"P40",8,"S11","A34","A172","E74","A93","A101",4,39,"A152",2,1,"A202",0,0,1,0,0,1,1,0,0,1,0,0,0,1,0,0,0,0,1,0.0822979892965397
"4713","C19713",4526,"P42",27,"S14","A34","A172","E72","A93","A101",2,32,"A152",2,2,"A201",0,0,1,0,0,0,0,0,0,1,1,0,0,1,0,1,0,0,1,0.136384674125717
"453","C15453",1898,"P43",6,"S14","A34","A172","E73","A93","A101",2,34,"A152",2,2,"A201",0,0,1,0,1,0,0,0,0,1,0,1,0,1,0,1,0,0,1,0.0277060504612933
"4473","C19473",2136,"P42",9,"S11","A32","A173","E73","A93","A101",2,25,"A152",1,1,"A201",0,0,0,1,0,0,1,0,0,0,0,1,0,1,0,1,1,0,1,0.384094385433064
"3157","C18157",1820,"P40",18,"S14","A32","A174","E73","A94","A101",2,30,"A152",1,1,"A201",0,0,0,0,0,1,0,0,0,0,0,1,0,1,0,1,0,0,1,0.131484434702704
"1878","C16878",5293,"P49",27,"S11","A30","A173","E71","A93","A101",4,50,"A152",2,1,"A201",1,0,0,1,0,1,1,0,1,0,1,0,0,1,0,1,0,1,1,0.81831192679858
"3153","C18153",12389,"P40",36,"S12","A32","A173","E73","A93","A101",4,37,"A153",1,1,"A201",1,0,0,1,0,1,0,1,0,0,0,1,0,1,1,1,0,1,1,0.565127458883794
"309","C15309",1300,"P41",15,"S14","A32","A173","E75","A93","A101",4,45,"A153",1,2,"A201",0,0,0,1,1,0,0,0,0,0,0,0,0,1,1,1,0,0,1,0.096035175924538
"451","C15451",1240,"P43",12,"S14","A34","A173","E75","A92","A101",2,38,"A152",2,1,"A201",0,0,0,1,1,0,0,0,0,1,0,0,1,1,0,1,0,0,1,0.0455978313401185
"4916","C19916",2569,"P41",39,"S14","A32","A173","E73","A93","A101",4,24,"A152",1,1,"A201",0,0,0,1,1,0,0,0,0,0,0,1,0,1,0,1,1,0,1,0.143457395438027
"4798","C19798",2149,"P43",12,"S11","A31","A173","E73","A91","A101",1,29,"A153",1,1,"A201",1,0,0,1,1,0,1,0,1,0,0,1,1,1,1,1,1,0,0,0.570103888408169
"2957","C17957",1203,"P40",6,"S11","A32","A173","E75","A93","A101",2,43,"A152",1,1,"A201",0,0,0,1,0,1,1,0,0,0,0,0,0,1,0,1,0,0,1,0.360759287574476
"4230","C19230",2687,"P49",15,"S13","A32","A173","E74","A93","A101",4,26,"A151",1,1,"A201",0,0,0,1,0,1,0,0,0,0,0,0,0,1,1,1,1,0,1,0.161914208802844
"2438","C17438",1092,"P43",12,"S12","A32","A173","E73","A92","A103",4,49,"A152",2,1,"A201",0,0,0,1,1,0,0,1,0,0,0,1,1,0,0,1,0,0,1,0.148676648019088
"1127","C16127",3148,"P43",24,"S13","A34","A173","E73","A93","A101",2,31,"A152",2,1,"A201",0,0,0,1,1,0,0,0,0,1,0,1,0,1,0,1,0,0,1,0.0493213537580633
"780","C15780",3160,"P43",21,"S14","A32","A173","E75","A93","A101",3,41,"A152",1,1,"A201",0,0,0,1,1,0,0,0,0,0,0,0,0,1,0,1,0,0,1,0.0842423219804137
"3124","C18124",6289,"P49",42,"S13","A30","A173","E72","A91","A101",1,33,"A152",2,1,"A201",0,0,0,1,0,1,0,0,1,0,1,0,1,1,0,1,0,1,0,0.558539005937967
"4524","C19524",3758,"P43",24,"S12","A32","A171","E71","A92","A101",4,23,"A151",1,1,"A201",0,1,0,0,1,0,0,1,0,0,1,0,1,1,1,1,1,0,1,0.499213589824432
"847","C15847",1493,"P43",12,"S14","A32","A173","E72","A92","A101",3,34,"A152",1,2,"A201",0,0,0,1,1,0,0,0,0,0,1,0,1,1,0,1,0,0,1,0.124192718555936
"2901","C17901",1478,"P43",9,"S14","A32","A173","E74","A93","A101",2,22,"A152",1,1,"A201",1,0,0,1,1,0,0,0,0,0,0,0,0,1,0,1,1,0,1,0.0581120496264644
"3377","C18377",2576,"P43",7,"S12","A32","A173","E73","A93","A103",2,35,"A152",1,1,"A201",0,0,0,1,1,0,0,1,0,0,0,1,0,0,0,1,0,0,1,0.097219130049188
"4380","C19380",4272,"P49",30,"S14","A33","A172","E73","A93","A101",2,26,"A152",2,1,"A201",0,0,1,0,0,1,0,0,0,0,0,1,0,1,0,1,1,0,1,0.184156275345094
"2332","C17332",2141,"P43",12,"S14","A32","A173","E74","A93","A101",1,35,"A152",1,1,"A201",0,0,0,1,1,0,0,0,0,0,0,0,0,1,0,1,0,0,0,0.0449395332683648
"3651","C18651",701,"P43",12,"S11","A32","A172","E73","A94","A101",2,40,"A152",1,1,"A201",0,0,1,0,1,0,1,0,0,0,0,1,0,1,0,1,0,0,1,0.274808207258382
"4463","C19463",907,"P49",8,"S12","A32","A173","E72","A94","A101",2,26,"A152",1,1,"A201",0,0,0,1,0,1,0,1,0,0,1,0,0,1,0,1,1,0,1,0.354687789858481
"4411","C19411",4623,"P46",15,"S14","A32","A174","E73","A93","A101",2,40,"A152",1,1,"A201",1,0,0,0,0,1,0,0,0,0,0,1,0,1,0,1,0,0,1,0.120493858525528
"282","C15282",1198,"P46",6,"S11","A31","A173","E75","A92","A101",4,35,"A153",1,1,"A201",1,0,0,1,0,1,1,0,1,0,0,0,1,1,1,1,0,0,1,0.74103901107774
"3214","C18214",983,"P42",12,"S12","A32","A172","E72","A92","A101",4,19,"A151",1,1,"A201",0,0,1,0,0,0,0,1,0,0,1,0,1,1,1,1,1,0,1,0.54869949200642
"1865","C16865",2600,"P43",18,"S11","A32","A173","E73","A93","A101",4,65,"A153",2,1,"A201",1,0,0,1,1,0,1,0,0,0,0,1,0,1,1,1,0,0,1,0.394860765356309
"1521","C16521",1559,"P49",24,"S14","A31","A173","E74","A93","A101",4,50,"A152",1,1,"A201",0,0,0,1,0,1,0,0,1,0,0,0,0,1,0,1,0,0,1,0.326186865206374
"1163","C16163",1190,"P45",18,"S11","A34","A171","E71","A92","A101",4,55,"A153",3,2,"A201",1,1,0,0,0,1,1,0,0,1,1,0,1,1,1,1,0,0,1,0.557446302469216
"950","C15950",1333,"P40",24,"S11","A33","A173","E71","A93","A101",2,43,"A153",2,2,"A201",1,0,0,1,0,1,1,0,0,0,1,0,0,1,1,1,0,0,1,0.686995521020931
"1639","C16639",2743,"P43",28,"S14","A34","A173","E75","A93","A101",2,29,"A152",2,1,"A201",0,0,0,1,1,0,0,0,0,1,0,0,0,1,0,1,1,0,1,0.0559528895224646
"3642","C18642",433,"P43",18,"S14","A32","A173","E71","A92","A102",4,22,"A151",1,1,"A201",1,0,0,1,1,0,0,0,0,0,1,0,1,1,1,1,1,0,1,0.196253906429319
"1027","C16027",7119,"P42",48,"S11","A30","A173","E73","A93","A101",4,53,"A153",2,2,"A201",1,0,0,1,0,0,1,0,1,0,0,1,0,1,1,1,0,1,1,0.89401539790385
"2207","C17207",3832,"P42",30,"S12","A32","A173","E72","A94","A101",1,22,"A152",1,1,"A201",0,0,0,1,0,0,0,1,0,0,1,0,0,1,0,1,1,0,0,0.441034865926959
"785","C15785",2171,"P40",12,"S11","A34","A172","E73","A93","A101",4,38,"A152",2,1,"A202",0,0,1,0,0,1,1,0,0,1,0,1,0,1,0,0,0,0,1,0.0929300020188221
"748","C15748",3059,"P43",12,"S14","A32","A172","E74","A91","A101",4,61,"A152",1,1,"A201",0,0,1,0,1,0,0,0,0,0,0,0,1,1,0,1,0,0,1,0.085598997180936
"2787","C17787",7297,"P49",60,"S11","A32","A173","E75","A93","A102",4,36,"A151",1,1,"A201",1,0,0,1,0,1,1,0,0,0,0,0,0,1,1,1,0,1,1,0.827669951364863
"1216","C16216",2503,"P49",30,"S12","A33","A173","E75","A93","A101",2,41,"A152",2,1,"A201",0,0,0,1,0,1,0,1,0,0,0,0,0,1,0,1,0,0,1,0.430101007556077
"537","C15537",7166,"P43",42,"S14","A32","A173","E74","A94","A101",4,29,"A151",1,1,"A201",0,0,0,1,1,0,0,0,0,0,0,0,0,1,1,1,1,1,1,0.206968994667149
"225","C15225",2831,"P43",30,"S14","A34","A173","E73","A92","A101",2,33,"A152",1,1,"A201",0,0,0,1,1,0,0,0,0,1,0,1,1,1,0,1,0,0,1,0.0800228513738534
"3608","C18608",1919,"P42",9,"S12","A34","A173","E74","A93","A101",3,35,"A151",1,1,"A201",0,0,0,1,0,0,0,1,0,1,0,0,0,1,1,1,0,0,1,0.212584984352372
"2202","C17202",1131,"P42",18,"S11","A32","A173","E71","A92","A101",2,33,"A152",1,1,"A201",1,0,0,1,0,0,1,0,0,0,1,0,1,1,0,1,0,0,1,0.63638909498895
"457","C15457",1768,"P42",12,"S14","A32","A172","E73","A93","A101",2,24,"A151",1,1,"A201",0,0,1,0,0,0,0,0,0,0,0,1,0,1,1,1,1,0,1,0.14881588529005
"2187","C17187",2835,"P42",24,"S14","A32","A173","E75","A93","A101",4,53,"A152",1,1,"A201",0,0,0,1,0,0,0,0,0,0,0,0,0,1,0,1,0,0,1,0.156016974968144
"2091","C17091",1271,"P43",15,"S13","A34","A173","E73","A93","A101",4,39,"A153",2,1,"A201",1,0,0,1,1,0,0,0,0,1,0,1,0,1,1,1,0,0,1,0.0514313989216324
"3172","C18172",9283,"P41",42,"S12","A31","A174","E71","A93","A101",2,55,"A153",1,1,"A201",0,0,0,0,1,0,0,1,1,0,1,0,0,1,1,1,0,1,1,0.775855438413782
"2720","C17720",1533,"P43",24,"S14","A32","A173","E72","A92","A101",3,38,"A152",1,1,"A201",0,0,0,1,1,0,0,0,0,0,1,0,1,1,0,1,0,0,1,0.174530529349893
"2196","C17196",1288,"P45",9,"S11","A34","A173","E75","A93","A103",4,48,"A152",2,2,"A202",0,0,0,1,0,1,1,0,0,1,0,0,0,0,0,0,0,0,1,0.0491883379317303
"2789","C17789",1537,"P43",15,"S12","A34","A173","E75","A93","A103",4,50,"A152",2,1,"A201",0,0,0,1,1,0,0,1,0,1,0,0,0,0,0,1,0,0,1,0.0669298240600406
"2909","C17909",3878,"P40",24,"S12","A34","A173","E72","A91","A101",2,37,"A152",1,1,"A201",0,0,0,1,0,1,0,1,0,1,1,0,1,1,0,1,0,0,1,0.396167236357174
"4654","C19654",1422,"P40",9,"S11","A32","A174","E72","A93","A101",2,27,"A153",1,1,"A201",1,0,0,0,0,1,1,0,0,0,1,0,0,1,1,1,1,0,1,0.571209261304109
"1113","C16113",1533,"P43",24,"S14","A32","A173","E72","A92","A101",3,38,"A152",1,1,"A201",0,0,0,1,1,0,0,0,0,0,1,0,1,1,0,1,0,0,1,0.174530529349893
"4918","C19918",959,"P42",9,"S12","A32","A173","E73","A92","A101",2,29,"A152",1,1,"A202",1,0,0,1,0,0,0,1,0,0,0,1,1,1,0,0,1,0,1,0.130466278395522
"1003","C16003",1842,"P40",36,"S11","A32","A173","E72","A92","A101",4,34,"A152",1,1,"A201",1,0,0,1,0,1,1,0,0,0,1,0,1,1,0,1,0,0,1,0.761135362977902
"4865","C19865",5742,"P49",36,"S14","A32","A173","E74","A93","A101",2,31,"A152",2,1,"A201",0,0,0,1,0,1,0,0,0,0,0,0,0,1,0,1,0,1,1,0.216071467193813
"1565","C16565",1922,"P42",12,"S12","A32","A172","E73","A93","A101",2,37,"A152",1,1,"A201",1,0,1,0,0,0,0,1,0,0,0,1,0,1,0,1,0,0,1,0.293047773292849
"4482","C19482",2718,"P40",24,"S12","A32","A172","E73","A92","A101",4,20,"A151",1,1,"A201",1,0,1,0,0,1,0,1,0,0,0,1,1,1,1,1,1,0,1,0.544777786448967
"4519","C19519",2767,"P49",21,"S12","A32","A172","E75","A91","A101",2,61,"A151",2,1,"A201",1,0,1,0,0,1,0,1,0,0,0,0,1,1,1,1,0,0,1,0.519921340461186
"838","C15838",5234,"P40",30,"S12","A34","A174","E71","A94","A101",2,28,"A152",2,1,"A201",1,0,0,0,0,1,0,1,0,1,1,0,0,1,0,1,1,1,1,0.36847043331136
"1564","C16564",806,"P49",15,"S11","A32","A172","E73","A92","A101",4,22,"A152",1,1,"A201",0,0,1,0,0,1,1,0,0,0,0,1,1,1,0,1,1,0,1,0.511142395346445
"4236","C19236",1264,"P49",12,"S14","A34","A172","E75","A93","A101",4,57,"A151",1,1,"A201",0,0,1,0,0,1,0,0,0,1,0,0,0,1,1,1,0,0,1,0.0819195068759499
"2422","C17422",12749,"P43",48,"S14","A33","A174","E74","A93","A101",1,37,"A152",1,1,"A201",0,0,0,0,1,0,0,0,0,0,0,0,0,1,0,1,0,1,0,0.134927001534962
"1265","C16265",3074,"P43",9,"S14","A34","A173","E73","A93","A101",2,33,"A152",2,2,"A201",0,0,0,1,1,0,0,0,0,1,0,1,0,1,0,1,0,0,1,0.0305269544339886
"3933","C18933",2910,"P41",24,"S11","A32","A174","E74","A93","A101",1,34,"A153",1,1,"A201",0,0,0,0,1,0,1,0,0,0,0,0,0,1,1,1,0,0,0,0.354800452032066
"4556","C19556",2901,"P41",10,"S14","A32","A173","E72","A92","A101",4,31,"A151",1,1,"A201",0,0,0,1,1,0,0,0,0,0,1,0,1,1,1,1,0,0,1,0.157601948759338
"2306","C17306",1480,"P40",12,"S13","A34","A171","E71","A93","A101",4,66,"A153",3,1,"A201",0,1,0,0,0,1,0,0,0,1,1,0,0,1,1,1,0,0,1,0.119070293471697
"4436","C19436",727,"P43",12,"S11","A32","A172","E72","A94","A101",3,33,"A152",1,1,"A201",1,0,1,0,1,0,1,0,0,0,1,0,0,1,0,1,0,0,1,0.364686934644501
"3536","C18536",3617,"P42",24,"S13","A34","A173","E75","A93","A102",4,20,"A151",2,1,"A201",0,0,0,1,0,0,0,0,0,1,0,0,0,1,1,1,1,0,1,0.117420330026183
"2034","C17034",1244,"P46",9,"S14","A34","A172","E75","A92","A101",4,41,"A151",2,1,"A201",0,0,1,0,0,1,0,0,0,1,0,0,1,1,1,1,0,0,1,0.0998079984084067
"1431","C16431",1905,"P46",15,"S13","A32","A174","E75","A93","A101",4,40,"A151",1,1,"A201",0,0,0,0,0,1,0,0,0,0,0,0,0,1,1,1,0,0,1,0.161914208802844
"4776","C19776",1680,"P43",12,"S11","A32","A173","E75","A94","A101",1,35,"A152",1,1,"A201",0,0,0,1,1,0,1,0,0,0,0,0,0,1,0,1,0,0,0,0.207317560786419
"3284","C18284",8335,"P41",36,"S11","A32","A173","E75","A93","A101",4,47,"A153",1,1,"A201",1,0,0,1,1,0,1,0,0,0,0,0,0,1,1,1,0,1,1,0.542959575984832
"1962","C16962",3599,"P42",21,"S11","A32","A172","E74","A92","A101",4,26,"A151",1,1,"A201",0,0,1,0,0,0,1,0,0,0,0,0,1,1,1,1,1,0,1,0.642909412451248
"807","C15807",1409,"P43",13,"S14","A32","A173","E71","A92","A101",4,64,"A152",1,1,"A201",0,0,0,1,1,0,0,0,0,0,1,0,1,1,0,1,0,0,1,0.127858969936445
"1444","C16444",2603,"P41",24,"S14","A32","A173","E73","A92","A101",4,28,"A151",1,1,"A201",0,0,0,1,1,0,0,0,0,0,0,1,1,1,1,1,1,0,1,0.164457531955865
"797","C15797",2910,"P41",24,"S11","A32","A174","E74","A93","A101",1,34,"A153",1,1,"A201",0,0,0,0,1,0,1,0,0,0,0,0,0,1,1,1,0,0,0,0.354800452032066
"1763","C16763",5954,"P49",42,"S12","A34","A172","E74","A92","A101",1,41,"A152",2,1,"A201",0,0,1,0,0,1,0,1,0,1,0,0,1,1,0,1,0,1,0,0.352432301947004
"927","C15927",6761,"P40",6,"S14","A34","A174","E74","A93","A101",3,45,"A152",2,2,"A201",0,0,0,0,0,1,0,0,0,1,0,0,0,1,0,1,0,1,1,0.0492666945196244
"456","C15456",2670,"P41",24,"S14","A32","A174","E75","A93","A101",4,35,"A152",1,1,"A201",0,0,0,0,1,0,0,0,0,0,0,0,0,1,0,1,0,0,1,0.0922732073318229
"278","C15278",1740,"P43",6,"S14","A34","A173","E75","A94","A101",2,30,"A151",2,1,"A201",0,0,0,1,1,0,0,0,0,1,0,0,0,1,1,1,0,0,1,0.0386311410991077
"4597","C19597",1858,"P42",12,"S11","A32","A173","E72","A92","A101",1,22,"A151",1,1,"A201",0,0,0,1,0,0,1,0,0,0,1,0,1,1,1,1,1,0,0,0.582463858416481
"1100","C16100",9277,"P41",24,"S14","A32","A173","E73","A91","A101",4,48,"A153",1,1,"A201",0,0,0,1,1,0,0,0,0,0,0,1,1,1,1,1,0,1,1,0.164457531955865
"573","C15573",1188,"P49",21,"S12","A32","A173","E75","A92","A101",4,39,"A152",1,2,"A201",1,0,0,1,0,1,0,1,0,0,0,0,1,1,0,1,0,0,1,0.4343855046698
"4345","C19345",1240,"P40",10,"S13","A32","A172","E75","A92","A101",4,48,"A153",1,2,"A201",1,0,1,0,0,1,0,0,0,0,0,0,1,1,1,1,0,0,1,0.18340563967566
"1573","C16573",3780,"P42",18,"S14","A34","A174","E72","A91","A101",2,35,"A152",2,1,"A201",0,0,0,0,0,0,0,0,0,1,1,0,1,1,0,1,0,0,1,0.138454114162756
"1539","C16539",2779,"P41",18,"S12","A32","A173","E73","A94","A101",3,21,"A151",1,1,"A201",0,0,0,1,1,0,0,1,0,0,0,1,0,1,1,1,1,0,1,0.281868483839882
"2483","C17483",3777,"P42",24,"S14","A34","A173","E73","A93","A101",4,50,"A152",1,1,"A201",0,0,0,1,0,0,0,0,0,1,0,1,0,1,0,1,0,0,1,0.0862113939182156
"3507","C18507",7485,"P41",30,"S14","A31","A174","E71","A92","A101",1,53,"A152",1,1,"A201",1,0,0,0,1,0,0,0,1,0,1,0,1,1,0,1,0,1,0,0.318158791892893
"829","C15829",1338,"P44",6,"S14","A32","A173","E73","A91","A101",4,62,"A152",1,1,"A201",0,0,0,1,0,0,0,0,0,0,0,1,1,1,0,1,0,0,1,0.12235634014503
"2097","C17097",1131,"P42",18,"S11","A32","A173","E71","A92","A101",2,33,"A152",1,1,"A201",1,0,0,1,0,0,1,0,0,0,1,0,1,1,0,1,0,0,1,0.63638909498895
"2754","C17754",2570,"P40",27,"S14","A32","A173","E73","A92","A101",3,21,"A151",1,1,"A201",1,0,0,1,0,1,0,0,0,0,0,1,1,1,1,1,1,0,1,0.283423652199829
"4202","C19202",4308,"P49",48,"S11","A32","A173","E72","A92","A101",4,24,"A151",1,1,"A201",1,0,0,1,0,1,1,0,0,0,1,0,1,1,1,1,1,0,1,0.870126876525925
"4497","C19497",409,"P43",12,"S13","A31","A173","E73","A92","A101",3,42,"A151",2,1,"A201",0,0,0,1,1,0,0,0,1,0,0,1,1,1,1,1,0,0,1,0.256888766634295
"4067","C19067",2631,"P45",15,"S12","A32","A172","E73","A92","A101",2,25,"A152",1,1,"A201",0,0,1,0,0,1,0,1,0,0,0,1,1,1,0,1,1,0,1,0.386106124439895
"10","C15010",1131,"P42",18,"S11","A32","A173","E71","A92","A101",2,33,"A152",1,1,"A201",1,0,0,1,0,0,1,0,0,0,1,0,1,1,0,1,0,0,1,0.63638909498895
"804","C15804",2684,"P43",24,"S14","A34","A172","E73","A93","A101",2,35,"A152",2,1,"A201",0,0,1,0,1,0,0,0,0,1,0,1,0,1,0,1,0,0,1,0.0493213537580633
"2593","C17593",3949,"P40",10,"S13","A32","A172","E72","A93","A103",1,37,"A152",1,2,"A201",0,0,1,0,0,1,0,0,0,0,1,0,0,0,0,1,0,0,0,0.0633788469729263
"3307","C18307",1474,"P42",12,"S13","A32","A174","E72","A92","A101",1,33,"A152",1,1,"A201",0,0,0,0,0,0,0,0,0,0,1,0,1,1,0,1,0,0,0,0.151087408295773
"3052","C18052",3499,"P40",12,"S11","A34","A173","E73","A92","A102",2,29,"A152",2,1,"A201",1,0,0,1,0,1,1,0,0,1,0,1,1,1,0,1,1,0,1,0.325651968508011
"516","C15516",3939,"P40",11,"S11","A34","A172","E73","A93","A101",2,40,"A152",2,2,"A201",0,0,1,0,0,1,1,0,0,1,0,1,0,1,0,1,0,0,1,0.253835764803993
"1478","C16478",5711,"P41",36,"S14","A34","A174","E75","A93","A101",2,38,"A152",2,1,"A201",0,0,0,0,1,0,0,0,0,1,0,0,0,1,0,1,0,1,1,0.0718001806269258
"3007","C18007",2848,"P41",10,"S14","A32","A173","E73","A93","A102",2,32,"A152",1,2,"A201",0,0,0,1,1,0,0,0,0,0,0,1,0,1,0,1,0,0,1,0.0599611113178653
"2642","C17642",1552,"P43",24,"S14","A32","A173","E74","A93","A101",1,32,"A152",1,2,"A201",0,0,0,1,1,0,0,0,0,0,0,0,0,1,0,1,0,0,0,0.0655590087466866
"4442","C19442",1525,"P40",24,"S14","A32","A173","E74","A92","A101",3,34,"A152",1,2,"A201",0,0,0,1,0,1,0,0,0,0,0,0,1,1,0,1,0,0,1,0.202439816386
"4251","C19251",6887,"P46",36,"S11","A33","A173","E73","A93","A101",3,29,"A152",1,1,"A201",1,0,0,1,0,1,1,0,0,0,0,1,0,1,0,1,1,1,1,0.605056033985848
"2115","C17115",760,"P43",8,"S12","A32","A172","E74","A92","A103",2,44,"A152",1,1,"A201",0,0,1,0,1,0,0,1,0,0,0,0,1,0,0,1,0,0,1,0.132599074652591
"1712","C16712",1042,"P40",18,"S12","A32","A173","E73","A92","A101",2,33,"A152",1,1,"A201",1,0,0,1,0,1,0,1,0,0,0,1,1,1,0,1,0,0,1,0.410029101454804
"2917","C17917",4870,"P40",24,"S11","A33","A173","E73","A93","A101",4,53,"A153",2,2,"A201",1,0,0,1,0,1,1,0,0,0,0,1,0,1,1,1,0,0,1,0.591658592333925
"4298","C19298",1274,"P40",12,"S11","A32","A172","E72","A92","A101",1,37,"A152",1,1,"A201",1,0,1,0,0,1,1,0,0,0,1,0,1,1,0,1,0,0,0,0.497297056415847
"743","C15743",3832,"P46",9,"S14","A32","A172","E75","A93","A101",4,64,"A152",1,1,"A201",0,0,1,0,0,1,0,0,0,0,0,0,0,1,0,1,0,0,1,0.100879418587663
"3353","C18353",763,"P42",12,"S14","A32","A173","E73","A92","A101",1,26,"A152",1,1,"A201",0,0,0,1,0,0,0,0,0,0,0,1,1,1,0,1,1,0,0,0.105139311087016
"418","C15418",5951,"P43",48,"S12","A32","A173","E73","A92","A101",2,22,"A152",1,1,"A201",0,0,0,1,1,0,0,1,0,0,0,1,1,1,0,1,1,1,1,0.509194010274079
"3683","C18683",900,"P40",12,"S11","A32","A173","E73","A94","A101",2,23,"A152",1,1,"A201",1,0,0,1,0,1,1,0,0,0,0,1,0,1,0,1,1,0,1,0.407975552284858
"1465","C16465",5190,"P45",27,"S14","A32","A173","E75","A93","A101",4,48,"A152",4,2,"A201",0,0,0,1,0,1,0,0,0,0,0,0,0,1,0,1,0,1,1,0.169622810177035
"4976","C19976",682,"P40",12,"S14","A34","A173","E74","A92","A101",3,51,"A152",2,1,"A201",0,0,0,1,0,1,0,0,0,1,0,0,1,1,0,1,0,0,1,0.0799370288159394
"3372","C18372",3931,"P40",48,"S11","A32","A173","E74","A93","A101",4,46,"A153",1,2,"A201",1,0,0,1,0,1,1,0,0,0,0,0,0,1,1,1,0,0,1,0.763098741713177
"1858","C16858",3235,"P43",24,"S14","A32","A174","E75","A91","A101",2,26,"A152",1,1,"A201",0,0,0,0,1,0,0,0,0,0,0,0,1,1,0,1,1,0,1,0.122481642461881
"2727","C17727",3049,"P42",18,"S13","A32","A172","E72","A92","A101",1,45,"A152",1,1,"A201",0,0,1,0,0,0,0,0,0,0,1,0,1,1,0,1,0,0,0,0.178525678518202
"1848","C16848",1797,"P49",13,"S11","A34","A172","E72","A93","A101",1,28,"A152",2,1,"A201",0,0,1,0,0,1,1,0,0,1,1,0,0,1,0,1,1,0,0,0.27543777791372
"3753","C18753",2746,"P42",36,"S11","A31","A173","E75","A93","A101",4,31,"A152",1,1,"A201",1,0,0,1,0,0,1,0,1,0,0,0,0,1,0,1,0,0,1,0.800474453950963
"246","C15246",1138,"P43",9,"S11","A34","A172","E73","A93","A101",4,25,"A152",2,1,"A201",0,0,1,0,1,0,1,0,0,1,0,1,0,1,0,1,1,0,1,0.148950429754358
"599","C15599",9034,"P42",36,"S12","A32","A174","E72","A93","A102",1,29,"A151",1,1,"A201",1,0,0,0,0,0,0,1,0,0,1,0,0,1,1,1,1,1,0,0.576024422845614
"4893","C19893",6468,"P41",20,"S12","A32","A174","E71","A91","A101",4,60,"A152",1,1,"A201",0,0,0,0,1,0,0,1,0,0,1,0,1,1,0,1,0,1,1,0.382250583421446
"4959","C19959",7418,"P43",60,"S12","A33","A172","E73","A93","A101",1,27,"A152",1,1,"A201",0,0,1,0,1,0,0,1,0,0,0,1,0,1,0,1,1,1,0,0.437424305524836
"4962","C19962",1213,"P43",15,"S14","A32","A173","E75","A93","A101",3,47,"A152",1,1,"A201",0,0,0,1,1,0,0,0,0,0,0,0,0,1,0,1,0,0,1,0.070058972687681
"3785","C18785",2978,"P42",6,"S14","A32","A173","E73","A93","A101",2,32,"A152",1,1,"A201",0,0,0,1,0,0,0,0,0,0,0,1,0,1,0,1,0,0,1,0.0921755629263623
"969","C15969",1107,"P43",12,"S11","A32","A174","E73","A93","A101",2,20,"A151",1,2,"A201",0,0,0,0,1,0,1,0,0,0,0,1,0,1,1,1,1,0,1,0.348269432476528
"1924","C16924",1246,"P40",24,"S12","A32","A172","E72","A93","A101",2,23,"A152",1,1,"A201",1,0,1,0,0,1,0,1,0,0,1,0,0,1,0,1,1,0,1,0.483534853956164
"299","C15299",1169,"P43",18,"S14","A34","A173","E73","A93","A101",3,29,"A152",2,1,"A201",0,0,0,1,1,0,0,0,0,1,0,1,0,1,0,1,1,0,1,0.0407557644486945
"3080","C18080",518,"P43",6,"S14","A32","A173","E73","A92","A101",1,29,"A152",1,1,"A201",0,0,0,1,1,0,0,0,0,0,0,1,1,1,0,1,1,0,0,0.050252620974187
"1447","C16447",2223,"P43",24,"S14","A34","A173","E75","A93","A101",4,52,"A152",2,1,"A201",0,0,0,1,1,0,0,0,0,1,0,0,0,1,0,1,0,0,1,0.0493213537580633
"3035","C18035",1338,"P44",6,"S14","A32","A173","E73","A91","A101",4,62,"A152",1,1,"A201",0,0,0,1,0,0,0,0,0,0,0,1,1,1,0,1,0,0,1,0.12235634014503
"749","C15749",1940,"P43",18,"S11","A31","A174","E72","A93","A102",4,36,"A153",1,1,"A201",0,0,0,0,1,0,1,0,1,0,1,0,0,1,1,1,0,0,1,0.721325069896907
"4834","C19834",3914,"P49",48,"S14","A32","A173","E73","A91","A101",2,38,"A152",1,1,"A201",1,0,0,1,0,1,0,0,0,0,0,1,1,1,0,1,0,0,1,0.360730078596737
"1307","C16307",1282,"P42",12,"S11","A32","A173","E73","A92","A101",4,20,"A151",1,1,"A201",1,0,0,1,0,0,1,0,0,0,0,1,1,1,1,1,1,0,1,0.571609313138525
"1973","C16973",2570,"P40",27,"S14","A32","A173","E73","A92","A101",3,21,"A151",1,1,"A201",1,0,0,1,0,1,0,0,0,0,0,1,1,1,1,1,1,0,1,0.283423652199829
"422","C15422",1154,"P43",9,"S12","A34","A172","E75","A93","A101",4,37,"A152",3,1,"A201",0,0,1,0,1,0,0,1,0,1,0,0,0,1,0,1,0,0,1,0.0952508676706361
"3347","C18347",2132,"P42",10,"S11","A34","A173","E72","A92","A102",3,27,"A151",2,1,"A202",0,0,0,1,0,0,1,0,0,1,1,0,1,1,1,0,1,0,1,0.219444818356808
"4827","C19827",4153,"P42",18,"S11","A32","A173","E73","A93","A102",3,42,"A152",1,1,"A201",1,0,0,1,0,0,1,0,0,0,0,1,0,1,0,1,0,0,1,0.456954021341531
"153","C15153",2235,"P40",20,"S11","A34","A173","E73","A94","A103",2,33,"A151",2,1,"A202",1,0,0,1,0,1,1,0,0,1,0,1,0,0,1,0,0,0,1,0.0951959634513573
"1863","C16863",1795,"P43",18,"S12","A34","A172","E75","A92","A103",4,48,"A151",2,1,"A201",0,0,1,0,1,0,0,1,0,1,0,0,1,0,1,1,0,0,1,0.133055319178189
"853","C15853",1543,"P42",6,"S14","A32","A173","E73","A91","A101",2,33,"A152",1,1,"A201",0,0,0,1,0,0,0,0,0,0,0,1,1,1,0,1,0,0,1,0.12235634014503
"3240","C18240",6887,"P46",36,"S11","A33","A173","E73","A93","A101",3,29,"A152",1,1,"A201",1,0,0,1,0,1,1,0,0,0,0,1,0,1,0,1,1,1,1,0.605056033985848
"2003","C17003",2892,"P42",24,"S13","A32","A173","E75","A91","A101",4,51,"A153",1,1,"A201",0,0,0,1,0,0,0,0,0,0,0,0,1,1,1,1,0,0,1,0.263587169048441
"4828","C19828",2788,"P42",15,"S14","A34","A173","E74","A92","A102",3,24,"A152",2,1,"A201",0,0,0,1,0,0,0,0,0,1,0,0,1,1,0,1,1,0,1,0.0875967466201952
"1047","C16047",392,"P46",15,"S13","A32","A173","E72","A92","A101",4,23,"A151",1,1,"A201",0,0,0,1,0,1,0,0,0,0,1,0,1,1,1,1,1,0,1,0.286648649448037
"1226","C16226",1882,"P43",18,"S11","A32","A173","E73","A92","A101",4,25,"A151",2,1,"A201",1,0,0,1,1,0,1,0,0,0,0,1,1,1,1,1,1,0,1,0.472559486343046
"4060","C19060",1024,"P43",24,"S11","A33","A173","E72","A94","A101",4,48,"A152",1,1,"A201",1,0,0,1,1,0,1,0,0,0,1,0,0,1,0,1,0,0,1,0.461173401712056
"941","C15941",3386,"P41",12,"S11","A32","A173","E75","A93","A101",4,35,"A153",1,1,"A201",1,0,0,1,1,0,1,0,0,0,0,0,0,1,1,1,0,0,1,0.348269432476528
"4673","C19673",1755,"P50",24,"S11","A32","A172","E75","A92","A103",4,58,"A152",1,1,"A201",0,0,1,0,0,1,1,0,0,0,0,0,1,0,0,1,0,0,1,0.440471068476127
"417","C15417",3565,"P46",12,"S14","A34","A172","E72","A93","A101",1,37,"A152",2,2,"A201",0,0,1,0,0,1,0,0,0,1,1,0,0,1,0,1,0,0,0,0.0620486138759529
"2649","C17649",2246,"P42",12,"S11","A34","A173","E75","A93","A101",3,60,"A152",2,1,"A201",1,0,0,1,0,0,1,0,0,1,0,0,0,1,0,1,0,0,1,0.260192163467025
"4062","C19062",2606,"P43",21,"S11","A32","A174","E72","A92","A101",4,28,"A151",1,1,"A201",0,0,0,0,1,0,1,0,0,0,1,0,1,1,1,1,1,0,1,0.59995470753456
"1171","C16171",2329,"P43",7,"S12","A32","A173","E72","A92","A103",1,45,"A152",1,1,"A201",0,0,0,1,1,0,0,1,0,0,1,0,1,0,0,1,0,0,0,0.133891136642958
"296","C15296",2522,"P43",30,"S11","A32","A173","E75","A93","A103",3,39,"A152",1,2,"A201",0,0,0,1,1,0,1,0,0,0,0,0,0,0,0,1,0,0,1,0.277961474619713
"1210","C16210",2896,"P43",24,"S12","A32","A173","E72","A93","A101",1,29,"A152",1,1,"A201",0,0,0,1,1,0,0,1,0,0,1,0,0,1,0,1,1,0,0,0.262171085515564
"4181","C19181",6331,"P41",48,"S11","A34","A173","E75","A93","A101",4,46,"A153",2,1,"A201",1,0,0,1,1,0,1,0,0,1,0,0,0,1,1,1,0,1,1,0.474794536779496
"1654","C16654",1913,"P49",18,"S12","A32","A173","E72","A94","A101",3,36,"A152",1,1,"A201",0,0,0,1,0,1,0,1,0,0,1,0,0,1,0,1,0,0,1,0.433984198854283
"3010","C18010",3349,"P42",24,"S11","A31","A173","E72","A93","A101",4,30,"A153",1,2,"A201",1,0,0,1,0,0,1,0,1,0,1,0,0,1,1,1,0,0,1,0.851800807059192
"4657","C19657",1199,"P46",9,"S12","A32","A174","E74","A92","A101",4,67,"A152",2,1,"A201",0,0,0,0,0,1,0,1,0,0,0,0,1,1,0,1,0,0,1,0.339967450902204
"2143","C17143",2249,"P40",18,"S11","A32","A174","E74","A93","A101",3,30,"A152",1,2,"A201",0,0,0,0,0,1,1,0,0,0,0,0,0,1,0,1,0,0,1,0.456954021341531
"159","C15159",3069,"P42",24,"S12","A32","A173","E75","A93","A101",4,30,"A153",1,1,"A201",0,0,0,1,0,0,0,1,0,0,0,0,0,1,1,1,0,0,1,0.465688857505822
"716","C15716",7166,"P43",42,"S14","A32","A173","E74","A94","A101",4,29,"A151",1,1,"A201",0,0,0,1,1,0,0,0,0,0,0,0,0,1,1,1,1,1,1,0.206968994667149
"2728","C17728",4308,"P49",48,"S11","A32","A173","E72","A92","A101",4,24,"A151",1,1,"A201",1,0,0,1,0,1,1,0,0,0,1,0,1,1,1,1,1,0,1,0.870126876525925
"3101","C18101",2625,"P40",16,"S11","A34","A173","E75","A93","A103",4,43,"A151",1,1,"A201",1,0,0,1,0,1,1,0,0,1,0,0,0,0,1,1,0,0,1,0.240209593414718
"1915","C16915",3835,"P43",36,"S14","A32","A172","E75","A92","A101",4,45,"A152",1,1,"A201",0,0,1,0,1,0,0,0,0,0,0,0,1,1,0,1,0,0,1,0.172262330608823
"2128","C17128",1291,"P43",12,"S14","A34","A173","E73","A92","A101",2,35,"A152",2,1,"A201",0,0,0,1,1,0,0,0,0,1,0,1,1,1,0,1,0,0,1,0.0455978313401185
"5","C15005",12389,"P40",36,"S12","A32","A174","E73","A93","A101",4,37,"A153",1,1,"A201",1,0,0,0,0,1,0,1,0,0,0,1,0,1,1,1,0,1,1,0.565127458883794
"4846","C19846",11816,"P49",45,"S11","A30","A173","E75","A93","A101",4,29,"A151",2,1,"A201",1,0,0,1,0,1,1,0,1,0,0,0,0,1,1,1,1,1,1,0.884173962686959
"3244","C18244",1345,"P43",18,"S11","A32","A173","E73","A94","A101",3,26,"A152",1,1,"A201",1,0,0,1,1,0,1,0,0,0,0,1,0,1,0,1,1,0,1,0.316342132781353
"310","C15310",6070,"P43",18,"S14","A34","A173","E75","A93","A101",4,33,"A152",2,1,"A201",0,0,0,1,1,0,0,0,0,1,0,0,0,1,0,1,0,1,1,0.0407557644486945
"916","C15916",14896,"P40",6,"S11","A32","A174","E75","A93","A101",4,68,"A152",1,1,"A201",1,0,0,0,0,1,1,0,0,0,0,0,0,1,0,1,0,1,1,0.360759287574476
"3673","C18673",2326,"P49",15,"S12","A34","A173","E73","A93","A101",4,27,"A152",1,1,"A201",0,0,0,1,0,1,0,1,0,1,0,1,0,1,0,1,1,0,1,0.189480073524921
"2161","C17161",3595,"P43",36,"S14","A32","A173","E75","A93","A101",2,28,"A152",1,1,"A201",0,0,0,1,1,0,0,0,0,0,0,0,0,1,0,1,1,0,1,0.131617683018143
"931","C15931",1924,"P43",10,"S14","A32","A173","E73","A93","A101",4,38,"A152",1,1,"A202",0,0,0,1,1,0,0,0,0,0,0,1,0,1,0,0,0,0,1,0.0182418230778055
"2300","C17300",975,"P42",15,"S11","A34","A173","E73","A91","A101",3,25,"A152",2,1,"A201",0,0,0,1,0,0,1,0,0,1,0,1,1,1,0,1,1,0,1,0.347952285056178
"119","C15119",8358,"P40",48,"S12","A30","A173","E72","A92","A101",1,30,"A152",2,1,"A201",0,0,0,1,0,1,0,1,1,0,1,0,1,1,0,1,0,1,0,0.837801906877505
"548","C15548",1158,"P43",12,"S12","A32","A173","E73","A91","A101",1,26,"A152",1,1,"A201",0,0,0,1,1,0,0,1,0,0,0,1,1,1,0,1,1,0,0,0.17764210463751
"2627","C17627",2058,"P45",24,"S14","A34","A173","E73","A91","A101",2,33,"A152",2,1,"A201",0,0,0,1,0,1,0,0,0,1,0,1,1,1,0,1,0,0,1,0.114686042913361
"4343","C19343",5117,"P49",27,"S14","A33","A173","E74","A93","A101",4,26,"A152",2,1,"A201",0,0,0,1,0,1,0,0,0,0,0,0,0,1,0,1,1,1,1,0.169622810177035
"2322","C17322",2978,"P49",24,"S14","A33","A173","E73","A93","A101",4,32,"A152",2,2,"A201",0,0,0,1,0,1,0,0,0,0,0,1,0,1,0,1,0,0,1,0.156016974968144
"4811","C19811",2923,"P40",21,"S13","A32","A174","E73","A92","A101",1,28,"A152",1,1,"A201",0,0,0,0,0,1,0,0,0,0,0,1,1,1,0,1,1,0,0,0.136840011889528
"329","C15329",795,"P46",12,"S11","A32","A173","E72","A92","A101",4,53,"A152",1,1,"A201",1,0,0,1,0,1,1,0,0,0,1,0,1,1,0,1,0,0,1,0.589039548953361
"3630","C18630",4583,"P42",30,"S11","A30","A173","E73","A91","A103",2,32,"A152",2,1,"A201",0,0,0,1,0,0,1,0,1,0,0,1,1,0,0,1,0,0,1,0.715686385681625
"4271","C19271",1480,"P40",12,"S13","A34","A171","E71","A93","A101",4,66,"A153",3,1,"A201",0,1,0,0,0,1,0,0,0,1,1,0,0,1,1,1,0,0,1,0.119070293471697
"2705","C17705",1913,"P49",18,"S12","A32","A173","E72","A94","A101",3,36,"A152",1,1,"A201",0,0,0,1,0,1,0,1,0,0,1,0,0,1,0,1,0,0,1,0.433984198854283
"3962","C18962",2476,"P41",21,"S14","A32","A174","E75","A93","A101",4,46,"A152",1,1,"A201",0,0,0,0,1,0,0,0,0,0,0,0,0,1,0,1,0,0,1,0.0842423219804137
"2111","C17111",2214,"P43",12,"S11","A32","A172","E73","A93","A101",3,24,"A152",1,1,"A201",0,0,1,0,1,0,1,0,0,0,0,1,0,1,0,1,1,0,1,0.274808207258382
"3252","C18252",4675,"P41",12,"S14","A32","A173","E72","A92","A101",4,20,"A151",1,1,"A201",0,0,0,1,1,0,0,0,0,0,1,0,1,1,1,1,1,0,1,0.166643653409272
"2066","C17066",1244,"P46",9,"S14","A34","A172","E75","A92","A101",4,41,"A151",2,1,"A201",0,0,1,0,0,1,0,0,0,1,0,0,1,1,1,1,0,0,1,0.0998079984084067
"2748","C17748",3342,"P43",36,"S14","A34","A173","E75","A93","A101",2,51,"A152",1,1,"A201",0,0,0,1,1,0,0,0,0,1,0,0,0,1,0,1,0,0,1,0.0718001806269258
"2320","C17320",3577,"P40",9,"S14","A32","A173","E73","A93","A103",2,26,"A151",1,2,"A202",0,0,0,1,0,1,0,0,0,0,0,1,0,0,1,0,1,0,1,0.0250720962432785
"1158","C16158",6331,"P41",48,"S11","A34","A173","E75","A93","A101",4,46,"A153",2,1,"A201",1,0,0,1,1,0,1,0,0,1,0,0,0,1,1,1,0,1,1,0.474794536779496
"1460","C16460",2463,"P40",24,"S14","A34","A173","E74","A94","A101",3,27,"A152",2,1,"A201",0,0,0,1,0,1,0,0,0,1,0,0,0,1,0,1,1,0,1,0.0862113939182156
"4331","C19331",1898,"P43",6,"S14","A34","A172","E73","A93","A101",2,34,"A152",2,2,"A201",0,0,1,0,1,0,0,0,0,1,0,1,0,1,0,1,0,0,1,0.0277060504612933
"3869","C18869",1795,"P43",18,"S12","A34","A172","E75","A92","A103",4,48,"A151",2,1,"A201",0,0,1,0,1,0,0,1,0,1,0,0,1,0,1,1,0,0,1,0.133055319178189
"4329","C19329",1409,"P41",12,"S11","A34","A173","E75","A93","A101",3,54,"A152",1,1,"A201",0,0,0,1,1,0,1,0,0,1,0,0,0,1,0,1,0,0,1,0.162058340808228
"2811","C17811",1797,"P49",13,"S11","A34","A172","E72","A93","A101",1,28,"A152",2,1,"A201",0,0,1,0,0,1,1,0,0,1,1,0,0,1,0,1,1,0,0,0.27543777791372
"3870","C18870",1860,"P41",12,"S12","A34","A174","E71","A93","A101",2,34,"A152",2,1,"A201",0,0,0,0,1,0,0,1,0,1,1,0,0,1,0,1,0,0,1,0.149822392595267
"1025","C16025",11328,"P50",24,"S12","A32","A174","E73","A93","A102",3,29,"A152",2,1,"A201",1,0,0,0,0,1,0,1,0,0,0,1,0,1,0,1,1,1,1,0.381976234220843
"2732","C17732",2872,"P43",24,"S14","A34","A173","E75","A93","A101",4,36,"A152",1,2,"A201",0,0,0,1,1,0,0,0,0,1,0,0,0,1,0,1,0,0,1,0.0493213537580633
"4969","C19969",2930,"P43",12,"S12","A32","A173","E74","A92","A101",1,27,"A152",1,1,"A201",0,0,0,1,1,0,0,1,0,0,0,0,1,1,0,1,1,0,0,0.17764210463751
"1285","C16285",932,"P48",6,"S12","A34","A172","E74","A92","A101",3,39,"A152",2,1,"A201",0,0,1,0,1,0,0,1,0,1,0,0,1,1,0,1,0,0,1,0.115683665049801
"1912","C16912",2745,"P42",21,"S12","A34","A173","E74","A93","A101",2,32,"A152",2,1,"A201",0,0,0,1,0,0,0,1,0,1,0,0,0,1,0,1,0,0,1,0.22206676980201
"3027","C18027",1287,"P40",10,"S14","A32","A172","E75","A93","A102",2,45,"A152",1,1,"A202",0,0,1,0,0,1,0,0,0,0,0,0,0,1,0,0,0,0,1,0.0326850600118024
"1952","C16952",2121,"P40",12,"S11","A34","A173","E73","A93","A101",2,30,"A152",2,1,"A201",0,0,0,1,0,1,1,0,0,1,0,1,0,1,0,1,0,0,1,0.260192163467025
"753","C15753",1372,"P40",12,"S11","A32","A173","E74","A91","A101",3,36,"A152",1,1,"A201",1,0,0,1,0,1,1,0,0,0,0,0,1,1,0,1,0,0,1,0.48618157719108
"3927","C18927",10961,"P43",48,"S12","A32","A173","E74","A93","A102",2,27,"A152",2,1,"A201",1,0,0,1,1,0,0,1,0,0,0,0,0,1,0,1,1,1,1,0.430386915899353
"1374","C16374",2337,"P43",36,"S12","A34","A173","E75","A93","A101",4,36,"A152",1,1,"A201",0,0,0,1,1,0,0,1,0,1,0,0,0,1,0,1,0,0,1,0.205484646234441
"1124","C16124",7511,"P41",18,"S11","A32","A173","E75","A93","A101",4,51,"A153",1,2,"A201",1,0,0,1,1,0,1,0,0,0,0,0,0,1,1,1,0,1,1,0.394860765356309
"2855","C17855",5595,"P43",72,"S12","A32","A173","E73","A94","A101",2,24,"A152",1,1,"A201",1,0,0,1,1,0,0,1,0,0,0,1,0,1,0,1,1,1,1,0.626830898409281
"2716","C17716",795,"P46",12,"S11","A32","A173","E72","A92","A101",4,53,"A152",1,1,"A201",1,0,0,1,0,1,1,0,0,0,1,0,1,1,0,1,0,0,1,0.589039548953361
"4644","C19644",3017,"P43",30,"S13","A34","A173","E75","A93","A101",4,47,"A152",1,1,"A201",0,0,0,1,1,0,0,0,0,1,0,0,0,1,0,1,0,0,1,0.0595753570931899
"2107","C17107",2439,"P43",24,"S11","A32","A173","E72","A92","A101",4,35,"A152",1,1,"A201",1,0,0,1,1,0,1,0,0,0,1,0,1,1,0,1,0,0,1,0.540270884367945
"4277","C19277",2124,"P42",18,"S11","A34","A173","E73","A92","A101",4,24,"A151",2,1,"A201",1,0,0,1,0,0,1,0,0,1,0,1,1,1,1,1,1,0,1,0.454010420223655
"1799","C16799",2746,"P42",36,"S11","A31","A173","E75","A93","A101",4,31,"A152",1,1,"A201",1,0,0,1,0,0,1,0,1,0,0,0,0,1,0,1,0,0,1,0.800474453950963
"2007","C17007",1239,"P46",18,"S12","A32","A173","E73","A93","A101",4,61,"A153",1,1,"A201",0,0,0,1,0,1,0,1,0,0,0,1,0,1,1,1,0,0,1,0.416492202906117
"3094","C18094",5965,"P41",27,"S12","A33","A174","E75","A93","A101",2,30,"A152",2,1,"A201",0,0,0,0,1,0,0,1,0,0,0,0,0,1,0,1,0,1,1,0.273025571312422
"2694","C17694",4811,"P41",30,"S14","A32","A172","E74","A92","A101",4,24,"A151",1,1,"A201",0,0,1,0,1,0,0,0,0,0,0,0,1,1,1,1,1,0,1,0.193769661419641
"4958","C19958",4351,"P42",24,"S12","A32","A172","E73","A92","A101",4,48,"A152",1,1,"A201",0,0,1,0,0,0,0,1,0,0,0,1,1,1,0,1,0,0,1,0.459062938974264
"272","C15272",697,"P40",12,"S11","A31","A173","E72","A93","A101",2,46,"A152",2,1,"A201",1,0,0,1,0,1,1,0,1,0,1,0,0,1,0,1,0,0,1,0.732163788343648
"505","C15505",1572,"P49",21,"S14","A32","A172","E75","A92","A101",4,36,"A152",1,1,"A201",0,0,1,0,0,1,0,0,0,0,0,0,1,1,0,1,0,0,1,0.18679379721218
"2528","C17528",9436,"P41",54,"S14","A30","A172","E73","A93","A101",2,39,"A152",1,2,"A201",0,0,1,0,1,0,0,0,1,0,0,1,0,1,0,1,0,1,1,0.419492483981437
"368","C15368",1381,"P40",24,"S11","A32","A173","E73","A92","A101",2,35,"A152",1,1,"A201",1,0,0,1,0,1,1,0,0,0,0,1,1,1,0,1,0,0,1,0.585203389657111
"4373","C19373",1204,"P40",6,"S14","A30","A173","E73","A93","A101",1,35,"A151",1,1,"A202",0,0,0,1,0,1,0,0,1,0,0,1,0,1,1,0,0,0,0,0.0700987027661843
"4780","C19780",5848,"P43",36,"S13","A32","A173","E73","A93","A101",1,24,"A152",1,1,"A201",0,0,0,1,1,0,0,0,0,0,0,1,0,1,0,1,1,1,0,0.0947011540665535
"3121","C18121",6289,"P49",42,"S13","A30","A173","E72","A91","A101",1,33,"A152",2,1,"A201",0,0,0,1,0,1,0,0,1,0,1,0,1,1,0,1,0,1,0,0.558539005937967
"4323","C19323",1478,"P42",15,"S11","A34","A173","E75","A93","A101",4,44,"A152",2,2,"A201",0,0,0,1,0,0,1,0,0,1,0,0,0,1,0,1,0,0,1,0.279870251845495
"2599","C17599",2136,"P42",9,"S11","A32","A173","E73","A93","A101",2,25,"A152",1,1,"A201",0,0,0,1,0,0,1,0,0,0,0,1,0,1,0,1,1,0,1,0.384094385433064
"397","C15397",3878,"P40",24,"S12","A34","A173","E72","A91","A101",2,37,"A152",1,1,"A201",0,0,0,1,0,1,0,1,0,1,1,0,1,1,0,1,0,0,1,0.396167236357174
"2871","C17871",3622,"P42",30,"S11","A32","A173","E75","A92","A101",4,57,"A151",2,1,"A201",0,0,0,1,0,0,1,0,0,0,0,0,1,1,1,1,0,0,1,0.708396410851398
"940","C15940",3656,"P43",30,"S13","A34","A172","E75","A93","A101",4,49,"A152",2,1,"A201",0,0,1,0,1,0,0,0,0,1,0,0,0,1,0,1,0,0,1,0.0595753570931899
"2018","C17018",9436,"P41",54,"S14","A30","A172","E73","A93","A101",2,39,"A152",1,2,"A201",0,0,1,0,1,0,0,0,1,0,0,1,0,1,0,1,0,1,1,0.419492483981437
"125","C15125",4473,"P43",36,"S13","A32","A173","E75","A93","A101",2,31,"A152",1,1,"A201",0,0,0,1,1,0,0,0,0,0,0,0,0,1,0,1,0,0,1,0.131617683018143
"2967","C17967",1922,"P42",12,"S12","A32","A172","E73","A93","A101",2,37,"A152",1,1,"A201",1,0,1,0,0,0,0,1,0,0,0,1,0,1,0,1,0,0,1,0.293047773292849
"1243","C16243",1549,"P40",9,"S12","A32","A171","E72","A93","A101",2,35,"A152",1,1,"A201",0,1,0,0,0,1,0,1,0,0,1,0,0,1,0,1,0,0,1,0.362343272418159
"3371","C18371",5433,"P41",24,"S14","A32","A174","E71","A92","A101",4,26,"A151",1,1,"A201",0,0,0,0,1,0,0,0,0,0,1,0,1,1,1,1,1,1,1,0.22967545075133
"1314","C16314",1778,"P40",15,"S12","A30","A171","E72","A92","A101",1,26,"A151",2,1,"A201",1,1,0,0,0,1,0,1,1,0,1,0,1,1,1,1,1,0,0,0.708303575180756
"3586","C18586",1987,"P43",24,"S11","A32","A172","E73","A93","A101",4,21,"A151",1,2,"A201",1,0,1,0,1,0,1,0,0,0,0,1,0,1,1,1,1,0,1,0.443444091625029
"1413","C16413",1940,"P40",24,"S14","A34","A173","E75","A93","A101",4,60,"A152",1,1,"A201",0,0,0,1,0,1,0,0,0,1,0,0,0,1,0,1,0,0,1,0.0862113939182156
"4824","C19824",930,"P43",12,"S14","A34","A173","E75","A93","A101",4,65,"A152",4,1,"A201",0,0,0,1,1,0,0,0,0,1,0,0,0,1,0,1,0,0,1,0.0336251372854894
"1803","C16803",4716,"P40",6,"S11","A34","A172","E72","A93","A101",3,44,"A152",2,2,"A201",0,0,1,0,0,1,1,0,0,1,1,0,0,1,0,1,0,0,1,0.30376870056044
"4996","C19996",5800,"P41",36,"S12","A34","A173","E73","A93","A101",4,34,"A152",2,1,"A201",0,0,0,1,1,0,0,1,0,1,0,1,0,1,0,1,0,1,1,0.205484646234441
"4443","C19443",6458,"P40",18,"S14","A31","A174","E75","A93","A101",4,39,"A152",2,2,"A201",1,0,0,0,0,1,0,0,1,0,0,0,0,1,0,1,0,1,1,0.283897132217957
"1882","C16882",3181,"P43",24,"S14","A32","A173","E72","A92","A101",4,26,"A152",1,1,"A201",0,0,0,1,1,0,0,0,0,0,1,0,1,1,0,1,1,0,1,0.174530529349893
"1176","C16176",1582,"P43",18,"S14","A34","A173","E75","A93","A101",4,46,"A152",2,1,"A201",0,0,0,1,1,0,0,0,0,1,0,0,0,1,0,1,0,0,1,0.0407557644486945
"2133","C17133",2748,"P46",12,"S14","A34","A172","E75","A92","A101",4,57,"A153",3,1,"A201",0,0,1,0,0,1,0,0,0,1,0,0,1,1,1,1,0,0,1,0.109145912325517
"4131","C19131",7472,"P40",12,"S12","A32","A171","E71","A92","A101",2,24,"A151",1,1,"A201",0,1,0,0,0,1,0,1,0,0,1,0,1,1,1,1,1,1,1,0.54869949200642
"1607","C16607",1980,"P42",9,"S14","A32","A173","E72","A92","A102",2,19,"A151",2,1,"A201",1,0,0,1,0,0,0,0,0,0,1,0,1,1,1,1,1,0,1,0.247601353254138
"625","C15625",1520,"P42",15,"S14","A34","A173","E75","A93","A101",4,63,"A152",1,1,"A201",0,0,0,1,0,0,0,0,0,1,0,0,0,1,0,1,0,0,1,0.0653514403173541
"2621","C17621",15672,"P49",48,"S12","A32","A173","E73","A93","A101",2,23,"A152",1,1,"A201",1,0,0,1,0,1,0,1,0,0,0,1,0,1,0,1,1,1,1,0.578775649954521
"2740","C17740",1246,"P40",24,"S12","A32","A172","E72","A93","A101",2,23,"A152",1,1,"A201",1,0,1,0,0,1,0,1,0,0,1,0,0,1,0,1,1,0,1,0.483534853956164
"3994","C18994",5103,"P43",24,"S14","A34","A173","E72","A94","A101",3,47,"A153",3,1,"A201",0,0,0,1,1,0,0,0,0,1,1,0,0,1,1,1,0,1,1,0.0997660307348837
"1958","C16958",2576,"P43",7,"S12","A32","A173","E73","A93","A103",2,35,"A152",1,1,"A201",0,0,0,1,1,0,0,1,0,0,0,1,0,0,0,1,0,0,1,0.097219130049188
"1107","C16107",1905,"P46",15,"S13","A32","A174","E75","A93","A101",4,40,"A151",1,1,"A201",0,0,0,0,0,1,0,0,0,0,0,0,0,1,1,1,0,0,1,0.161914208802844
"1671","C16671",2415,"P43",7,"S12","A32","A173","E73","A93","A103",2,34,"A152",1,1,"A201",0,0,0,1,1,0,0,1,0,0,0,1,0,0,0,1,0,0,1,0.097219130049188
"1406","C16406",1188,"P49",21,"S12","A32","A173","E75","A92","A101",4,39,"A152",1,2,"A201",1,0,0,1,0,1,0,1,0,0,0,0,1,1,0,1,0,0,1,0.4343855046698
"911","C15911",4020,"P42",24,"S11","A32","A173","E73","A93","A101",2,27,"A152",1,1,"A201",0,0,0,1,0,0,1,0,0,0,0,1,0,1,0,1,1,0,1,0.506779146574888
"4898","C19898",1169,"P43",6,"S11","A34","A173","E75","A93","A101",4,67,"A152",2,1,"A201",0,0,0,1,1,0,1,0,0,1,0,0,0,1,0,1,0,0,1,0.136729738227268
"3492","C18492",6224,"P46",48,"S12","A33","A173","E75","A93","A101",4,50,"A153",1,1,"A201",1,0,0,1,0,1,0,1,0,0,0,0,0,1,1,1,0,1,1,0.659587662226173
"1064","C16064",1597,"P40",10,"S14","A32","A172","E73","A93","A101",2,40,"A151",1,2,"A202",0,0,1,0,0,1,0,0,0,0,0,1,0,1,1,0,0,0,1,0.0454816410196382
"4315","C19315",1603,"P43",24,"S11","A32","A173","E75","A92","A101",4,55,"A152",1,1,"A201",0,0,0,1,1,0,1,0,0,0,0,0,1,1,0,1,0,0,1,0.436875889591206
"1959","C16959",7408,"P40",60,"S12","A32","A174","E72","A92","A101",2,24,"A152",1,1,"A201",1,0,0,0,0,1,0,1,0,0,1,0,1,1,0,1,1,1,1,0.809928442916449
"2182","C17182",2899,"P40",18,"S12","A33","A173","E75","A93","A101",4,43,"A152",1,2,"A201",0,0,0,1,0,1,0,1,0,0,0,0,0,1,0,1,0,0,1,0.336060911421833
"91","C15091",1344,"P40",24,"S13","A34","A172","E74","A93","A101",2,37,"A152",2,2,"A201",1,0,1,0,0,1,0,0,0,1,0,0,0,1,0,1,0,0,1,0.0862113939182156
"4243","C19243",609,"P49",12,"S13","A31","A171","E72","A92","A101",1,26,"A152",1,1,"A201",1,1,0,0,0,1,0,0,1,0,1,0,1,1,0,1,1,0,0,0.317905828226378
"480","C15480",2463,"P40",24,"S14","A34","A173","E74","A94","A101",3,27,"A152",2,1,"A201",0,0,0,1,0,1,0,0,0,1,0,0,0,1,0,1,1,0,1,0.0862113939182156
"3650","C18650",3749,"P42",24,"S13","A32","A173","E72","A92","A101",4,26,"A152",1,1,"A201",0,0,0,1,0,0,0,0,0,0,1,0,1,1,0,1,1,0,1,0.277713765566558
"336","C15336",1740,"P43",6,"S14","A34","A173","E75","A94","A101",2,30,"A151",2,1,"A201",0,0,0,1,1,0,0,0,0,1,0,0,0,1,1,1,0,0,1,0.0386311410991077
"1734","C16734",697,"P40",12,"S11","A31","A173","E72","A93","A101",2,46,"A152",2,1,"A201",1,0,0,1,0,1,1,0,1,0,1,0,0,1,0,1,0,0,1,0.732163788343648
"717","C15717",1169,"P43",6,"S11","A34","A173","E75","A93","A101",4,67,"A152",2,1,"A201",0,0,0,1,1,0,1,0,0,1,0,0,0,1,0,1,0,0,1,0.136729738227268
"2968","C17968",4526,"P49",24,"S14","A34","A174","E73","A93","A101",2,74,"A152",1,1,"A201",0,0,0,0,0,1,0,0,0,1,0,1,0,1,0,1,0,0,1,0.0862113939182156
"889","C15889",5045,"P40",15,"S14","A34","A173","E75","A92","A101",4,59,"A152",1,1,"A201",0,0,0,1,0,1,0,0,0,1,0,0,1,1,0,1,0,1,1,0.0875967466201952
"1780","C16780",5743,"P46",24,"S12","A34","A173","E72","A92","A101",4,24,"A153",2,1,"A201",0,0,0,1,0,1,0,1,0,1,1,0,1,1,1,1,1,1,1,0.480571553996167
"2362","C17362",2331,"P43",12,"S14","A34","A173","E75","A93","A102",4,49,"A152",1,1,"A201",0,0,0,1,1,0,0,0,0,1,0,0,0,1,0,1,0,0,1,0.0336251372854894
"578","C15578",3749,"P42",24,"S13","A32","A173","E72","A92","A101",4,26,"A152",1,1,"A201",0,0,0,1,0,0,0,0,0,0,1,0,1,1,0,1,1,0,1,0.277713765566558
"3045","C18045",719,"P46",12,"S14","A32","A172","E75","A93","A101",4,41,"A152",1,2,"A201",1,0,1,0,0,1,0,0,0,0,0,0,0,1,0,1,0,0,1,0.110305290232065
"1588","C16588",2301,"P42",9,"S14","A32","A173","E72","A92","A101",4,22,"A151",1,1,"A201",0,0,0,1,0,0,0,0,0,0,1,0,1,1,1,1,1,0,1,0.247601353254138
"849","C15849",1957,"P43",6,"S11","A34","A173","E74","A92","A101",4,31,"A152",1,1,"A201",0,0,0,1,1,0,1,0,0,1,0,0,1,1,0,1,0,0,1,0.178628300315061
"1087","C16087",1360,"P43",15,"S14","A34","A173","E73","A93","A101",2,31,"A152",2,1,"A201",0,0,0,1,1,0,0,0,0,1,0,1,0,1,0,1,0,0,1,0.0370257461679233
"580","C15580",1038,"P40",10,"S11","A34","A173","E74","A93","A102",3,49,"A152",2,1,"A201",0,0,0,1,0,1,1,0,0,1,0,0,0,1,0,1,0,0,1,0.247582683410096
"3748","C18748",1967,"P43",24,"S12","A32","A173","E75","A92","A101",4,20,"A152",1,1,"A201",0,0,0,1,1,0,0,1,0,0,0,0,1,1,0,1,1,0,1,0.318182335484388
"541","C15541",2118,"P43",9,"S12","A32","A172","E73","A93","A101",2,37,"A152",1,2,"A201",0,0,1,0,1,0,0,1,0,0,0,1,0,1,0,1,0,0,1,0.171006005462675
"4134","C19134",2118,"P43",9,"S12","A32","A172","E73","A93","A101",2,37,"A152",1,2,"A201",0,0,1,0,1,0,0,1,0,0,0,1,0,1,0,1,0,0,1,0.171006005462675
"4051","C19051",1445,"P43",18,"S13","A31","A172","E74","A93","A101",4,49,"A152",1,1,"A201",0,0,1,0,1,0,0,0,1,0,0,0,0,1,0,1,0,0,1,0.178985801652219
"4640","C19640",3711,"P46",36,"S12","A32","A173","E73","A94","A101",2,27,"A152",1,1,"A201",0,0,0,1,0,1,0,1,0,0,0,1,0,1,0,1,1,0,1,0.479583959413556
"1472","C16472",609,"P49",12,"S13","A31","A171","E72","A92","A101",1,26,"A152",1,1,"A201",1,1,0,0,0,1,0,0,1,0,1,0,1,1,0,1,1,0,0,0.317905828226378
"2226","C17226",11560,"P41",24,"S12","A32","A174","E73","A92","A101",4,23,"A151",2,1,"A201",1,0,0,0,1,0,0,1,0,0,0,1,1,1,1,1,1,1,1,0.396892556433756
"2487","C17487",1355,"P40",24,"S12","A32","A172","E72","A92","A101",4,25,"A152",1,1,"A201",1,0,1,0,0,1,0,1,0,0,1,0,1,1,0,1,1,0,1,0.562464088287585
"2986","C17986",1977,"P46",36,"S11","A32","A174","E75","A93","A101",4,40,"A152",1,1,"A201",1,0,0,0,0,1,1,0,0,0,0,0,0,1,0,1,0,0,1,0.605056033985848
"1356","C16356",4712,"P49",24,"S12","A33","A174","E73","A93","A101",2,37,"A152",2,1,"A201",0,0,0,0,0,1,0,1,0,0,0,1,0,1,0,1,0,0,1,0.381976234220843
"4483","C19483",2859,"P40",12,"S14","A32","A174","E71","A93","A101",4,38,"A152",1,1,"A201",0,0,0,0,0,1,0,0,0,0,1,0,0,1,0,1,0,0,1,0.15811212861172
"69","C15069",12976,"P41",18,"S12","A32","A174","E71","A92","A101",4,38,"A153",1,1,"A201",1,0,0,0,1,0,0,1,0,0,1,0,1,1,1,1,0,1,1,0.449454468522069
"3767","C18767",4151,"P42",24,"S14","A33","A173","E73","A93","A101",3,35,"A152",2,1,"A201",0,0,0,1,0,0,0,0,0,0,0,1,0,1,0,1,0,0,1,0.156016974968144
"4387","C19387",3652,"P49",21,"S12","A34","A173","E74","A93","A101",3,27,"A152",2,1,"A201",0,0,0,1,0,1,0,1,0,1,0,0,0,1,0,1,1,0,1,0.22206676980201
"4831","C19831",1188,"P49",21,"S12","A32","A173","E75","A92","A101",4,39,"A152",1,2,"A201",1,0,0,1,0,1,0,1,0,0,0,0,1,1,0,1,0,0,1,0.4343855046698
"3193","C18193",2712,"P42",36,"S11","A32","A173","E75","A93","A101",2,41,"A152",1,2,"A201",1,0,0,1,0,0,1,0,0,0,0,0,0,1,0,1,0,0,1,0.605056033985848
"275","C15275",15857,"P50",36,"S11","A32","A174","E71","A91","A102",3,43,"A152",1,1,"A201",0,0,0,0,0,1,1,0,0,0,1,0,1,1,0,1,0,1,1,0.761135362977902
"3194","C18194",2427,"P49",18,"S12","A33","A173","E75","A93","A101",2,42,"A152",2,1,"A201",0,0,0,1,0,1,0,1,0,0,0,0,0,1,0,1,0,0,1,0.336060911421833
"681","C15681",932,"P43",6,"S14","A33","A173","E73","A92","A101",2,24,"A152",1,1,"A201",0,0,0,1,1,0,0,0,0,0,0,1,1,1,0,1,1,0,1,0.071204993488598
"778","C15778",5293,"P49",27,"S11","A30","A173","E71","A93","A101",4,50,"A152",2,1,"A201",1,0,0,1,0,1,1,0,1,0,1,0,0,1,0,1,0,1,1,0.81831192679858
"3142","C18142",5998,"P46",40,"S11","A34","A173","E73","A93","A101",3,27,"A152",1,1,"A201",1,0,0,1,0,1,1,0,0,1,0,1,0,1,0,1,1,1,1,0.471805143376401
"220","C15220",5743,"P46",24,"S12","A34","A173","E72","A92","A101",4,24,"A153",2,1,"A201",0,0,0,1,0,1,0,1,0,1,1,0,1,1,1,1,1,1,1,0.480571553996167
"3636","C18636",926,"P40",12,"S14","A34","A171","E71","A92","A101",2,38,"A152",1,1,"A201",0,1,0,0,0,1,0,0,0,1,1,0,1,1,0,1,0,0,1,0.116302647819615
"3585","C18585",1402,"P42",12,"S14","A34","A173","E74","A92","A101",4,37,"A151",1,1,"A201",0,0,0,1,0,0,0,0,0,1,0,0,1,1,1,1,0,0,1,0.109145912325517
"2448","C17448",1995,"P40",12,"S12","A34","A173","E72","A93","A101",1,27,"A152",1,1,"A201",0,0,0,1,0,1,0,1,0,1,1,0,0,1,0,1,1,0,0,0.181119533784234
"4906","C19906",1577,"P42",11,"S12","A32","A173","E72","A92","A101",1,20,"A152",1,1,"A201",0,0,0,1,0,0,0,1,0,0,1,0,1,1,0,1,1,0,0,0.365310809368159
"1361","C16361",717,"P43",12,"S14","A34","A173","E75","A93","A101",4,52,"A152",3,1,"A201",0,0,0,1,1,0,0,0,0,1,0,0,0,1,0,1,0,0,1,0.0336251372854894
"1664","C16664",1845,"P43",45,"S11","A32","A173","E73","A93","A101",4,23,"A153",1,1,"A201",1,0,0,1,1,0,1,0,0,0,0,1,0,1,1,1,1,0,1,0.615823242262565
"4232","C19232",1516,"P43",24,"S14","A34","A172","E73","A92","A101",1,43,"A152",2,1,"A201",0,0,1,0,1,0,0,0,0,1,0,1,1,1,0,1,0,0,0,0.0468610309572464
"4462","C19462",1893,"P40",12,"S11","A32","A173","E73","A92","A103",4,29,"A152",1,1,"A201",0,0,0,1,0,1,1,0,0,0,0,1,1,0,0,1,1,0,1,0.345538339795413
"1680","C16680",2360,"P41",15,"S13","A34","A173","E73","A93","A101",2,36,"A152",1,1,"A201",0,0,0,1,1,0,0,0,0,1,0,1,0,1,0,1,0,0,1,0.0370257461679233
"192","C15192",5511,"P42",24,"S14","A32","A173","E73","A93","A101",1,25,"A152",1,1,"A201",0,0,0,1,0,0,0,0,0,0,0,1,0,1,0,1,1,1,0,0.113148564707936
"4614","C19614",250,"P40",6,"S14","A34","A172","E73","A92","A101",2,41,"A152",2,1,"A201",0,0,1,0,0,1,0,0,0,1,0,1,1,1,0,1,0,0,1,0.0664259560930571
"840","C15840",2576,"P43",7,"S12","A32","A173","E73","A93","A103",2,35,"A152",1,1,"A201",0,0,0,1,1,0,0,1,0,0,0,1,0,0,0,1,0,0,1,0.097219130049188
"4069","C19069",7582,"P50",48,"S12","A33","A174","E71","A93","A101",4,31,"A153",1,1,"A201",0,0,0,0,0,1,0,1,0,0,1,0,0,1,1,1,0,1,1,0.745876820508206
"223","C15223",1236,"P44",9,"S14","A32","A173","E72","A92","A101",4,23,"A151",1,1,"A201",0,0,0,1,0,0,0,0,0,0,1,0,1,1,1,1,1,0,1,0.247601353254138
"1789","C16789",5150,"P42",24,"S14","A34","A173","E75","A93","A101",4,33,"A152",1,1,"A201",0,0,0,1,0,0,0,0,0,1,0,0,0,1,0,1,0,1,1,0.0862113939182156
"878","C15878",860,"P40",6,"S11","A34","A173","E75","A92","A101",4,39,"A152",2,1,"A201",0,0,0,1,0,1,1,0,0,1,0,0,1,1,0,1,0,0,1,0.283402416511265
"4912","C19912",2096,"P46",12,"S14","A34","A172","E74","A93","A101",3,49,"A152",1,2,"A201",0,0,1,0,0,1,0,0,0,1,0,0,0,1,0,1,0,0,1,0.059510045437248
"1968","C16968",2348,"P42",36,"S11","A34","A173","E73","A94","A101",2,46,"A152",2,1,"A201",0,0,0,1,0,0,1,0,0,1,0,1,0,1,0,1,0,0,1,0.438795432070886
"3407","C18407",3386,"P41",12,"S11","A32","A173","E75","A93","A101",4,35,"A153",1,1,"A201",1,0,0,1,1,0,1,0,0,0,0,0,0,1,1,1,0,0,1,0.348269432476528
"3744","C18744",2384,"P45",36,"S12","A32","A172","E72","A93","A101",1,33,"A151",1,1,"A201",1,0,1,0,0,1,0,1,0,0,1,0,0,1,1,1,0,0,0,0.576024422845614
"3404","C18404",5848,"P43",36,"S13","A32","A173","E73","A93","A101",1,24,"A152",1,1,"A201",0,0,0,1,1,0,0,0,0,0,0,1,0,1,0,1,1,1,0,0.0947011540665535
"2594","C17594",5302,"P40",18,"S11","A34","A174","E75","A93","A101",4,36,"A153",3,1,"A201",0,0,0,0,0,1,1,0,0,1,0,0,0,1,1,1,0,1,1,0.377180558036535
"3310","C18310",6758,"P43",48,"S11","A32","A173","E73","A92","A101",2,31,"A152",1,1,"A201",1,0,0,1,1,0,1,0,0,0,0,1,1,1,0,1,0,1,1,0.632990331371455
"2203","C17203",8086,"P40",36,"S12","A33","A174","E75","A93","A101",4,42,"A152",4,1,"A201",1,0,0,0,0,1,0,1,0,0,0,0,0,1,0,1,0,1,1,0.479583959413556
"3639","C18639",1037,"P49",12,"S12","A32","A172","E74","A93","A101",4,39,"A152",1,1,"A201",0,0,1,0,0,1,0,1,0,0,0,0,0,1,0,1,0,0,1,0.293047773292849
"4055","C19055",4933,"P43",39,"S12","A34","A173","E74","A93","A103",2,25,"A152",2,1,"A201",1,0,0,1,1,0,0,1,0,1,0,0,0,0,0,1,1,0,1,0.137534792128403
"2618","C17618",1977,"P46",36,"S11","A32","A174","E75","A93","A101",4,40,"A152",1,1,"A201",1,0,0,0,0,1,1,0,0,0,0,0,0,1,0,1,0,0,1,0.605056033985848
"2113","C17113",1449,"P49",6,"S12","A33","A173","E75","A91","A101",2,31,"A152",2,2,"A201",0,0,0,1,0,1,0,1,0,0,0,0,1,1,0,1,0,0,1,0.317929361827081
"4135","C19135",7418,"P43",60,"S12","A33","A172","E73","A93","A101",1,27,"A152",1,1,"A201",0,0,1,0,1,0,0,1,0,0,0,1,0,1,0,1,1,1,0,0.437424305524836
"2769","C17769",3244,"P42",18,"S12","A30","A173","E73","A92","A101",4,33,"A152",2,1,"A201",0,0,0,1,0,0,0,1,1,0,0,1,1,1,0,1,0,0,1,0.645390892448045
"4162","C19162",626,"P43",12,"S11","A31","A172","E73","A92","A101",4,24,"A152",1,1,"A201",1,0,1,0,1,0,1,0,1,0,0,1,1,1,0,1,1,0,1,0.576732781148913
"4721","C19721",3979,"P43",48,"S12","A32","A173","E74","A93","A101",1,41,"A152",2,2,"A201",0,0,0,1,1,0,0,1,0,0,0,0,0,1,0,1,0,0,0,0.342745990137153
"2078","C17078",2901,"P41",10,"S14","A32","A173","E72","A92","A101",4,31,"A151",1,1,"A201",0,0,0,1,1,0,0,0,0,0,1,0,1,1,1,1,0,0,1,0.157601948759338
"1488","C16488",3527,"P40",12,"S14","A32","A174","E72","A93","A101",3,45,"A152",1,2,"A201",0,0,0,0,0,1,0,0,0,0,1,0,0,1,0,1,0,0,1,0.15811212861172
"3929","C18929",806,"P49",15,"S11","A32","A172","E73","A92","A101",4,22,"A152",1,1,"A201",0,0,1,0,0,1,1,0,0,0,0,1,1,1,0,1,1,0,1,0.511142395346445
"1655","C16655",3368,"P41",15,"S14","A34","A173","E75","A93","A101",4,23,"A151",2,1,"A201",0,0,0,1,1,0,0,0,0,1,0,0,0,1,1,1,1,0,1,0.0514313989216324
"356","C15356",571,"P40",21,"S11","A34","A173","E75","A93","A101",4,65,"A152",2,1,"A201",0,0,0,1,0,1,1,0,0,1,0,0,0,1,0,1,0,0,1,0.321829718386664
"3606","C18606",1308,"P45",15,"S12","A32","A172","E75","A93","A101",4,38,"A152",2,1,"A201",0,0,1,0,0,1,0,1,0,0,0,0,0,1,0,1,0,0,1,0.314155526700482
"3517","C18517",7119,"P42",48,"S11","A30","A173","E73","A93","A101",4,53,"A153",2,2,"A201",1,0,0,1,0,0,1,0,1,0,0,1,0,1,1,1,0,1,1,0.89401539790385
"3306","C18306",1797,"P49",13,"S11","A34","A172","E72","A93","A101",1,28,"A152",2,1,"A201",0,0,1,0,0,1,1,0,0,1,1,0,0,1,0,1,1,0,0,0.27543777791372
"1555","C16555",1414,"P43",8,"S12","A32","A173","E73","A93","A103",2,33,"A152",1,1,"A202",0,0,0,1,1,0,0,1,0,0,0,1,0,0,0,0,0,0,1,0.0314126752134692
"3105","C18105",3632,"P41",24,"S11","A31","A173","E73","A92","A103",4,22,"A151",1,1,"A202",0,0,0,1,1,0,1,0,1,0,0,1,1,0,1,0,1,0,1,0.317717210491778
"4877","C19877",759,"P40",12,"S11","A32","A173","E74","A93","A101",2,26,"A152",1,1,"A201",1,0,0,1,0,1,1,0,0,0,0,0,0,1,0,1,1,0,1,0.407975552284858
"2848","C17848",1582,"P43",18,"S14","A34","A173","E75","A93","A101",4,46,"A152",2,1,"A201",0,0,0,1,1,0,0,0,0,1,0,0,0,1,0,1,0,0,1,0.0407557644486945
"4987","C19987",1530,"P40",18,"S14","A34","A173","E73","A93","A101",2,32,"A152",2,1,"A201",1,0,0,1,0,1,0,0,0,1,0,1,0,1,0,1,0,0,1,0.071722489173589
"1380","C16380",3190,"P43",18,"S11","A32","A173","E73","A92","A101",2,24,"A152",1,1,"A201",1,0,0,1,1,0,1,0,0,0,0,1,1,1,0,1,1,0,1,0.388509840660851
"3607","C18607",1747,"P42",24,"S11","A32","A172","E72","A93","A102",1,24,"A152",1,1,"A202",0,0,1,0,0,0,1,0,0,0,1,0,0,1,0,0,1,0,0,0.238338750980561
"2301","C17301",1352,"P41",6,"S11","A32","A171","E71","A92","A101",2,23,"A151",1,1,"A201",0,1,0,0,1,0,1,0,0,0,1,0,1,1,1,1,1,0,1,0.476505498156119
"3071","C18071",685,"P40",12,"S12","A32","A172","E74","A94","A101",3,25,"A152",1,1,"A201",1,0,1,0,0,1,0,1,0,0,0,0,0,1,0,1,1,0,1,0.293047773292849
"2339","C17339",1934,"P43",12,"S14","A34","A173","E75","A93","A101",2,26,"A152",2,1,"A201",0,0,0,1,1,0,0,0,0,1,0,0,0,1,0,1,1,0,1,0.0336251372854894
"1839","C16839",9157,"P43",60,"S12","A33","A174","E73","A93","A101",2,27,"A153",1,1,"A201",0,0,0,0,1,0,0,1,0,0,0,1,0,1,1,1,1,1,1,0.613700515819616
"4407","C19407",2825,"P49",24,"S12","A34","A173","E74","A93","A101",3,34,"A152",2,2,"A201",0,0,0,1,0,1,0,1,0,1,0,0,0,1,0,1,0,0,1,0.239796071390021
"2181","C17181",951,"P42",12,"S12","A32","A173","E72","A92","A101",4,27,"A151",4,1,"A201",1,0,0,1,0,0,0,1,0,0,1,0,1,1,1,1,1,0,1,0.54869949200642
"150","C15150",674,"P43",12,"S11","A32","A173","E74","A94","A101",1,20,"A152",1,1,"A201",1,0,0,1,1,0,1,0,0,0,0,0,0,1,0,1,1,0,0,0.207317560786419
"1773","C16773",3621,"P43",24,"S14","A32","A173","E75","A93","A101",4,31,"A152",2,1,"A201",1,0,0,1,1,0,0,0,0,0,0,0,0,1,0,1,0,0,1,0.0922732073318229
"2630","C17630",3609,"P49",48,"S14","A31","A173","E73","A92","A101",1,27,"A152",1,1,"A201",0,0,0,1,0,1,0,0,1,0,0,1,1,1,0,1,1,0,0,0.504919875912734
"2681","C17681",2319,"P46",21,"S13","A34","A173","E72","A91","A101",1,33,"A151",1,1,"A201",1,0,0,1,0,1,0,0,0,1,1,0,1,1,1,1,0,0,0,0.147364261007241
"3904","C18904",10222,"P43",48,"S14","A32","A173","E74","A93","A101",3,37,"A152",1,1,"A201",0,0,0,1,1,0,0,0,0,0,0,0,0,1,0,1,0,1,1,0.184331573193986
"3830","C18830",2246,"P42",12,"S11","A34","A173","E75","A93","A101",3,60,"A152",2,1,"A201",1,0,0,1,0,0,1,0,0,1,0,0,0,1,0,1,0,0,1,0.260192163467025
"1779","C16779",1163,"P40",12,"S14","A34","A173","E73","A93","A101",4,44,"A152",1,1,"A201",0,0,0,1,0,1,0,0,0,1,0,1,0,1,0,1,0,0,1,0.059510045437248
"4571","C19571",1655,"P43",12,"S14","A34","A172","E75","A93","A101",4,63,"A152",2,1,"A201",0,0,1,0,1,0,0,0,0,1,0,0,0,1,0,1,0,0,1,0.0336251372854894
"2126","C17126",3331,"P42",12,"S14","A34","A173","E75","A93","A101",4,42,"A152",1,1,"A201",0,0,0,1,0,0,0,0,0,1,0,0,0,1,0,1,0,0,1,0.059510045437248
"2612","C17612",6403,"P43",24,"S12","A33","A173","E72","A93","A101",2,33,"A152",1,1,"A201",0,0,0,1,1,0,0,1,0,0,1,0,0,1,0,1,0,1,1,0.339862625674981
"2532","C17532",884,"P40",18,"S12","A34","A173","E75","A93","A101",4,36,"A152",1,2,"A201",1,0,0,1,0,1,0,1,0,1,0,0,0,1,0,1,0,0,1,0.205294295048216
"414","C15414",1055,"P40",18,"S14","A34","A173","E72","A92","A101",1,30,"A152",2,1,"A201",0,0,0,1,0,1,0,0,0,1,1,0,1,1,0,1,0,0,0,0.0998405432928034
"3713","C18713",1800,"P43",18,"S14","A34","A173","E73","A93","A101",2,24,"A152",2,1,"A201",0,0,0,1,1,0,0,0,0,1,0,1,0,1,0,1,1,0,1,0.0407557644486945
"2830","C17830",1386,"P43",15,"S14","A32","A173","E73","A94","A101",2,40,"A151",1,1,"A201",0,0,0,1,1,0,0,0,0,0,0,1,0,1,1,1,0,0,1,0.096035175924538
"822","C15822",9960,"P42",48,"S12","A32","A173","E72","A92","A101",2,26,"A152",1,1,"A201",1,0,0,1,0,0,0,1,0,0,1,0,1,1,0,1,1,1,1,0.74079148175482
"2569","C17569",4811,"P41",30,"S14","A32","A172","E74","A92","A101",4,24,"A151",1,1,"A201",0,0,1,0,1,0,0,0,0,0,0,0,1,1,1,1,1,0,1,0.193769661419641
"2969","C17969",7432,"P40",36,"S12","A33","A173","E73","A92","A101",2,54,"A151",1,1,"A201",0,0,0,1,0,1,0,1,0,0,0,1,1,1,1,1,0,1,1,0.640849064300919
"421","C15421",12579,"P41",24,"S12","A32","A174","E75","A92","A101",2,44,"A153",1,1,"A201",1,0,0,0,1,0,0,1,0,0,0,0,1,1,1,1,0,1,1,0.396892556433756
"4378","C19378",1603,"P43",24,"S11","A32","A173","E75","A92","A101",4,55,"A152",1,1,"A201",0,0,0,1,1,0,1,0,0,0,0,0,1,1,0,1,0,0,1,0.436875889591206
"2647","C17647",3878,"P40",24,"S12","A34","A173","E72","A91","A101",2,37,"A152",1,1,"A201",0,0,0,1,0,1,0,1,0,1,1,0,1,1,0,1,0,0,1,0.396167236357174
"2869","C17869",1297,"P43",12,"S13","A32","A173","E73","A94","A101",4,23,"A151",1,1,"A201",0,0,0,1,1,0,0,0,0,0,0,1,0,1,1,1,1,0,1,0.087708508835187
"672","C15672",3447,"P48",12,"S14","A31","A172","E73","A92","A101",3,35,"A152",1,2,"A201",0,0,1,0,1,0,0,0,1,0,0,1,1,1,0,1,0,0,1,0.196879883084449
"92","C15092",343,"P44",6,"S11","A32","A173","E72","A92","A101",1,27,"A152",1,1,"A201",0,0,0,1,0,0,1,0,0,0,1,0,1,1,0,1,1,0,0,0.447558239585575
"3054","C18054",1424,"P44",12,"S12","A34","A173","E74","A93","A101",3,26,"A152",1,1,"A201",0,0,0,1,0,0,0,1,0,1,0,0,0,1,0,1,1,0,1,0.17461638385841
"3249","C18249",1449,"P49",6,"S12","A33","A173","E75","A91","A101",2,31,"A152",2,2,"A201",0,0,0,1,0,1,0,1,0,0,0,0,1,1,0,1,0,0,1,0.317929361827081
"487","C15487",6313,"P41",24,"S14","A32","A174","E75","A93","A101",4,41,"A152",1,2,"A201",0,0,0,0,1,0,0,0,0,0,0,0,0,1,0,1,0,1,1,0.0922732073318229
"1688","C16688",7393,"P40",24,"S14","A32","A172","E73","A93","A101",4,43,"A152",1,2,"A201",0,0,1,0,0,1,0,0,0,0,0,1,0,1,0,1,0,1,1,0.156016974968144
"1635","C16635",3485,"P40",20,"S14","A34","A173","E72","A91","A101",4,44,"A152",2,1,"A201",0,0,0,1,0,1,0,0,0,1,1,0,1,1,0,1,0,0,1,0.146588454986879
"2472","C17472",3656,"P43",30,"S13","A34","A172","E75","A93","A101",4,49,"A152",2,1,"A201",0,0,1,0,1,0,0,0,0,1,0,0,0,1,0,1,0,0,1,0.0595753570931899
"232","C15232",2223,"P43",24,"S14","A34","A173","E75","A93","A101",4,52,"A152",2,1,"A201",0,0,0,1,1,0,0,0,0,1,0,0,0,1,0,1,0,0,1,0.0493213537580633
"2587","C17587",2753,"P43",9,"S14","A32","A173","E75","A93","A102",4,35,"A152",1,1,"A201",0,0,0,1,1,0,0,0,0,0,0,0,0,1,0,1,0,0,1,0.0581120496264644
"1397","C16397",1049,"P42",18,"S11","A34","A173","E72","A92","A101",4,21,"A151",1,1,"A201",0,0,0,1,0,0,1,0,0,1,1,0,1,1,1,1,1,0,1,0.557446302469216
"1628","C16628",2978,"P49",24,"S14","A33","A173","E73","A93","A101",4,32,"A152",2,2,"A201",0,0,0,1,0,1,0,0,0,0,0,1,0,1,0,1,0,0,1,0.156016974968144
"2557","C17557",433,"P46",6,"S12","A31","A173","E72","A92","A101",2,24,"A151",1,2,"A201",1,0,0,1,0,1,0,1,1,0,1,0,1,1,1,1,1,0,1,0.722795972012912
"1657","C16657",9572,"P49",36,"S14","A33","A173","E72","A91","A101",1,28,"A152",2,1,"A201",1,0,0,1,0,1,0,0,0,0,1,0,1,1,0,1,1,1,0,0.283497213926093
"3850","C18850",4811,"P41",30,"S14","A32","A172","E74","A92","A101",4,24,"A151",1,1,"A201",0,0,1,0,1,0,0,0,0,0,0,0,1,1,1,1,1,0,1,0.193769661419641
"2980","C17980",660,"P45",6,"S14","A32","A172","E74","A94","A101",4,23,"A151",1,1,"A201",0,0,1,0,0,1,0,0,0,0,0,0,0,1,1,1,1,0,1,0.125247627356048
"3807","C18807",717,"P43",12,"S14","A34","A173","E75","A93","A101",4,52,"A152",3,1,"A201",0,0,0,1,1,0,0,0,0,1,0,0,0,1,0,1,0,0,1,0.0336251372854894
"3555","C18555",4110,"P42",24,"S11","A30","A173","E75","A93","A101",4,23,"A151",2,2,"A201",1,0,0,1,0,0,1,0,1,0,0,0,0,1,1,1,1,0,1,0.791420855800797
"395","C15395",4933,"P43",39,"S12","A34","A173","E74","A93","A103",2,25,"A152",2,1,"A201",1,0,0,1,1,0,0,1,0,1,0,0,0,0,0,1,1,0,1,0.137534792128403
"2952","C17952",691,"P40",12,"S11","A34","A173","E75","A93","A101",3,35,"A152",2,1,"A201",1,0,0,1,0,1,1,0,0,1,0,0,0,1,0,1,0,0,1,0.260192163467025
"4816","C19816",9436,"P41",54,"S14","A30","A172","E73","A93","A101",2,39,"A152",1,2,"A201",0,0,1,0,1,0,0,0,1,0,0,1,0,1,0,1,0,1,1,0.419492483981437
"3486","C18486",1880,"P43",18,"S11","A34","A174","E74","A94","A101",1,32,"A152",2,1,"A201",0,0,0,0,1,0,1,0,0,1,0,0,0,1,0,1,0,0,0,0.140146847302124
"170","C15170",3368,"P41",15,"S14","A34","A173","E75","A93","A101",4,23,"A151",2,1,"A201",0,0,0,1,1,0,0,0,0,1,0,0,0,1,1,1,1,0,1,0.0514313989216324
"2625","C17625",1245,"P43",18,"S12","A34","A173","E73","A94","A101",2,33,"A152",1,1,"A201",1,0,0,1,1,0,0,1,0,1,0,1,0,1,0,1,0,0,1,0.124384511816617
"3864","C18864",3617,"P42",24,"S13","A34","A173","E75","A93","A102",4,20,"A151",2,1,"A201",0,0,0,1,0,0,0,0,0,1,0,0,0,1,1,1,1,0,1,0.117420330026183
"4998","C19998",3595,"P43",36,"S14","A32","A173","E75","A93","A101",2,28,"A152",1,1,"A201",0,0,0,1,1,0,0,0,0,0,0,0,0,1,0,1,1,0,1,0.131617683018143
"4886","C19886",1158,"P43",12,"S12","A32","A173","E73","A91","A101",1,26,"A152",1,1,"A201",0,0,0,1,1,0,0,1,0,0,0,1,1,1,0,1,1,0,0,0.17764210463751
"48","C15048",1236,"P41",6,"S14","A32","A173","E73","A93","A101",4,50,"A151",1,1,"A201",0,0,0,1,1,0,0,0,0,0,0,1,0,1,1,1,0,0,1,0.0729880922234015
"41","C15041",3878,"P40",24,"S12","A34","A173","E72","A91","A101",2,37,"A152",1,1,"A201",0,0,0,1,0,1,0,1,0,1,1,0,1,1,0,1,0,0,1,0.396167236357174
"3496","C18496",5771,"P43",30,"S14","A34","A173","E74","A92","A101",2,25,"A152",2,1,"A201",0,0,0,1,1,0,0,0,0,1,0,0,1,1,0,1,1,1,1,0.0800228513738534
"2686","C17686",2100,"P43",18,"S13","A32","A173","E73","A93","A102",2,37,"A152",1,1,"A201",1,0,0,1,1,0,0,0,0,0,0,1,0,1,0,1,0,0,1,0.0768512187109175
"4605","C19605",691,"P40",12,"S11","A34","A173","E75","A93","A101",3,35,"A152",2,1,"A201",1,0,0,1,0,1,1,0,0,1,0,0,0,1,0,1,0,0,1,0.260192163467025
"2847","C17847",2030,"P42",9,"S12","A32","A173","E74","A93","A101",1,24,"A152",1,1,"A201",0,0,0,1,0,0,0,1,0,0,0,0,0,1,0,1,1,0,0,0.205657853247889
"4725","C19725",976,"P43",12,"S14","A34","A173","E75","A93","A101",4,35,"A152",2,1,"A201",0,0,0,1,1,0,0,0,0,1,0,0,0,1,0,1,0,0,1,0.0336251372854894
"4542","C19542",3976,"P42",21,"S12","A32","A173","E74","A93","A101",3,35,"A152",1,1,"A201",0,0,0,1,0,0,0,1,0,0,0,0,0,1,0,1,0,0,1,0.358694877092045
"2263","C17263",999,"P43",24,"S14","A32","A173","E75","A93","A101",2,25,"A152",2,1,"A201",0,0,0,1,1,0,0,0,0,0,0,0,0,1,0,1,1,0,1,0.0922732073318229
"1532","C16532",2333,"P43",30,"S14","A32","A174","E75","A93","A101",2,30,"A152",1,1,"A201",0,0,0,0,1,0,0,0,0,0,0,0,0,1,0,1,0,0,1,0.110419804040948
"4705","C19705",2346,"P41",24,"S14","A34","A173","E74","A93","A101",3,35,"A152",2,1,"A201",0,0,0,1,1,0,0,0,0,1,0,0,0,1,0,1,0,0,1,0.0493213537580633
"4615","C19615",2366,"P40",12,"S12","A34","A174","E74","A91","A101",3,36,"A152",1,1,"A201",0,0,0,0,0,1,0,1,0,1,0,0,1,1,0,1,0,0,1,0.225097445953233
"1597","C16597",1647,"P40",21,"S11","A31","A172","E73","A93","A101",2,40,"A152",2,2,"A201",1,0,1,0,0,1,1,0,1,0,0,1,0,1,0,1,0,0,1,0.708877518486553
"3841","C18841",1795,"P43",18,"S12","A34","A172","E75","A92","A103",4,48,"A151",2,1,"A201",0,0,1,0,1,0,0,1,0,1,0,0,1,0,1,1,0,0,1,0.133055319178189
"4840","C19840",2899,"P40",18,"S12","A33","A173","E75","A93","A101",4,43,"A152",1,2,"A201",0,0,0,1,0,1,0,1,0,0,0,0,0,1,0,1,0,0,1,0.336060911421833
"4643","C19643",3850,"P41",18,"S14","A34","A173","E74","A93","A101",1,27,"A152",2,1,"A201",0,0,0,1,1,0,0,0,0,1,0,0,0,1,0,1,1,0,0,0.0284883880339289
"2043","C17043",1574,"P42",12,"S14","A32","A173","E73","A93","A101",2,50,"A152",1,1,"A201",0,0,0,1,0,0,0,0,0,0,0,1,0,1,0,1,0,0,1,0.110305290232065
"4860","C19860",3590,"P49",18,"S12","A34","A171","E71","A94","A101",3,40,"A152",3,2,"A201",0,1,0,0,0,1,0,1,0,1,1,0,0,1,0,1,0,0,1,0.281255341622145
"1489","C16489",888,"P40",12,"S12","A32","A172","E75","A93","A101",4,41,"A152",1,2,"A201",1,0,1,0,0,1,0,1,0,0,0,0,0,1,0,1,0,0,1,0.293047773292849
"2084","C17084",4165,"P49",18,"S14","A30","A173","E73","A93","A101",2,36,"A152",2,2,"A201",1,0,0,1,0,1,0,0,1,0,0,1,0,1,0,1,0,0,1,0.283897132217957
"1578","C16578",1943,"P45",18,"S14","A32","A173","E72","A92","A101",4,23,"A152",1,1,"A201",1,0,0,1,0,1,0,0,0,0,1,0,1,1,0,1,1,0,1,0.239474990802619
"3338","C18338",4679,"P41",24,"S14","A33","A172","E74","A93","A101",3,35,"A152",2,1,"A201",0,0,1,0,1,0,0,0,0,0,0,0,0,1,0,1,0,0,1,0.0922732073318229
"2946","C17946",1647,"P40",21,"S11","A31","A172","E73","A93","A101",2,40,"A152",2,2,"A201",1,0,1,0,0,1,1,0,1,0,0,1,0,1,0,1,0,0,1,0.708877518486553
"4727","C19727",5800,"P41",36,"S12","A34","A173","E73","A93","A101",4,34,"A152",2,1,"A201",0,0,0,1,1,0,0,1,0,1,0,1,0,1,0,1,0,1,1,0.205484646234441
"3801","C18801",2684,"P43",24,"S14","A34","A172","E73","A93","A101",2,35,"A152",2,1,"A201",0,0,1,0,1,0,0,0,0,1,0,1,0,1,0,1,0,0,1,0.0493213537580633
"1464","C16464",5801,"P42",12,"S14","A34","A173","E75","A93","A101",4,49,"A151",1,1,"A201",0,0,0,1,0,0,0,0,0,1,0,0,0,1,1,1,0,1,1,0.0819195068759499
"73","C15073",3161,"P49",24,"S11","A31","A173","E73","A93","A101",2,31,"A151",1,1,"A201",1,0,0,1,0,1,1,0,1,0,0,1,0,1,1,1,0,0,1,0.791420855800797
"1326","C16326",3979,"P43",48,"S12","A32","A173","E74","A93","A101",1,41,"A152",2,2,"A201",0,0,0,1,1,0,0,1,0,0,0,0,0,1,0,1,0,0,0,0.342745990137153
"1471","C16471",1136,"P46",9,"S12","A34","A173","E75","A93","A101",3,32,"A153",2,2,"A201",1,0,0,1,0,1,0,1,0,1,0,0,0,1,1,1,0,0,1,0.212584984352372
"667","C15667",3850,"P41",18,"S14","A34","A173","E74","A93","A101",1,27,"A152",2,1,"A201",0,0,0,1,1,0,0,0,0,1,0,0,0,1,0,1,1,0,0,0.0284883880339289
"2455","C17455",4583,"P42",30,"S11","A30","A173","E73","A91","A103",2,32,"A152",2,1,"A201",0,0,0,1,0,0,1,0,1,0,0,1,1,0,0,1,0,0,1,0.715686385681625
"3510","C18510",7980,"P49",36,"S14","A33","A173","E72","A93","A101",4,27,"A151",2,1,"A201",1,0,0,1,0,1,0,0,0,0,1,0,0,1,1,1,1,1,1,0.370582985456203
"2544","C17544",2028,"P41",12,"S12","A32","A173","E73","A93","A101",2,30,"A152",1,1,"A201",0,0,0,1,1,0,0,1,0,0,0,1,0,1,0,1,0,0,1,0.185631490468526
"1505","C16505",6304,"P49",36,"S14","A34","A173","E75","A93","A101",4,36,"A152",2,1,"A201",0,0,0,1,0,1,0,0,0,1,0,0,0,1,0,1,0,1,1,0.123322319923173
"2542","C17542",5954,"P49",42,"S12","A34","A172","E74","A92","A101",1,41,"A152",2,1,"A201",0,0,1,0,0,1,0,1,0,1,0,0,1,1,0,1,0,1,0,0.352432301947004
"49","C15049",3378,"P41",18,"S14","A32","A173","E73","A93","A101",1,31,"A152",1,1,"A201",0,0,0,1,1,0,0,0,0,0,0,1,0,1,0,1,0,0,0,0.0543346139838681
"4897","C19897",1591,"P42",21,"S14","A33","A174","E74","A93","A101",3,34,"A152",2,1,"A201",0,0,0,0,0,0,0,0,0,0,0,0,0,1,0,1,0,0,1,0.143314138910187
"4392","C19392",2069,"P42",10,"S14","A34","A173","E73","A94","A101",1,26,"A152",2,1,"A202",0,0,0,1,0,0,0,0,0,1,0,1,0,1,0,0,1,0,0,0.0117620692585657
"2236","C17236",3757,"P40",24,"S14","A32","A173","E75","A92","A102",4,62,"A153",1,1,"A201",0,0,0,1,0,1,0,0,0,0,0,0,1,1,1,1,0,0,1,0.263587169048441
"763","C15763",5084,"P43",24,"S12","A32","A173","E75","A92","A101",4,42,"A152",1,1,"A201",0,0,0,1,1,0,0,1,0,0,0,0,1,1,0,1,0,1,1,0.318182335484388
"2893","C17893",727,"P46",10,"S14","A32","A173","E75","A93","A101",4,46,"A153",1,1,"A201",0,0,0,1,0,1,0,0,0,0,0,0,0,1,1,1,0,0,1,0.140578302526999
"2411","C17411",2142,"P49",11,"S14","A32","A173","E75","A91","A101",2,28,"A152",1,1,"A201",0,0,0,1,0,1,0,0,0,0,0,0,1,1,0,1,1,0,1,0.141381616894064
"3119","C18119",2032,"P40",24,"S14","A33","A173","E75","A93","A101",4,60,"A153",2,1,"A201",0,0,0,1,0,1,0,0,0,0,0,0,0,1,1,1,0,0,1,0.20677762631139
"1437","C16437",5129,"P41",9,"S12","A31","A174","E75","A92","A101",4,74,"A153",1,2,"A201",1,0,0,0,1,0,0,1,1,0,0,0,1,1,1,1,0,1,1,0.511231047911962
"1425","C16425",1347,"P43",10,"S13","A34","A173","E74","A93","A101",2,27,"A152",2,1,"A201",0,0,0,1,1,0,0,0,0,1,0,0,0,1,0,1,1,0,1,0.0315276686823389
"867","C15867",7308,"P40",10,"S12","A32","A174","E71","A93","A101",4,70,"A153",1,1,"A201",0,0,0,0,0,1,0,1,0,0,1,0,0,1,1,1,0,1,1,0.453085431306549
"1295","C16295",1555,"P45",12,"S14","A33","A173","E75","A93","A101",4,55,"A153",2,2,"A201",1,0,0,1,0,1,0,0,0,0,0,0,0,1,1,1,0,0,1,0.14881588529005
"3819","C18819",1207,"P40",24,"S11","A32","A173","E72","A92","A101",4,24,"A151",1,1,"A201",1,0,0,1,0,1,1,0,0,0,1,0,1,1,1,1,1,0,1,0.750852321160588
"3976","C18976",666,"P40",6,"S11","A34","A172","E74","A92","A101",4,39,"A152",2,1,"A201",0,0,1,0,0,1,1,0,0,1,0,0,1,1,0,1,0,0,1,0.283402416511265
"4499","C19499",11816,"P49",45,"S11","A30","A173","E75","A93","A101",4,29,"A151",2,1,"A201",1,0,0,1,0,1,1,0,1,0,0,0,0,1,1,1,1,1,1,0.884173962686959
"165","C15165",6458,"P40",18,"S14","A31","A174","E75","A93","A101",4,39,"A152",2,2,"A201",1,0,0,0,0,1,0,0,1,0,0,0,0,1,0,1,0,1,1,0.283897132217957
"2676","C17676",1516,"P43",24,"S14","A34","A172","E73","A92","A101",1,43,"A152",2,1,"A201",0,0,1,0,1,0,0,0,0,1,0,1,1,1,0,1,0,0,0,0.0468610309572464
"4800","C19800",1800,"P43",18,"S14","A34","A173","E73","A93","A101",2,24,"A152",2,1,"A201",0,0,0,1,1,0,0,0,0,1,0,1,0,1,0,1,1,0,1,0.0407557644486945
"3711","C18711",3676,"P40",6,"S11","A34","A173","E73","A93","A101",3,37,"A151",3,2,"A201",0,0,0,1,0,1,1,0,0,1,0,1,0,1,1,1,0,0,1,0.288846770606972
"2338","C17338",1231,"P43",24,"S11","A34","A174","E75","A92","A101",4,57,"A151",2,1,"A201",0,0,0,0,1,0,1,0,0,1,0,0,1,1,1,1,0,0,1,0.358294929489869
"959","C15959",3249,"P40",36,"S11","A32","A174","E74","A93","A101",4,39,"A153",1,2,"A201",0,0,0,0,0,1,1,0,0,0,0,0,0,1,1,1,0,0,1,0.683582560245265
"183","C15183",3857,"P41",30,"S11","A32","A174","E73","A91","A101",4,40,"A152",1,1,"A201",0,0,0,0,1,0,1,0,0,0,0,1,1,1,0,1,0,0,1,0.486472942768352
"3482","C18482",14782,"P50",60,"S12","A31","A174","E75","A92","A101",4,60,"A153",2,1,"A201",1,0,0,0,0,1,0,1,1,0,0,0,1,1,1,1,0,1,1,0.912188504839501
"3892","C18892",2186,"P42",15,"S14","A32","A172","E74","A92","A101",4,33,"A151",1,1,"A201",0,0,1,0,0,0,0,0,0,0,0,0,1,1,1,1,0,0,1,0.209655877134545
"3369","C18369",15672,"P49",48,"S12","A32","A173","E73","A93","A101",2,23,"A152",1,1,"A201",1,0,0,1,0,1,0,1,0,0,0,1,0,1,0,1,1,1,1,0.578775649954521
"4753","C19753",4042,"P41",24,"S14","A34","A173","E74","A93","A101",4,43,"A152",2,1,"A201",0,0,0,1,1,0,0,0,0,1,0,0,0,1,0,1,0,0,1,0.0493213537580633
"3936","C18936",4370,"P43",42,"S11","A33","A173","E74","A93","A101",2,26,"A152",2,2,"A201",1,0,0,1,1,0,1,0,0,0,0,0,0,1,0,1,1,0,1,0.507070674260342
"4836","C19836",4153,"P42",18,"S11","A32","A173","E73","A93","A102",3,42,"A152",1,1,"A201",1,0,0,1,0,0,1,0,0,0,0,1,0,1,0,1,0,0,1,0.456954021341531
"1364","C16364",9398,"P41",36,"S12","A32","A174","E72","A94","A101",4,28,"A151",1,1,"A201",1,0,0,0,1,0,0,1,0,0,1,0,0,1,1,1,1,1,1,0.519804726733948
"1346","C16346",6887,"P46",36,"S11","A33","A173","E73","A93","A101",3,29,"A152",1,1,"A201",1,0,0,1,0,1,1,0,0,0,0,1,0,1,0,1,1,1,1,0.605056033985848
"1098","C16098",2141,"P43",12,"S14","A32","A173","E74","A93","A101",1,35,"A152",1,1,"A201",0,0,0,1,1,0,0,0,0,0,0,0,0,1,0,1,0,0,0,0.0449395332683648
"2351","C17351",2032,"P40",24,"S14","A33","A173","E75","A93","A101",4,60,"A153",2,1,"A201",0,0,0,1,0,1,0,0,0,0,0,0,0,1,1,1,0,0,1,0.20677762631139
"980","C15980",1835,"P43",21,"S11","A32","A173","E73","A92","A101",2,25,"A152",2,1,"A201",1,0,0,1,1,0,1,0,0,0,0,1,1,1,0,1,1,0,1,0.412481681132532
"1343","C16343",6568,"P49",24,"S11","A32","A172","E73","A94","A101",2,21,"A152",1,1,"A201",0,0,1,0,0,1,1,0,0,0,0,1,0,1,0,1,1,1,1,0.506779146574888
"3408","C18408",3643,"P42",15,"S11","A33","A172","E75","A92","A101",4,27,"A152",2,1,"A201",0,0,1,0,0,0,1,0,0,0,0,0,1,1,0,1,1,0,1,0.511142395346445
"2725","C17725",4020,"P42",24,"S11","A32","A173","E73","A93","A101",2,27,"A152",1,1,"A201",0,0,0,1,0,0,1,0,0,0,0,1,0,1,0,1,1,0,1,0.506779146574888
"4963","C19963",5965,"P41",27,"S12","A33","A174","E75","A93","A101",2,30,"A152",2,1,"A201",0,0,0,0,1,0,0,1,0,0,0,0,0,1,0,1,0,1,1,0.273025571312422
"2810","C17810",1198,"P46",6,"S11","A31","A173","E75","A92","A101",4,35,"A153",1,1,"A201",1,0,0,1,0,1,1,0,1,0,0,0,1,1,1,1,0,0,1,0.74103901107774
"760","C15760",701,"P43",12,"S11","A32","A172","E73","A94","A101",2,40,"A152",1,1,"A201",0,0,1,0,1,0,1,0,0,0,0,1,0,1,0,1,0,0,1,0.274808207258382
"4041","C19041",1442,"P40",24,"S11","A32","A173","E74","A92","A101",4,23,"A151",2,1,"A201",1,0,0,1,0,1,1,0,0,0,0,0,1,1,1,1,1,0,1,0.665494948733669
"574","C15574",10623,"P41",30,"S11","A34","A174","E75","A93","A101",4,38,"A153",3,2,"A201",0,0,0,0,1,0,1,0,0,1,0,0,0,1,1,1,0,1,1,0.331790992734227
"411","C15411",1201,"P40",24,"S12","A32","A173","E72","A93","A101",1,26,"A152",1,1,"A201",0,0,0,1,0,1,0,1,0,0,1,0,0,1,0,1,1,0,0,0.392529331004056
"3082","C18082",2831,"P43",30,"S14","A34","A173","E73","A92","A101",2,33,"A152",1,1,"A201",0,0,0,1,1,0,0,0,0,1,0,1,1,1,0,1,0,0,1,0.0800228513738534
"322","C15322",841,"P49",12,"S12","A32","A172","E74","A92","A101",4,23,"A151",1,1,"A201",0,0,1,0,0,1,0,1,0,0,0,0,1,1,1,1,1,0,1,0.44525370788776
"4737","C19737",7393,"P40",24,"S14","A32","A172","E73","A93","A101",4,43,"A152",1,2,"A201",0,0,1,0,0,1,0,0,0,0,0,1,0,1,0,1,0,1,1,0.156016974968144
"949","C15949",5371,"P42",36,"S11","A34","A173","E73","A93","A103",2,28,"A152",2,1,"A201",0,0,0,1,0,0,1,0,0,1,0,1,0,0,0,1,1,1,1,0.303756344316824
"94","C15094",3029,"P41",15,"S14","A32","A173","E74","A93","A101",2,33,"A152",1,1,"A201",0,0,0,1,1,0,0,0,0,0,0,0,0,1,0,1,0,0,1,0.070058972687681
"2700","C17700",433,"P46",6,"S12","A31","A173","E72","A92","A101",2,24,"A151",1,2,"A201",1,0,0,1,0,1,0,1,1,0,1,0,1,1,1,1,1,0,1,0.722795972012912
"1230","C16230",2404,"P43",18,"S14","A34","A173","E73","A92","A101",2,26,"A152",2,1,"A201",0,0,0,1,1,0,0,0,0,1,0,1,1,1,0,1,1,0,1,0.0551225930111518
"4330","C19330",708,"P42",12,"S11","A32","A172","E73","A93","A103",3,38,"A152",1,2,"A201",0,0,1,0,0,0,1,0,0,0,0,1,0,0,0,1,0,0,1,0.277727453208082
"4136","C19136",1928,"P42",18,"S12","A34","A172","E72","A93","A101",2,31,"A152",2,1,"A201",1,0,1,0,0,0,0,1,0,1,1,0,0,1,0,1,0,0,1,0.281255341622145
"102","C15102",5866,"P40",18,"S12","A32","A173","E73","A93","A101",2,30,"A152",2,1,"A201",0,0,0,1,0,1,0,1,0,0,0,1,0,1,0,1,0,1,1,0.336060911421833
"4403","C19403",6078,"P40",12,"S12","A32","A173","E74","A93","A101",2,32,"A152",1,1,"A201",0,0,0,1,0,1,0,1,0,0,0,0,0,1,0,1,0,1,1,0.293047773292849
"879","C15879",1322,"P40",11,"S12","A34","A173","E73","A92","A101",4,40,"A152",2,1,"A201",0,0,0,1,0,1,0,1,0,1,0,1,1,1,0,1,0,0,1,0.21934420395023
"1704","C16704",882,"P43",13,"S12","A34","A173","E72","A93","A103",4,23,"A152",2,1,"A201",0,0,0,1,1,0,0,1,0,1,1,0,0,0,0,1,1,0,1,0.0922783589633826
"2235","C17235",12579,"P41",24,"S12","A32","A174","E75","A92","A101",2,44,"A153",1,1,"A201",1,0,0,0,1,0,0,1,0,0,0,0,1,1,1,1,0,1,1,0.396892556433756
"287","C15287",2684,"P43",24,"S14","A34","A172","E73","A93","A101",2,35,"A152",2,1,"A201",0,0,1,0,1,0,0,0,0,1,0,1,0,1,0,1,0,0,1,0.0493213537580633
"4234","C19234",1525,"P40",24,"S14","A32","A173","E74","A92","A101",3,34,"A152",1,2,"A201",0,0,0,1,0,1,0,0,0,0,0,0,1,1,0,1,0,0,1,0.202439816386
"357","C15357",2580,"P49",21,"S14","A33","A172","E72","A93","A101",2,41,"A152",1,2,"A201",1,0,1,0,0,1,0,0,0,0,1,0,0,1,0,1,0,0,1,0.202176198728489
"2776","C17776",4113,"P41",24,"S12","A32","A173","E72","A92","A101",4,28,"A151",1,1,"A201",1,0,0,1,1,0,0,1,0,0,1,0,1,1,1,1,1,0,1,0.499213589824432
"3754","C18754",1216,"P40",18,"S11","A32","A173","E72","A92","A101",3,23,"A151",1,1,"A201",1,0,0,1,0,1,1,0,0,0,1,0,1,1,1,1,1,0,1,0.711654621196058
"2153","C17153",2647,"P43",6,"S11","A32","A173","E73","A93","A101",3,44,"A151",1,2,"A201",0,0,0,1,1,0,1,0,0,0,0,1,0,1,1,1,0,0,1,0.304410135662704
"1335","C16335",5234,"P40",30,"S12","A34","A174","E71","A94","A101",2,28,"A152",2,1,"A201",1,0,0,0,0,1,0,1,0,1,1,0,0,1,0,1,1,1,1,0.36847043331136
"4583","C19583",1750,"P43",6,"S14","A31","A172","E75","A93","A101",4,45,"A152",1,2,"A201",0,0,1,0,1,0,0,0,1,0,0,0,0,1,0,1,0,0,1,0.127561579583728
"1190","C16190",1778,"P40",15,"S12","A30","A171","E72","A92","A101",1,26,"A151",2,1,"A201",1,1,0,0,0,1,0,1,1,0,1,0,1,1,1,1,1,0,0,0.708303575180756
"4290","C19290",2331,"P43",12,"S14","A34","A173","E75","A93","A102",4,49,"A152",1,1,"A201",0,0,0,1,1,0,0,0,0,1,0,0,0,1,0,1,0,0,1,0.0336251372854894
"3024","C18024",3190,"P43",18,"S11","A32","A173","E73","A92","A101",2,24,"A152",1,1,"A201",1,0,0,1,1,0,1,0,0,0,0,1,1,1,0,1,1,0,1,0.388509840660851
"2220","C17220",4576,"P41",45,"S12","A34","A173","E71","A93","A101",4,27,"A152",1,1,"A201",0,0,0,1,1,0,0,1,0,1,1,0,0,1,0,1,1,0,1,0.345815803442264
"2020","C17020",2002,"P40",12,"S12","A32","A173","E74","A93","A101",4,30,"A151",1,2,"A201",0,0,0,1,0,1,0,1,0,0,0,0,0,1,1,1,0,0,1,0.3689044670016
"1117","C16117",11590,"P41",48,"S14","A34","A172","E73","A92","A101",4,24,"A151",2,1,"A201",1,0,1,0,1,0,0,0,0,1,0,1,1,1,1,1,1,1,1,0.182553780895861
"4712","C19712",3650,"P42",18,"S11","A32","A173","E72","A92","A101",4,22,"A151",1,1,"A201",0,0,0,1,0,0,1,0,0,0,1,0,1,1,1,1,1,0,1,0.711654621196058
"2014","C17014",1258,"P43",24,"S13","A32","A172","E73","A92","A101",3,57,"A152",1,1,"A201",0,0,1,0,1,0,0,0,0,0,0,1,1,1,0,1,0,0,1,0.122481642461881
"607","C15607",2337,"P43",36,"S12","A34","A173","E75","A93","A101",4,36,"A152",1,1,"A201",0,0,0,1,1,0,0,1,0,1,0,0,0,1,0,1,0,0,1,0.205484646234441
"2523","C17523",1098,"P43",18,"S14","A34","A171","E71","A92","A101",4,65,"A152",2,1,"A201",0,1,0,0,1,0,0,0,0,1,1,0,1,1,0,1,0,0,1,0.0811956591341619
"1000","C16000",7393,"P40",24,"S14","A32","A172","E73","A93","A101",4,43,"A152",1,2,"A201",0,0,1,0,0,1,0,0,0,0,0,1,0,1,0,1,0,1,1,0.156016974968144
"2174","C17174",1048,"P43",10,"S12","A31","A172","E73","A93","A101",4,23,"A152",1,1,"A201",0,0,1,0,1,0,0,1,1,0,0,1,0,1,0,1,1,0,1,0.35834815946294
"4389","C19389",7485,"P41",30,"S14","A31","A174","E71","A92","A101",1,53,"A152",1,1,"A201",1,0,0,0,1,0,0,0,1,0,1,0,1,1,0,1,0,1,0,0.318158791892893
"868","C15868",629,"P43",18,"S14","A34","A174","E75","A93","A101",3,32,"A152",2,1,"A201",0,0,0,0,1,0,0,0,0,1,0,0,0,1,0,1,0,0,1,0.0407557644486945
"2788","C17788",2221,"P42",15,"S14","A32","A173","E73","A92","A101",4,20,"A151",1,1,"A201",0,0,0,1,0,0,0,0,0,0,0,1,1,1,1,1,1,0,1,0.209655877134545
"4578","C19578",618,"P43",12,"S14","A34","A173","E75","A93","A101",4,56,"A152",1,1,"A201",0,0,0,1,1,0,0,0,0,1,0,0,0,1,0,1,0,0,1,0.0336251372854894
"4242","C19242",2384,"P45",36,"S12","A32","A172","E72","A93","A101",1,33,"A151",1,1,"A201",1,0,1,0,0,1,0,1,0,0,1,0,0,1,1,1,0,0,0,0.576024422845614
"2972","C17972",1935,"P49",24,"S12","A34","A173","E75","A91","A101",4,31,"A152",2,1,"A201",1,0,0,1,0,1,0,1,0,1,0,0,1,1,0,1,0,0,1,0.302220776444304
"435","C15435",626,"P43",12,"S11","A31","A172","E73","A92","A101",4,24,"A152",1,1,"A201",1,0,1,0,1,0,1,0,1,0,0,1,1,1,0,1,1,0,1,0.576732781148913
"3725","C18725",700,"P43",6,"S14","A34","A173","E75","A93","A101",4,36,"A153",2,1,"A201",0,0,0,1,1,0,0,0,0,1,0,0,0,1,1,1,0,0,1,0.0386311410991077
"4734","C19734",2012,"P46",12,"S14","A34","A173","E74","A92","A101",2,61,"A152",1,1,"A201",0,0,0,1,0,1,0,0,0,1,0,0,1,1,0,1,0,0,1,0.0799370288159394
"4845","C19845",2303,"P40",24,"S11","A32","A173","E75","A93","A102",1,45,"A152",1,1,"A201",1,0,0,1,0,1,1,0,0,0,0,0,0,1,0,1,0,0,0,0.414913417356367
"2476","C17476",2445,"P41",12,"S14","A32","A173","E72","A94","A101",4,26,"A151",1,1,"A201",0,0,0,1,1,0,0,0,0,0,1,0,0,1,1,1,1,0,1,0.127121114186549
"4500","C19500",888,"P40",12,"S12","A32","A172","E75","A93","A101",4,41,"A152",1,2,"A201",1,0,1,0,0,1,0,1,0,0,0,0,0,1,0,1,0,0,1,0.293047773292849
"3349","C18349",2684,"P43",24,"S14","A34","A172","E73","A93","A101",2,35,"A152",2,1,"A201",0,0,1,0,1,0,0,0,0,1,0,1,0,1,0,1,0,0,1,0.0493213537580633
"3335","C18335",6260,"P40",18,"S12","A32","A172","E74","A93","A101",3,28,"A151",1,1,"A201",0,0,1,0,0,1,0,1,0,0,0,0,0,1,1,1,1,1,1,0.416492202906117
"1332","C16332",2872,"P43",24,"S14","A34","A173","E75","A93","A101",4,36,"A152",1,2,"A201",0,0,0,1,1,0,0,0,0,1,0,0,0,1,0,1,0,0,1,0.0493213537580633
"2061","C17061",6204,"P45",18,"S12","A33","A172","E73","A93","A101",4,44,"A152",1,2,"A201",0,0,1,0,0,1,0,1,0,0,0,1,0,1,0,1,0,1,1,0.336060911421833
"1169","C16169",2069,"P42",10,"S14","A34","A173","E73","A94","A101",1,26,"A152",2,1,"A202",0,0,0,1,0,0,0,0,0,1,0,1,0,1,0,0,1,0,0,0.0117620692585657
"1479","C16479",1231,"P43",24,"S11","A34","A174","E75","A92","A101",4,57,"A151",2,1,"A201",0,0,0,0,1,0,1,0,0,1,0,0,1,1,1,1,0,0,1,0.358294929489869
"775","C15775",2169,"P49",18,"S14","A33","A173","E73","A94","A101",2,28,"A152",1,1,"A201",1,0,0,1,0,1,0,0,0,0,0,1,0,1,0,1,1,0,1,0.131484434702704
"21","C15021",3973,"P40",14,"S11","A32","A173","E71","A93","A101",4,22,"A153",1,1,"A201",0,0,0,1,0,1,1,0,0,0,1,0,0,1,1,1,1,0,1,0.611406405520964
"81","C15081",1602,"P40",21,"S11","A34","A173","E75","A94","A101",3,30,"A152",2,1,"A201",0,0,0,1,0,1,1,0,0,1,0,0,0,1,0,1,0,0,1,0.321829718386664
"199","C15199",1028,"P40",18,"S14","A34","A173","E73","A92","A101",3,36,"A152",2,1,"A201",0,0,0,1,0,1,0,0,0,1,0,1,1,1,0,1,0,0,1,0.0959139189949413
"2582","C17582",8386,"P42",30,"S12","A34","A173","E74","A93","A101",2,49,"A152",1,1,"A201",1,0,0,1,0,0,0,1,0,1,0,0,0,1,0,1,0,1,1,0.278067370123009
"1584","C16584",8613,"P41",27,"S14","A33","A173","E73","A93","A101",2,27,"A152",2,1,"A201",0,0,0,1,1,0,0,0,0,0,0,1,0,1,0,1,1,1,1,0.100985257604405
"2872","C17872",2578,"P43",24,"S14","A34","A173","E75","A93","A101",2,34,"A152",1,1,"A201",0,0,0,1,1,0,0,0,0,1,0,0,0,1,0,1,0,0,1,0.0493213537580633
"1963","C16963",2782,"P40",21,"S14","A32","A174","E74","A92","A101",2,31,"A152",1,1,"A201",0,0,0,0,0,1,0,0,0,0,0,0,1,1,0,1,0,0,1,0.18679379721218
"4599","C19599",1028,"P40",18,"S14","A34","A173","E73","A92","A101",3,36,"A152",2,1,"A201",0,0,0,1,0,1,0,0,0,1,0,1,1,1,0,1,0,0,1,0.0959139189949413
"3862","C18862",6836,"P49",60,"S11","A33","A173","E75","A93","A101",4,63,"A152",2,1,"A201",1,0,0,1,0,1,1,0,0,0,0,0,0,1,0,1,0,1,1,0.773029126604782
"4757","C19757",2241,"P40",10,"S11","A34","A172","E72","A93","A101",3,48,"A151",2,2,"A202",0,0,1,0,0,1,1,0,0,1,1,0,0,1,1,0,0,0,1,0.16995340270996
"2677","C17677",3114,"P42",18,"S11","A30","A173","E72","A92","A101",4,26,"A151",1,1,"A201",1,0,0,1,0,0,1,0,1,0,1,0,1,1,1,1,1,0,1,0.866008560855106
"1699","C16699",2171,"P43",12,"S14","A32","A173","E72","A92","A101",2,29,"A152",1,1,"A201",0,0,0,1,1,0,0,0,0,0,1,0,1,1,0,1,1,0,1,0.124192718555936
"3466","C18466",1169,"P43",6,"S11","A34","A173","E75","A93","A101",4,67,"A152",2,1,"A201",0,0,0,1,1,0,1,0,0,1,0,0,0,1,0,1,0,0,1,0.136729738227268
"4723","C19723",2235,"P40",20,"S11","A34","A173","E73","A94","A103",2,33,"A151",2,1,"A202",1,0,0,1,0,1,1,0,0,1,0,1,0,0,1,0,0,0,1,0.0951959634513573
"2989","C17989",3349,"P42",36,"S14","A32","A174","E73","A92","A101",2,28,"A152",1,1,"A201",1,0,0,0,0,0,0,0,0,0,0,1,1,1,0,1,1,0,1,0.274550603014661
"4662","C19662",3149,"P42",24,"S11","A32","A173","E72","A93","A101",1,22,"A153",1,1,"A201",0,0,0,1,0,0,1,0,0,0,1,0,0,1,1,1,1,0,0,0.602358526731793
"601","C15601",2221,"P42",15,"S14","A32","A173","E73","A92","A101",4,20,"A151",1,1,"A201",0,0,0,1,0,0,0,0,0,0,0,1,1,1,1,1,1,0,1,0.209655877134545
"866","C15866",1851,"P43",24,"S14","A34","A173","E74","A94","A103",2,33,"A152",2,1,"A201",0,0,0,1,1,0,0,0,0,1,0,0,0,0,0,1,0,0,1,0.0281339597892972
"382","C15382",2249,"P40",18,"S11","A32","A174","E74","A93","A101",3,30,"A152",1,2,"A201",0,0,0,0,0,1,1,0,0,0,0,0,0,1,0,1,0,0,1,0.456954021341531
"4138","C19138",1721,"P40",15,"S11","A32","A173","E72","A93","A101",3,36,"A152",1,1,"A201",0,0,0,1,0,1,1,0,0,0,1,0,0,1,0,1,0,0,1,0.535641489004973
"369","C15369",1546,"P43",24,"S11","A31","A172","E74","A93","A103",4,24,"A151",1,1,"A201",1,0,1,0,1,0,1,0,1,0,0,0,0,0,1,1,1,0,1,0.537943818422217
"2785","C17785",2320,"P43",18,"S14","A33","A173","E71","A94","A101",3,34,"A152",2,1,"A201",0,0,0,1,1,0,0,0,0,0,1,0,0,1,0,1,0,0,1,0.111983879106501
"4360","C19360",1919,"P42",9,"S12","A34","A173","E74","A93","A101",3,35,"A151",1,1,"A201",0,0,0,1,0,0,0,1,0,1,0,0,0,1,1,1,0,0,1,0.212584984352372
"3168","C18168",8358,"P40",48,"S12","A30","A173","E72","A92","A101",1,30,"A152",2,1,"A201",0,0,0,1,0,1,0,1,1,0,1,0,1,1,0,1,0,1,0,0.837801906877505
"4003","C19003",11760,"P46",39,"S12","A33","A173","E74","A93","A101",3,32,"A151",1,1,"A201",0,0,0,1,0,1,0,1,0,0,0,0,0,1,1,1,0,1,1,0.589491350807343
"3154","C18154",9157,"P43",60,"S12","A33","A174","E73","A93","A101",2,27,"A153",1,1,"A201",0,0,0,0,1,0,0,1,0,0,0,1,0,1,1,1,1,1,1,0.613700515819616
"2634","C17634",2121,"P40",12,"S11","A34","A173","E73","A93","A101",2,30,"A152",2,1,"A201",0,0,0,1,0,1,1,0,0,1,0,1,0,1,0,1,0,0,1,0.260192163467025
"2933","C17933",10623,"P41",30,"S11","A34","A174","E75","A93","A101",4,38,"A153",3,2,"A201",0,0,0,0,1,0,1,0,0,1,0,0,0,1,1,1,0,1,1,0.331790992734227
"1323","C16323",2463,"P40",24,"S14","A34","A173","E74","A94","A101",3,27,"A152",2,1,"A201",0,0,0,1,0,1,0,0,0,1,0,0,0,1,0,1,1,0,1,0.0862113939182156
"335","C15335",7374,"P42",18,"S12","A34","A174","E71","A93","A101",4,40,"A152",2,1,"A201",0,0,0,0,0,0,0,1,0,1,1,0,0,1,0,1,0,1,1,0.281255341622145
"928","C15928",9436,"P41",54,"S14","A30","A172","E73","A93","A101",2,39,"A152",1,2,"A201",0,0,1,0,1,0,0,0,1,0,0,1,0,1,0,1,0,1,1,0.419492483981437
"2419","C17419",2384,"P45",36,"S12","A32","A172","E72","A93","A101",1,33,"A151",1,1,"A201",1,0,1,0,0,1,0,1,0,0,1,0,0,1,1,1,0,0,0,0.576024422845614
"4516","C19516",3422,"P42",18,"S14","A32","A173","E75","A93","A101",4,47,"A152",3,2,"A201",0,0,0,1,0,0,0,0,0,0,0,0,0,1,0,1,0,0,1,0.131484434702704
"1281","C16281",3441,"P42",30,"S12","A32","A173","E73","A92","A102",4,21,"A151",1,1,"A201",1,0,0,1,0,0,0,1,0,0,0,1,1,1,1,1,1,0,1,0.593709509925408
"107","C15107",1299,"P40",6,"S13","A34","A171","E73","A93","A101",1,74,"A152",3,2,"A202",0,1,0,0,0,1,0,0,0,1,0,1,0,1,0,0,0,0,0,0.0103108253494097
"1745","C16745",1149,"P43",18,"S14","A34","A173","E73","A93","A101",3,46,"A152",2,1,"A201",0,0,0,1,1,0,0,0,0,1,0,1,0,1,0,1,0,0,1,0.0407557644486945
"4161","C19161",4576,"P41",45,"S12","A34","A173","E71","A93","A101",4,27,"A152",1,1,"A201",0,0,0,1,1,0,0,1,0,1,1,0,0,1,0,1,1,0,1,0.345815803442264
"4696","C19696",6260,"P40",18,"S12","A32","A172","E74","A93","A101",3,28,"A151",1,1,"A201",0,0,1,0,0,1,0,1,0,0,0,0,0,1,1,1,1,1,1,0.416492202906117
"250","C15250",684,"P46",12,"S11","A32","A172","E73","A93","A101",4,40,"A151",1,2,"A201",1,0,1,0,0,1,1,0,0,0,0,1,0,1,1,1,0,0,1,0.492842296808832
"3664","C18664",8086,"P40",36,"S12","A33","A174","E75","A93","A101",4,42,"A152",4,1,"A201",1,0,0,0,0,1,0,1,0,0,0,0,0,1,0,1,0,1,1,0.479583959413556
"2853","C17853",2197,"P41",24,"S14","A34","A173","E74","A93","A101",4,43,"A152",2,2,"A201",0,0,0,1,1,0,0,0,0,1,0,0,0,1,0,1,0,0,1,0.0493213537580633
"3681","C18681",2235,"P40",20,"S11","A34","A173","E73","A94","A103",2,33,"A151",2,1,"A202",1,0,0,1,0,1,1,0,0,1,0,1,0,0,1,0,0,0,1,0.0951959634513573
"919","C15919",7882,"P42",42,"S11","A32","A173","E74","A93","A103",4,45,"A153",1,2,"A201",0,0,0,1,0,0,1,0,0,0,0,0,0,0,1,1,0,1,1,0.595462245953076
"4438","C19438",1872,"P42",6,"S11","A34","A174","E71","A93","A101",4,36,"A153",3,1,"A201",0,0,0,0,0,0,1,0,0,1,1,0,0,1,1,1,0,0,1,0.380905299689187
"2620","C17620",1223,"P40",12,"S12","A32","A173","E75","A91","A101",1,46,"A151",2,1,"A201",1,0,0,1,0,1,0,1,0,0,0,0,1,1,1,1,0,0,0,0.356480027043993
"4818","C19818",2022,"P40",24,"S14","A34","A173","E73","A92","A101",4,37,"A152",1,1,"A201",0,0,0,1,0,1,0,0,0,1,0,1,1,1,0,1,0,0,1,0.114686042913361
"3468","C18468",12976,"P41",18,"S12","A32","A174","E71","A92","A101",4,38,"A153",1,1,"A201",1,0,0,0,1,0,0,1,0,0,1,0,1,1,1,1,0,1,1,0.449454468522069
"4613","C19613",6110,"P46",48,"S14","A34","A173","E73","A93","A101",3,31,"A153",1,1,"A201",0,0,0,1,0,1,0,0,0,1,0,1,0,1,1,1,0,1,1,0.228258454914672
"3675","C18675",8229,"P41",36,"S11","A32","A173","E73","A93","A101",2,26,"A152",1,2,"A201",1,0,0,1,1,0,1,0,0,0,0,1,0,1,0,1,1,1,1,0.457243458297937
"955","C15955",7174,"P43",42,"S11","A32","A174","E74","A92","A101",3,30,"A152",1,1,"A201",1,0,0,0,1,0,1,0,0,0,0,0,1,1,0,1,0,1,1,0.585486477975045
"2038","C17038",3016,"P43",12,"S13","A32","A173","E73","A94","A101",1,24,"A152",1,1,"A201",0,0,0,1,1,0,0,0,0,0,0,1,0,1,0,1,1,0,0,0.0449395332683648
"1861","C16861",4843,"P40",12,"S11","A34","A173","E75","A93","A102",4,43,"A151",2,1,"A201",1,0,0,1,0,1,1,0,0,1,0,0,0,1,1,1,0,0,1,0.331532460443237
"134","C15134",3863,"P49",24,"S14","A33","A173","E73","A93","A101",2,32,"A153",1,1,"A201",0,0,0,1,0,1,0,0,0,0,0,1,0,1,1,1,0,0,1,0.20677762631139
"2480","C17480",3342,"P43",36,"S14","A34","A173","E75","A93","A101",2,51,"A152",1,1,"A201",0,0,0,1,1,0,0,0,0,1,0,0,0,1,0,1,0,0,1,0.0718001806269258
"687","C15687",3017,"P43",30,"S13","A34","A173","E75","A93","A101",4,47,"A152",1,1,"A201",0,0,0,1,1,0,0,0,0,1,0,0,0,1,0,1,0,0,1,0.0595753570931899
"2183","C17183",2100,"P43",18,"S13","A32","A173","E73","A93","A102",2,37,"A152",1,1,"A201",1,0,0,1,1,0,0,0,0,0,0,1,0,1,0,1,0,0,1,0.0768512187109175
"1737","C16737",1922,"P42",12,"S12","A32","A172","E73","A93","A101",2,37,"A152",1,1,"A201",1,0,1,0,0,0,0,1,0,0,0,1,0,1,0,1,0,0,1,0.293047773292849
"2105","C17105",518,"P43",6,"S14","A32","A173","E73","A92","A101",1,29,"A152",1,1,"A201",0,0,0,1,1,0,0,0,0,0,0,1,1,1,0,1,1,0,0,0.050252620974187
"3695","C18695",741,"P44",12,"S11","A32","A173","E71","A92","A101",3,22,"A152",1,1,"A201",1,0,0,1,0,0,1,0,0,0,1,0,1,1,0,1,1,0,1,0.589039548953361
"947","C15947",428,"P42",6,"S11","A32","A173","E75","A92","A101",1,49,"A152",1,1,"A201",0,0,0,1,0,0,1,0,0,0,0,0,1,1,0,1,0,0,0,0.348457704288415
"744","C15744",7721,"P42",24,"S11","A32","A173","E72","A92","A101",2,30,"A152",1,1,"A202",0,0,0,1,0,0,1,0,0,0,1,0,1,1,0,0,0,1,1,0.383682282607725
"1790","C16790",1525,"P40",24,"S14","A32","A173","E74","A92","A101",3,34,"A152",1,2,"A201",0,0,0,1,0,1,0,0,0,0,0,0,1,1,0,1,0,0,1,0.202439816386
"4452","C19452",1225,"P44",10,"S13","A32","A173","E73","A93","A101",2,37,"A152",1,1,"A201",0,0,0,1,0,0,0,0,0,0,0,1,0,1,0,1,0,0,1,0.103939123006833
"4155","C19155",1585,"P42",24,"S14","A34","A173","E74","A93","A101",3,40,"A152",2,1,"A201",0,0,0,1,0,0,0,0,0,1,0,0,0,1,0,1,0,0,1,0.0862113939182156
"4566","C19566",6331,"P41",48,"S11","A34","A173","E75","A93","A101",4,46,"A153",2,1,"A201",1,0,0,1,1,0,1,0,0,1,0,0,0,1,1,1,0,1,1,0.474794536779496
"4431","C19431",5800,"P41",36,"S12","A34","A173","E73","A93","A101",4,34,"A152",2,1,"A201",0,0,0,1,1,0,0,1,0,1,0,1,0,1,0,1,0,1,1,0.205484646234441
"1742","C16742",2181,"P40",30,"S12","A34","A173","E75","A93","A101",4,36,"A152",2,1,"A201",0,0,0,1,0,1,0,1,0,1,0,0,0,1,0,1,0,0,1,0.278067370123009
"1978","C16978",708,"P42",12,"S11","A32","A172","E73","A93","A103",3,38,"A152",1,2,"A201",0,0,1,0,0,0,1,0,0,0,0,1,0,0,0,1,0,0,1,0.277727453208082
"2458","C17458",4280,"P49",30,"S12","A30","A172","E73","A92","A101",4,26,"A151",2,1,"A201",1,0,1,0,0,1,0,1,1,0,0,1,1,1,1,1,1,0,1,0.792819786319281
"3979","C18979",1216,"P43",24,"S12","A34","A173","E72","A93","A101",4,38,"A152",2,2,"A201",1,0,0,1,1,0,0,1,0,1,1,0,0,1,0,1,0,0,1,0.208080321046108
"1621","C16621",3844,"P49",48,"S12","A30","A172","E74","A93","A101",4,34,"A153",1,2,"A201",1,0,1,0,0,1,0,1,1,0,0,0,0,1,1,1,0,0,1,0.835365626780607
"276","C15276",3959,"P42",36,"S11","A32","A174","E71","A93","A101",3,30,"A152",1,1,"A201",0,0,0,0,0,0,1,0,0,0,1,0,0,1,0,1,0,0,1,0.698857080144844
"4911","C19911",2613,"P45",36,"S14","A30","A173","E73","A93","A101",2,27,"A152",2,1,"A201",0,0,0,1,0,1,0,0,1,0,0,1,0,1,0,1,1,0,1,0.419208486606595
"2894","C17894",2331,"P43",12,"S14","A34","A173","E75","A93","A102",4,49,"A152",1,1,"A201",0,0,0,1,1,0,0,0,0,1,0,0,0,1,0,1,0,0,1,0.0336251372854894
"2817","C17817",8386,"P42",30,"S12","A34","A173","E74","A93","A101",2,49,"A152",1,1,"A201",1,0,0,1,0,0,0,1,0,1,0,0,0,1,0,1,0,1,1,0.278067370123009
"2786","C17786",2760,"P41",24,"S12","A32","A173","E75","A93","A101",4,36,"A153",1,1,"A201",0,0,0,1,1,0,0,1,0,0,0,0,0,1,1,1,0,0,1,0.32399274908175
"3129","C18129",1103,"P43",12,"S12","A32","A173","E74","A93","A103",3,29,"A152",2,1,"A202",0,0,0,1,1,0,0,1,0,0,0,0,0,0,0,0,1,0,1,0.0357267780261597
"2156","C17156",846,"P43",7,"S14","A33","A173","E75","A93","A101",4,36,"A153",1,1,"A201",0,0,0,1,1,0,0,0,0,0,0,0,0,1,1,1,0,0,1,0.0752726655122679
"1612","C16612",2346,"P41",24,"S14","A34","A173","E74","A93","A101",3,35,"A152",2,1,"A201",0,0,0,1,1,0,0,0,0,1,0,0,0,1,0,1,0,0,1,0.0493213537580633
"620","C15620",947,"P40",24,"S13","A32","A173","E74","A93","A101",3,38,"A153",1,2,"A201",1,0,0,1,0,1,0,0,0,0,0,0,0,1,1,1,0,0,1,0.20677762631139
"2354","C17354",2520,"P43",27,"S12","A34","A172","E73","A93","A101",2,23,"A152",2,1,"A201",1,0,1,0,1,0,0,1,0,1,0,1,0,1,0,1,1,0,1,0.1608448752195
"3858","C18858",6468,"P41",20,"S12","A32","A174","E71","A91","A101",4,60,"A152",1,1,"A201",0,0,0,0,1,0,0,1,0,0,1,0,1,1,0,1,0,1,1,0.382250583421446
"4188","C19188",2012,"P46",12,"S14","A34","A173","E74","A92","A101",2,61,"A152",1,1,"A201",0,0,0,1,0,1,0,0,0,1,0,0,1,1,0,1,0,0,1,0.0799370288159394
"3086","C18086",3349,"P42",36,"S14","A32","A174","E73","A92","A101",2,28,"A152",1,1,"A201",1,0,0,0,0,0,0,0,0,0,0,1,1,1,0,1,1,0,1,0.274550603014661
"3878","C18878",730,"P43",7,"S14","A34","A172","E75","A93","A101",2,46,"A151",2,1,"A201",0,0,1,0,1,0,0,0,0,1,0,0,0,1,1,1,0,0,1,0.0398865912087205
"2360","C17360",1249,"P40",24,"S14","A32","A173","E72","A94","A101",2,28,"A152",1,1,"A201",0,0,0,1,0,1,0,0,0,0,1,0,0,1,0,1,1,0,1,0.218764052120376
"408","C15408",1309,"P40",10,"S14","A32","A172","E73","A93","A103",4,27,"A152",1,1,"A201",1,0,1,0,0,1,0,0,0,0,0,1,0,0,0,1,1,0,1,0.0607893824907519
"3652","C18652",1449,"P49",9,"S14","A32","A173","E74","A92","A101",2,27,"A152",2,1,"A201",0,0,0,1,0,1,0,0,0,0,0,0,1,1,0,1,1,0,1,0.133491013774429
"3259","C18259",7297,"P49",60,"S11","A32","A173","E75","A93","A102",4,36,"A151",1,1,"A201",1,0,0,1,0,1,1,0,0,0,0,0,0,1,1,1,0,1,1,0.827669951364863
"2026","C17026",14421,"P49",48,"S12","A30","A173","E73","A93","A101",2,25,"A152",1,1,"A201",1,0,0,1,0,1,0,1,1,0,0,1,0,1,0,1,1,1,1,0.782523728830962
"899","C15899",14555,"P40",6,"S12","A32","A171","E71","A93","A101",2,23,"A152",1,1,"A201",1,1,0,0,0,1,0,1,0,0,1,0,0,1,0,1,1,1,1,0.339601000401777
"4983","C19983",1455,"P40",4,"S14","A34","A172","E74","A93","A101",1,42,"A152",3,2,"A201",0,0,1,0,0,1,0,0,0,1,0,0,0,1,0,1,0,0,0,0.0323777594528475
"238","C15238",2439,"P43",24,"S11","A32","A173","E72","A92","A101",4,35,"A152",1,1,"A201",1,0,0,1,1,0,1,0,0,0,1,0,1,1,0,1,0,0,1,0.540270884367945
"3375","C18375",7119,"P42",48,"S11","A30","A173","E73","A93","A101",4,53,"A153",2,2,"A201",1,0,0,1,0,0,1,0,1,0,0,1,0,1,1,1,0,1,1,0.89401539790385
"3348","C18348",5943,"P43",24,"S14","A32","A173","E72","A92","A101",1,44,"A152",2,1,"A201",1,0,0,1,1,0,0,0,0,0,1,0,1,1,0,1,0,1,0,0.12734272483123
"4517","C19517",1887,"P49",18,"S12","A34","A173","E73","A94","A101",4,28,"A152",2,1,"A201",0,0,0,1,0,1,0,1,0,1,0,1,0,1,0,1,1,0,1,0.205294295048216
"1834","C16834",1206,"P43",9,"S12","A32","A173","E75","A92","A101",4,25,"A152",1,1,"A201",0,0,0,1,1,0,0,1,0,0,0,0,1,1,0,1,1,0,1,0.220722435575726
"4784","C19784",1245,"P43",18,"S12","A34","A173","E73","A94","A101",2,33,"A152",1,1,"A201",1,0,0,1,1,0,0,1,0,1,0,1,0,1,0,1,0,0,1,0.124384511816617
"3111","C18111",1364,"P40",10,"S14","A32","A173","E73","A92","A101",4,64,"A152",1,1,"A201",0,0,0,1,0,1,0,0,0,0,0,1,1,1,0,1,0,0,1,0.137388697205438
"361","C15361",9157,"P43",60,"S12","A33","A174","E73","A93","A101",2,27,"A153",1,1,"A201",0,0,0,0,1,0,0,1,0,0,0,1,0,1,1,1,1,1,1,0.613700515819616
"2687","C17687",3518,"P40",6,"S14","A32","A173","E73","A93","A103",3,26,"A151",1,1,"A201",0,0,0,1,0,1,0,0,0,0,0,1,0,0,1,1,1,0,1,0.0739821491373217
"1238","C16238",2028,"P41",12,"S12","A32","A173","E73","A93","A101",2,30,"A152",1,1,"A201",0,0,0,1,1,0,0,1,0,0,0,1,0,1,0,1,0,0,1,0.185631490468526
"1825","C16825",700,"P43",6,"S14","A34","A173","E75","A93","A101",4,36,"A153",2,1,"A201",0,0,0,1,1,0,0,0,0,1,0,0,0,1,1,1,0,0,1,0.0386311410991077
"1029","C16029",2169,"P49",18,"S14","A33","A173","E73","A94","A101",2,28,"A152",1,1,"A201",1,0,0,1,0,1,0,0,0,0,0,1,0,1,0,1,1,0,1,0.131484434702704
"270","C15270",2384,"P45",36,"S12","A32","A172","E72","A93","A101",1,33,"A151",1,1,"A201",1,0,1,0,0,1,0,1,0,0,1,0,0,1,1,1,0,0,0,0.576024422845614
"3983","C18983",776,"P43",12,"S14","A32","A173","E73","A94","A101",2,28,"A152",1,1,"A201",0,0,0,1,1,0,0,0,0,0,0,1,0,1,0,1,1,0,1,0.0638255324815497
"633","C15633",1410,"P48",12,"S12","A30","A172","E73","A93","A101",2,31,"A152",1,1,"A201",0,0,1,0,1,0,0,1,1,0,0,1,0,1,0,1,0,0,1,0.373796389630053
"2146","C17146",14179,"P42",39,"S11","A34","A174","E74","A93","A101",4,30,"A152",2,1,"A201",0,0,0,0,0,0,1,0,0,1,0,0,0,1,0,1,0,1,1,0.463518087988342
"1424","C16424",4370,"P43",42,"S11","A33","A173","E74","A93","A101",2,26,"A152",2,2,"A201",1,0,0,1,1,0,1,0,0,0,0,0,0,1,0,1,1,0,1,0.507070674260342
"645","C15645",753,"P43",6,"S12","A32","A173","E73","A92","A103",3,64,"A152",1,1,"A201",0,0,0,1,1,0,0,1,0,0,0,1,1,0,0,1,0,0,1,0.125127199740904
"4664","C19664",5743,"P46",24,"S12","A34","A173","E72","A92","A101",4,24,"A153",2,1,"A201",0,0,0,1,0,1,0,1,0,1,1,0,1,1,1,1,1,1,1,0.480571553996167
"1461","C16461",2743,"P43",28,"S14","A34","A173","E75","A93","A101",2,29,"A152",2,1,"A201",0,0,0,1,1,0,0,0,0,1,0,0,0,1,0,1,1,0,1,0.0559528895224646
"103","C15103",4272,"P42",20,"S11","A34","A173","E75","A92","A101",4,24,"A152",2,1,"A201",0,0,0,1,0,0,1,0,0,1,0,0,1,1,0,1,1,0,1,0.386603680746969
"4171","C19171",276,"P40",9,"S12","A32","A172","E73","A94","A101",4,22,"A151",1,1,"A201",0,0,1,0,0,1,0,1,0,0,0,1,0,1,1,1,1,0,1,0.345973821142185
"4076","C19076",1262,"P43",12,"S14","A32","A173","E73","A93","A101",2,25,"A152",1,1,"A201",0,0,0,1,1,0,0,0,0,0,0,1,0,1,0,1,1,0,1,0.0638255324815497
"1964","C16964",907,"P49",8,"S12","A32","A173","E72","A94","A101",2,26,"A152",1,1,"A201",0,0,0,1,0,1,0,1,0,0,1,0,0,1,0,1,1,0,1,0.354687789858481
"976","C15976",2136,"P42",9,"S11","A32","A173","E73","A93","A101",2,25,"A152",1,1,"A201",0,0,0,1,0,0,1,0,0,0,0,1,0,1,0,1,1,0,1,0.384094385433064
"2641","C17641",1881,"P43",12,"S13","A32","A172","E73","A92","A101",2,44,"A151",1,1,"A201",0,0,1,0,1,0,0,0,0,0,0,1,1,1,1,1,0,0,1,0.116614534125329
"4187","C19187",3124,"P40",12,"S12","A34","A172","E72","A93","A101",3,49,"A152",2,2,"A201",0,0,1,0,0,1,0,1,0,1,1,0,0,1,0,1,0,0,1,0.242692774161895
"4125","C19125",1577,"P42",11,"S12","A32","A173","E72","A92","A101",1,20,"A152",1,1,"A201",0,0,0,1,0,0,0,1,0,0,1,0,1,1,0,1,1,0,0,0.365310809368159
"416","C15416",1364,"P40",10,"S14","A32","A173","E73","A92","A101",4,64,"A152",1,1,"A201",0,0,0,1,0,1,0,0,0,0,0,1,1,1,0,1,0,0,1,0.137388697205438
"4711","C19711",12612,"P46",36,"S12","A32","A173","E73","A93","A101",4,47,"A153",1,2,"A201",1,0,0,1,0,1,0,1,0,0,0,1,0,1,1,1,0,1,1,0.565127458883794
"4039","C19039",2142,"P49",11,"S14","A32","A173","E75","A91","A101",2,28,"A152",1,1,"A201",0,0,0,1,0,1,0,0,0,0,0,0,1,1,0,1,1,0,1,0.141381616894064
"3649","C18649",10961,"P43",48,"S12","A32","A173","E74","A93","A102",2,27,"A152",2,1,"A201",1,0,0,1,1,0,0,1,0,0,0,0,0,1,0,1,1,1,1,0.430386915899353
"4120","C19120",1264,"P49",12,"S14","A34","A172","E75","A93","A101",4,57,"A151",1,1,"A201",0,0,1,0,0,1,0,0,0,1,0,0,0,1,1,1,0,0,1,0.0819195068759499
"20","C15020",2684,"P43",24,"S14","A34","A172","E73","A93","A101",2,35,"A152",2,1,"A201",0,0,1,0,1,0,0,0,0,1,0,1,0,1,0,1,0,0,1,0.0493213537580633
"2659","C17659",1236,"P44",9,"S14","A32","A173","E72","A92","A101",4,23,"A151",1,1,"A201",0,0,0,1,0,0,0,0,0,0,1,0,1,1,1,1,1,0,1,0.247601353254138
"2545","C17545",1291,"P43",12,"S14","A34","A173","E73","A92","A101",2,35,"A152",2,1,"A201",0,0,0,1,1,0,0,0,0,1,0,1,1,1,0,1,0,0,1,0.0455978313401185
"3028","C18028",1495,"P40",12,"S14","A34","A172","E75","A93","A101",1,38,"A152",2,2,"A201",0,0,1,0,0,1,0,0,0,1,0,0,0,1,0,1,0,0,0,0.0418439248113466
"4920","C19920",3656,"P43",30,"S13","A34","A172","E75","A93","A101",4,49,"A152",2,1,"A201",0,0,1,0,1,0,0,0,0,1,0,0,0,1,0,1,0,0,1,0.0595753570931899
"4803","C19803",730,"P43",7,"S14","A34","A172","E75","A93","A101",2,46,"A151",2,1,"A201",0,0,1,0,1,0,0,0,0,1,0,0,0,1,1,1,0,0,1,0.0398865912087205
"4206","C19206",2397,"P43",24,"S14","A32","A173","E75","A93","A101",2,35,"A152",2,1,"A201",1,0,0,1,1,0,0,0,0,0,0,0,0,1,0,1,0,0,1,0.0922732073318229
"2558","C17558",1360,"P43",15,"S14","A34","A173","E73","A93","A101",2,31,"A152",2,1,"A201",0,0,0,1,1,0,0,0,0,1,0,1,0,1,0,1,0,0,1,0.0370257461679233
"2023","C17023",276,"P40",9,"S12","A32","A172","E73","A94","A101",4,22,"A151",1,1,"A201",0,0,1,0,0,1,0,1,0,0,0,1,0,1,1,1,1,0,1,0.345973821142185
"3141","C18141",1484,"P43",12,"S12","A32","A173","E73","A94","A101",1,25,"A152",1,1,"A201",1,0,0,1,1,0,0,1,0,0,0,1,0,1,0,1,1,0,0,0.135936578663562
"1623","C16623",2603,"P41",24,"S14","A32","A173","E73","A92","A101",4,28,"A151",1,1,"A201",0,0,0,1,1,0,0,0,0,0,0,1,1,1,1,1,1,0,1,0.164457531955865
"4435","C19435",2606,"P43",21,"S11","A32","A174","E72","A92","A101",4,28,"A151",1,1,"A201",0,0,0,0,1,0,1,0,0,0,1,0,1,1,1,1,1,0,1,0.59995470753456
"4179","C19179",4169,"P42",24,"S11","A32","A173","E73","A93","A101",4,28,"A152",1,1,"A201",0,0,0,1,0,0,1,0,0,0,0,1,0,1,0,1,1,0,1,0.506779146574888
"1451","C16451",3535,"P40",36,"S14","A34","A173","E74","A93","A101",4,37,"A152",2,1,"A201",0,0,0,1,0,1,0,0,0,1,0,0,0,1,0,1,0,0,1,0.123322319923173
"3033","C18033",802,"P43",15,"S12","A32","A173","E75","A93","A101",3,37,"A152",1,2,"A201",1,0,0,1,1,0,0,1,0,0,0,0,0,1,0,1,0,0,1,0.201204241649179
"4935","C19935",2577,"P42",12,"S11","A32","A173","E73","A91","A101",1,42,"A152",1,1,"A201",0,0,0,1,0,0,1,0,0,0,0,1,1,1,0,1,0,0,0,0.39505895655497
"59","C15059",1808,"P42",18,"S14","A33","A173","E74","A92","A101",1,22,"A152",1,1,"A201",1,0,0,1,0,0,0,0,0,0,0,0,1,1,0,1,1,0,0,0.125466441403602
"536","C15536",3399,"P43",12,"S13","A32","A174","E75","A93","A101",3,37,"A152",1,1,"A201",0,0,0,0,1,0,0,0,0,0,0,0,0,1,0,1,0,0,1,0.0638255324815497
"1606","C16606",1287,"P40",10,"S14","A32","A172","E75","A93","A102",2,45,"A152",1,1,"A202",0,0,1,0,0,1,0,0,0,0,0,0,0,1,0,0,0,0,1,0.0326850600118024
"1381","C16381",918,"P42",9,"S12","A32","A173","E73","A92","A101",1,30,"A152",1,1,"A201",1,0,0,1,0,0,0,1,0,0,0,1,1,1,0,1,0,0,0,0.262261468007393
"3210","C18210",2397,"P43",24,"S14","A32","A173","E75","A93","A101",2,35,"A152",2,1,"A201",1,0,0,1,1,0,0,0,0,0,0,0,0,1,0,1,0,0,1,0.0922732073318229
"2875","C17875",11816,"P49",45,"S11","A30","A173","E75","A93","A101",4,29,"A151",2,1,"A201",1,0,0,1,0,1,1,0,1,0,0,0,0,1,1,1,1,1,1,0.884173962686959
"1118","C16118",1258,"P42",12,"S14","A34","A172","E72","A92","A101",4,22,"A151",2,1,"A201",0,0,1,0,0,0,0,0,0,1,1,0,1,1,1,1,1,0,1,0.156538680383193
"4774","C19774",1927,"P46",24,"S14","A34","A173","E73","A92","A101",2,33,"A152",2,1,"A201",0,0,0,1,0,1,0,0,0,1,0,1,1,1,0,1,0,0,1,0.114686042913361
"2937","C17937",3414,"P46",21,"S11","A33","A173","E72","A93","A101",1,26,"A152",2,1,"A201",1,0,0,1,0,1,1,0,0,0,1,0,0,1,0,1,1,0,0,0.492932822408665
"2185","C17185",3077,"P43",30,"S14","A34","A173","E75","A93","A101",2,40,"A152",2,2,"A201",0,0,0,1,1,0,0,0,0,1,0,0,0,1,0,1,0,0,1,0.0595753570931899
"2064","C17064",1817,"P42",18,"S14","A34","A173","E73","A92","A101",2,28,"A152",2,1,"A201",0,0,0,1,0,0,0,0,0,1,0,1,1,1,0,1,1,0,1,0.0959139189949413
"483","C15483",7228,"P40",11,"S14","A34","A172","E73","A93","A101",4,39,"A152",2,1,"A201",0,0,1,0,0,1,0,0,0,1,0,1,0,1,0,1,0,1,1,0.0576740401649795
"1940","C16940",951,"P42",12,"S12","A32","A173","E72","A92","A101",4,27,"A151",4,1,"A201",1,0,0,1,0,0,0,1,0,0,1,0,1,1,1,1,1,0,1,0.54869949200642
"880","C15880",5507,"P45",24,"S14","A34","A173","E75","A93","A101",4,44,"A153",2,1,"A201",0,0,0,1,0,1,0,0,0,1,0,0,0,1,1,1,0,1,1,0.117420330026183
"1477","C16477",2249,"P40",18,"S11","A32","A174","E74","A93","A101",3,30,"A152",1,2,"A201",0,0,0,0,0,1,1,0,0,0,0,0,0,1,0,1,0,0,1,0.456954021341531
"3644","C18644",3447,"P48",12,"S14","A31","A172","E73","A92","A101",3,35,"A152",1,2,"A201",0,0,1,0,1,0,0,0,1,0,0,1,1,1,0,1,0,0,1,0.196879883084449
"3544","C18544",1494,"P40",4,"S13","A32","A172","E72","A93","A101",2,29,"A152",1,2,"A202",0,0,1,0,0,1,0,0,0,0,1,0,0,1,0,0,1,0,1,0.0402311313257749
"3452","C18452",2751,"P41",48,"S14","A34","A173","E75","A93","A101",3,38,"A152",2,2,"A201",0,0,0,1,1,0,0,0,0,1,0,0,0,1,0,1,0,0,1,0.103409619486763
"3887","C18887",3485,"P40",20,"S14","A34","A173","E72","A91","A101",4,44,"A152",2,1,"A201",0,0,0,1,0,1,0,0,0,1,1,0,1,1,0,1,0,0,1,0.146588454986879
"519","C15519",4657,"P41",15,"S14","A32","A173","E73","A93","A101",2,30,"A152",1,1,"A201",0,0,0,1,1,0,0,0,0,0,0,1,0,1,0,1,0,0,1,0.070058972687681
"876","C15876",3430,"P43",24,"S14","A32","A173","E75","A93","A101",2,31,"A152",1,2,"A201",0,0,0,1,1,0,0,0,0,0,0,0,0,1,0,1,0,0,1,0.0922732073318229
"2295","C17295",3757,"P40",24,"S14","A32","A173","E75","A92","A102",4,62,"A153",1,1,"A201",0,0,0,1,0,1,0,0,0,0,0,0,1,1,1,1,0,0,1,0.263587169048441
"1974","C16974",1474,"P40",24,"S14","A32","A173","E72","A94","A101",3,33,"A152",1,1,"A201",0,0,0,1,0,1,0,0,0,0,1,0,0,1,0,1,0,0,1,0.218764052120376
"3399","C18399",2223,"P43",24,"S14","A34","A173","E75","A93","A101",4,52,"A152",2,1,"A201",0,0,0,1,1,0,0,0,0,1,0,0,0,1,0,1,0,0,1,0.0493213537580633
"226","C15226",3979,"P43",48,"S12","A32","A173","E74","A93","A101",1,41,"A152",2,2,"A201",0,0,0,1,1,0,0,1,0,0,0,0,0,1,0,1,0,0,0,0.342745990137153
"3262","C18262",2073,"P43",12,"S14","A32","A173","E73","A92","A102",2,28,"A152",1,1,"A201",0,0,0,1,1,0,0,0,0,0,0,1,1,1,0,1,1,0,1,0.085598997180936
"1184","C16184",1549,"P40",9,"S12","A32","A171","E72","A93","A101",2,35,"A152",1,1,"A201",0,1,0,0,0,1,0,1,0,0,1,0,0,1,0,1,0,0,1,0.362343272418159
"2176","C17176",2278,"P40",18,"S12","A30","A173","E72","A92","A101",3,28,"A152",2,1,"A201",1,0,0,1,0,1,0,1,1,0,1,0,1,1,0,1,1,0,1,0.733826486670924
"2717","C17717",1860,"P41",12,"S12","A34","A174","E71","A93","A101",2,34,"A152",2,1,"A201",0,0,0,0,1,0,0,1,0,1,1,0,0,1,0,1,0,0,1,0.149822392595267
"776","C15776",362,"P40",6,"S14","A34","A172","E73","A92","A101",4,52,"A152",2,1,"A201",0,0,1,0,0,1,0,0,0,1,0,1,1,1,0,1,0,0,1,0.0664259560930571
"113","C15113",776,"P43",12,"S14","A32","A173","E73","A94","A101",2,28,"A152",1,1,"A201",0,0,0,1,1,0,0,0,0,0,0,1,0,1,0,1,1,0,1,0.0638255324815497
"3995","C18995",1082,"P40",12,"S11","A30","A173","E73","A93","A101",4,48,"A152",2,1,"A201",1,0,0,1,0,1,1,0,1,0,0,1,0,1,0,1,0,0,1,0.643444182976917
"2682","C17682",3914,"P49",48,"S14","A32","A173","E73","A91","A101",2,38,"A152",1,1,"A201",1,0,0,1,0,1,0,0,0,0,0,1,1,1,0,1,0,0,1,0.360730078596737
"1162","C16162",1987,"P43",24,"S11","A32","A172","E73","A93","A101",4,21,"A151",1,2,"A201",1,0,1,0,1,0,1,0,0,0,0,1,0,1,1,1,1,0,1,0.443444091625029
"4684","C19684",2606,"P43",21,"S11","A32","A174","E72","A92","A101",4,28,"A151",1,1,"A201",0,0,0,0,1,0,1,0,0,0,1,0,1,1,1,1,1,0,1,0.59995470753456
"3392","C18392",6314,"P50",24,"S14","A34","A174","E71","A93","A102",2,27,"A152",2,1,"A201",0,0,0,0,0,1,0,0,0,1,1,0,0,1,0,1,1,1,1,0.125043466806953
"3563","C18563",7408,"P40",60,"S12","A32","A174","E72","A92","A101",2,24,"A152",1,1,"A201",1,0,0,0,0,1,0,1,0,0,1,0,1,1,0,1,1,1,1,0.809928442916449
"3208","C18208",4281,"P42",33,"S11","A34","A173","E73","A92","A101",4,23,"A152",2,1,"A201",1,0,0,1,0,0,1,0,0,1,0,1,1,1,0,1,1,0,1,0.492784502837146
"4479","C19479",2063,"P43",6,"S12","A32","A174","E72","A94","A101",3,30,"A151",1,1,"A201",0,0,0,0,1,0,0,1,0,0,1,0,0,1,1,1,0,0,1,0.285082825375905
"497","C15497",674,"P43",12,"S11","A32","A173","E74","A94","A101",1,20,"A152",1,1,"A201",1,0,0,1,1,0,1,0,0,0,0,0,0,1,0,1,1,0,0,0.207317560786419
"2706","C17706",2671,"P43",36,"S12","A32","A173","E73","A92","A102",4,50,"A153",1,1,"A201",1,0,0,1,1,0,0,1,0,0,0,1,1,1,1,1,0,0,1,0.495257434727835
"686","C15686",759,"P40",12,"S11","A32","A173","E74","A93","A101",2,26,"A152",1,1,"A201",1,0,0,1,0,1,1,0,0,0,0,0,0,1,0,1,1,0,1,0.407975552284858
"2142","C17142",3872,"P45",18,"S12","A32","A173","E71","A92","A101",4,67,"A152",1,1,"A201",0,0,0,1,0,1,0,1,0,0,1,0,1,1,0,1,0,0,1,0.51285692496571
"4881","C19881",6681,"P49",48,"S12","A33","A174","E73","A93","A101",4,38,"A153",1,2,"A201",0,0,0,0,0,1,0,1,0,0,0,1,0,1,1,1,0,1,1,0.659587662226173
"160","C15160",1934,"P43",12,"S14","A34","A173","E75","A93","A101",2,26,"A152",2,1,"A201",0,0,0,1,1,0,0,0,0,1,0,0,0,1,0,1,1,0,1,0.0336251372854894
"3241","C18241",1285,"P40",24,"S11","A32","A173","E74","A92","A101",4,32,"A151",1,1,"A201",1,0,0,1,0,1,1,0,0,0,0,0,1,1,1,1,0,0,1,0.665494948733669
"3329","C18329",1082,"P40",12,"S11","A30","A173","E73","A93","A101",4,48,"A152",2,1,"A201",1,0,0,1,0,1,1,0,1,0,0,1,0,1,0,1,0,0,1,0.643444182976917
"2749","C17749",750,"P46",18,"S11","A32","A171","E71","A92","A101",1,27,"A152",1,1,"A201",1,1,0,0,0,1,1,0,0,0,1,0,1,1,0,1,1,0,0,0.547089427986969
"3576","C18576",1449,"P49",6,"S12","A33","A173","E75","A91","A101",2,31,"A152",2,2,"A201",0,0,0,1,0,1,0,1,0,0,0,0,1,1,0,1,0,0,1,0.317929361827081
"3611","C18611",3235,"P43",24,"S14","A32","A174","E75","A91","A101",2,26,"A152",1,1,"A201",0,0,0,0,1,0,0,0,0,0,0,0,1,1,0,1,1,0,1,0.122481642461881
"1906","C16906",836,"P40",12,"S12","A32","A172","E72","A92","A101",2,23,"A152",1,1,"A201",1,0,1,0,0,1,0,1,0,0,1,0,1,1,0,1,1,0,1,0.462995180513842
"2537","C17537",1288,"P45",9,"S11","A34","A173","E75","A93","A103",4,48,"A152",2,2,"A202",0,0,0,1,0,1,1,0,0,1,0,0,0,0,0,0,0,0,1,0.0491883379317303
"2197","C17197",585,"P43",12,"S12","A33","A173","E73","A94","A102",4,20,"A151",2,1,"A201",0,0,0,1,1,0,0,1,0,0,0,1,0,1,1,1,1,0,1,0.243250300716496
"3501","C18501",4020,"P42",24,"S11","A32","A173","E73","A93","A101",2,27,"A152",1,1,"A201",0,0,0,1,0,0,1,0,0,0,0,1,0,1,0,1,1,0,1,0.506779146574888
"4576","C19576",1919,"P42",9,"S12","A34","A173","E74","A93","A101",3,35,"A151",1,1,"A201",0,0,0,1,0,0,0,1,0,1,0,0,0,1,1,1,0,0,1,0.212584984352372
"1970","C16970",2116,"P42",6,"S13","A32","A173","E73","A93","A101",2,41,"A152",1,1,"A201",0,0,0,1,0,0,0,0,0,0,0,1,0,1,0,1,0,0,1,0.0921755629263623
"3845","C18845",3190,"P43",18,"S11","A32","A173","E73","A92","A101",2,24,"A152",1,1,"A201",1,0,0,1,1,0,1,0,0,0,0,1,1,1,0,1,1,0,1,0.388509840660851
"1918","C16918",11560,"P41",24,"S12","A32","A174","E73","A92","A101",4,23,"A151",2,1,"A201",1,0,0,0,1,0,0,1,0,0,0,1,1,1,1,1,1,1,1,0.396892556433756
"15","C15015",886,"P43",12,"S14","A32","A173","E73","A92","A101",2,21,"A152",1,1,"A201",0,0,0,1,1,0,0,0,0,0,0,1,1,1,0,1,1,0,1,0.085598997180936
"3165","C18165",3074,"P43",9,"S14","A34","A173","E73","A93","A101",2,33,"A152",2,2,"A201",0,0,0,1,1,0,0,0,0,1,0,1,0,1,0,1,0,0,1,0.0305269544339886
"1293","C16293",1680,"P43",12,"S11","A32","A173","E75","A94","A101",1,35,"A152",1,1,"A201",0,0,0,1,1,0,1,0,0,0,0,0,0,1,0,1,0,0,0,0.207317560786419
"375","C15375",7814,"P41",24,"S14","A32","A174","E74","A93","A101",3,38,"A152",1,1,"A201",0,0,0,0,1,0,0,0,0,0,0,0,0,1,0,1,0,1,1,0.0922732073318229
"4268","C19268",1203,"P40",6,"S11","A32","A173","E75","A93","A101",2,43,"A152",1,1,"A201",0,0,0,1,0,1,1,0,0,0,0,0,0,1,0,1,0,0,1,0.360759287574476
"1716","C16716",7678,"P42",36,"S14","A33","A173","E74","A92","A101",4,40,"A152",2,1,"A201",0,0,0,1,0,0,0,0,0,0,0,0,1,1,0,1,0,1,1,0.274550603014661
"4344","C19344",2969,"P42",12,"S12","A30","A173","E72","A92","A101",3,25,"A151",2,1,"A201",1,0,0,1,0,0,0,1,1,0,1,0,1,1,1,1,1,0,1,0.760987785778133
"120","C15120",2515,"P42",18,"S14","A32","A173","E73","A93","A101",4,43,"A152",1,1,"A201",0,0,0,1,0,0,0,0,0,0,0,1,0,1,0,1,0,0,1,0.131484434702704
"4565","C19565",6110,"P46",48,"S14","A34","A173","E73","A93","A101",3,31,"A153",1,1,"A201",0,0,0,1,0,1,0,0,0,1,0,1,0,1,1,1,0,1,1,0.228258454914672
"2292","C17292",776,"P43",12,"S14","A32","A173","E73","A94","A101",2,28,"A152",1,1,"A201",0,0,0,1,1,0,0,0,0,0,0,1,0,1,0,1,1,0,1,0.0638255324815497
"2442","C17442",12680,"P40",21,"S14","A34","A174","E75","A93","A101",4,30,"A153",1,1,"A201",1,0,0,0,0,1,0,0,0,1,0,0,0,1,1,1,0,1,1,0.107459895689264
"4096","C19096",937,"P48",24,"S14","A32","A172","E72","A94","A101",3,27,"A152",2,1,"A201",0,0,1,0,1,0,0,0,0,0,1,0,0,1,0,1,1,0,1,0.133436982360318
"4629","C19629",2511,"P40",15,"S11","A32","A173","E71","A92","A101",4,23,"A151",1,1,"A201",0,0,0,1,0,1,1,0,0,0,1,0,1,1,1,1,1,0,1,0.690737403701799
"2934","C17934",3235,"P43",24,"S14","A32","A174","E75","A91","A101",2,26,"A152",1,1,"A201",0,0,0,0,1,0,0,0,0,0,0,0,1,1,0,1,1,0,1,0.122481642461881
"659","C15659",1231,"P43",24,"S11","A34","A174","E75","A92","A101",4,57,"A151",2,1,"A201",0,0,0,0,1,0,1,0,0,1,0,0,1,1,1,1,0,0,1,0.358294929489869
"86","C15086",9157,"P43",60,"S12","A33","A174","E73","A93","A101",2,27,"A153",1,1,"A201",0,0,0,0,1,0,0,1,0,0,0,1,0,1,1,1,1,1,1,0.613700515819616
"3401","C18401",10144,"P43",60,"S14","A32","A173","E74","A92","A101",4,21,"A152",1,1,"A201",0,0,0,1,1,0,0,0,0,0,0,0,1,1,0,1,1,1,1,0.316314740524133
"2089","C17089",1574,"P42",12,"S14","A32","A173","E73","A93","A101",2,50,"A152",1,1,"A201",0,0,0,1,0,0,0,0,0,0,0,1,0,1,0,1,0,0,1,0.110305290232065
"996","C15996",1924,"P43",10,"S14","A32","A173","E73","A93","A101",4,38,"A152",1,1,"A202",0,0,0,1,1,0,0,0,0,0,0,1,0,1,0,0,0,0,1,0.0182418230778055
"2987","C17987",1657,"P42",12,"S11","A32","A173","E73","A93","A101",2,27,"A152",1,1,"A201",0,0,0,1,0,0,1,0,0,0,0,1,0,1,0,1,1,0,1,0.407975552284858
"2463","C17463",3660,"P43",24,"S11","A32","A173","E73","A92","A101",4,28,"A152",1,1,"A201",0,0,0,1,1,0,1,0,0,0,0,1,1,1,0,1,1,0,1,0.436875889591206
"3316","C18316",2299,"P43",36,"S14","A32","A173","E75","A93","A101",4,39,"A152",1,1,"A201",0,0,0,1,1,0,0,0,0,0,0,0,0,1,0,1,0,0,1,0.131617683018143
"3298","C18298",1287,"P40",24,"S14","A34","A173","E75","A92","A101",4,37,"A152",2,1,"A201",0,0,0,1,0,1,0,0,0,1,0,0,1,1,0,1,0,0,1,0.114686042913361
"3677","C18677",2121,"P40",12,"S11","A34","A173","E73","A93","A101",2,30,"A152",2,1,"A201",0,0,0,1,0,1,1,0,0,1,0,1,0,1,0,1,0,0,1,0.260192163467025
"4658","C19658",754,"P48",12,"S12","A32","A173","E75","A93","A101",4,38,"A152",2,1,"A201",0,0,0,1,1,0,0,1,0,0,0,0,0,1,0,1,0,0,1,0.185631490468526
"4491","C19491",1262,"P42",12,"S11","A32","A172","E75","A91","A101",4,49,"A152",1,1,"A201",0,0,1,0,0,0,1,0,0,0,0,0,1,1,0,1,0,0,1,0.48618157719108
"3475","C18475",2697,"P43",9,"S14","A32","A173","E73","A93","A101",2,32,"A152",1,2,"A201",0,0,0,1,1,0,0,0,0,0,0,1,0,1,0,1,0,0,1,0.0581120496264644
"2027","C17027",3577,"P40",9,"S14","A32","A173","E73","A93","A103",2,26,"A151",1,2,"A202",0,0,0,1,0,1,0,0,0,0,0,1,0,0,1,0,1,0,1,0.0250720962432785
"741","C15741",1236,"P44",9,"S14","A32","A173","E72","A92","A101",4,23,"A151",1,1,"A201",0,0,0,1,0,0,0,0,0,0,1,0,1,1,1,1,1,0,1,0.247601353254138
"3671","C18671",1526,"P41",12,"S11","A34","A174","E75","A93","A101",4,66,"A153",2,1,"A201",0,0,0,0,1,0,1,0,0,1,0,0,0,1,1,1,0,0,1,0.214285514660529
"932","C15932",5103,"P43",24,"S14","A34","A173","E72","A94","A101",3,47,"A153",3,1,"A201",0,0,0,1,1,0,0,0,0,1,1,0,0,1,1,1,0,1,1,0.0997660307348837
"3704","C18704",2279,"P43",12,"S14","A32","A173","E73","A93","A101",4,37,"A153",1,1,"A201",0,0,0,1,1,0,0,0,0,0,0,1,0,1,1,1,0,0,1,0.087708508835187
"2688","C17688",3016,"P43",12,"S13","A32","A173","E73","A94","A101",1,24,"A152",1,1,"A201",0,0,0,1,1,0,0,0,0,0,0,1,0,1,0,1,1,0,0,0.0449395332683648
"4590","C19590",683,"P43",6,"S13","A33","A173","E72","A92","A101",1,29,"A152",1,1,"A201",0,0,0,1,1,0,0,0,0,0,1,0,1,1,0,1,1,0,0,0.0742030819752843
"3554","C18554",4870,"P40",24,"S11","A33","A173","E73","A93","A101",4,53,"A153",2,2,"A201",1,0,0,1,0,1,1,0,0,0,0,1,0,1,1,1,0,0,1,0.591658592333925
"4596","C19596",976,"P43",12,"S14","A34","A173","E75","A93","A101",4,35,"A152",2,1,"A201",0,0,0,1,1,0,0,0,0,1,0,0,0,1,0,1,0,0,1,0.0336251372854894
"1823","C16823",1934,"P43",12,"S14","A34","A173","E75","A93","A101",2,26,"A152",2,1,"A201",0,0,0,1,1,0,0,0,0,1,0,0,0,1,0,1,1,0,1,0.0336251372854894
"3900","C18900",3915,"P49",27,"S12","A32","A173","E73","A93","A101",2,36,"A152",1,2,"A201",1,0,0,1,0,1,0,1,0,0,0,1,0,1,0,1,0,0,1,0.405812477711021
"4749","C19749",1374,"P40",6,"S11","A32","A174","E71","A92","A101",3,75,"A152",1,1,"A201",0,0,0,0,0,1,1,0,0,0,1,0,1,1,0,1,0,0,1,0.539981178665056
"2096","C17096",1245,"P43",18,"S12","A34","A173","E73","A94","A101",2,33,"A152",1,1,"A201",1,0,0,1,1,0,0,1,0,1,0,1,0,1,0,1,0,0,1,0.124384511816617
"2949","C17949",2348,"P42",36,"S11","A34","A173","E73","A94","A101",2,46,"A152",2,1,"A201",0,0,0,1,0,0,1,0,0,1,0,1,0,1,0,1,0,0,1,0.438795432070886
"1806","C16806",2390,"P40",12,"S14","A32","A173","E75","A93","A101",3,50,"A152",1,1,"A201",0,0,0,1,0,1,0,0,0,0,0,0,0,1,0,1,0,0,1,0.110305290232065
"2172","C17172",8613,"P41",27,"S14","A33","A173","E73","A93","A101",2,27,"A152",2,1,"A201",0,0,0,1,1,0,0,0,0,0,0,1,0,1,0,1,1,1,1,0.100985257604405
"3890","C18890",3965,"P43",42,"S11","A32","A173","E72","A93","A101",3,34,"A152",1,1,"A201",1,0,0,1,1,0,1,0,0,0,1,0,0,1,0,1,0,0,1,0.609109050378517
"2719","C17719",1331,"P43",12,"S12","A32","A173","E72","A93","A101",1,22,"A152",1,1,"A201",1,0,0,1,1,0,0,1,0,0,1,0,0,1,0,1,1,0,0,0.192449219834364
"3874","C18874",3577,"P40",9,"S14","A32","A173","E73","A93","A103",2,26,"A151",1,2,"A202",0,0,0,1,0,1,0,0,0,0,0,1,0,0,1,0,1,0,1,0.0250720962432785
"700","C15700",1221,"P42",6,"S14","A34","A173","E73","A94","A101",2,27,"A152",2,1,"A201",0,0,0,1,0,0,0,0,0,1,0,1,0,1,0,1,1,0,1,0.0492666945196244
"3179","C18179",3021,"P42",24,"S11","A32","A172","E73","A91","A101",2,24,"A151",1,1,"A201",0,0,1,0,0,0,1,0,0,0,0,1,1,1,1,1,1,0,1,0.665494948733669
"4166","C19166",1164,"P50",8,"S11","A34","A174","E75","A93","A101",4,51,"A153",2,2,"A201",0,0,0,0,0,1,1,0,0,1,0,0,0,1,1,1,0,0,1,0.302712332901722
"1553","C16553",3380,"P40",4,"S14","A34","A173","E74","A92","A101",1,37,"A152",1,2,"A201",0,0,0,1,0,1,0,0,0,1,0,0,1,1,0,1,0,0,0,0.0439264960468553
"3222","C18222",8229,"P41",36,"S11","A32","A173","E73","A93","A101",2,26,"A152",1,2,"A201",1,0,0,1,1,0,1,0,0,0,0,1,0,1,0,1,1,1,1,0.457243458297937
"885","C15885",1309,"P40",10,"S14","A32","A172","E73","A93","A103",4,27,"A152",1,1,"A201",1,0,1,0,0,1,0,0,0,0,0,1,0,0,0,1,1,0,1,0.0607893824907519
"4975","C19975",1898,"P43",6,"S14","A34","A172","E73","A93","A101",2,34,"A152",2,2,"A201",0,0,1,0,1,0,0,0,0,1,0,1,0,1,0,1,0,0,1,0.0277060504612933
"770","C15770",1574,"P42",12,"S14","A32","A173","E73","A93","A101",2,50,"A152",1,1,"A201",0,0,0,1,0,0,0,0,0,0,0,1,0,1,0,1,0,0,1,0.110305290232065
"1156","C16156",6579,"P41",24,"S11","A32","A174","E71","A93","A101",2,29,"A153",1,1,"A201",0,0,0,0,1,0,1,0,0,0,1,0,0,1,1,1,1,1,1,0.546883917049587
"4412","C19412",6758,"P43",48,"S11","A32","A173","E73","A92","A101",2,31,"A152",1,1,"A201",1,0,0,1,1,0,1,0,0,0,0,1,1,1,0,1,0,1,1,0.632990331371455
"2925","C17925",1424,"P44",12,"S12","A34","A173","E74","A93","A101",3,26,"A152",1,1,"A201",0,0,0,1,0,0,0,1,0,1,0,0,0,1,0,1,1,0,1,0.17461638385841
"1297","C16297",6761,"P40",6,"S14","A34","A174","E74","A93","A101",3,45,"A152",2,2,"A201",0,0,0,0,0,1,0,0,0,1,0,0,0,1,0,1,0,1,1,0.0492666945196244
"430","C15430",1503,"P41",12,"S14","A33","A173","E73","A94","A101",4,41,"A151",1,1,"A201",0,0,0,1,1,0,0,0,0,0,0,1,0,1,1,1,0,0,1,0.087708508835187
"3150","C18150",2141,"P43",12,"S14","A32","A173","E74","A93","A101",1,35,"A152",1,1,"A201",0,0,0,1,1,0,0,0,0,0,0,0,0,1,0,1,0,0,0,0.0449395332683648
"4027","C19027",6148,"P41",20,"S12","A30","A173","E75","A94","A101",4,31,"A152",2,1,"A201",0,0,0,1,1,0,0,1,1,0,0,0,0,1,0,1,0,1,1,0.437907583617665
"4559","C19559",6143,"P41",48,"S11","A34","A172","E75","A92","A101",4,58,"A153",2,1,"A201",1,0,1,0,1,0,1,0,0,1,0,0,1,1,1,1,0,1,1,0.55382698175467
"445","C15445",4297,"P42",18,"S12","A33","A174","E75","A91","A101",3,40,"A152",1,1,"A201",1,0,0,0,0,0,0,1,0,0,0,0,1,1,0,1,0,0,1,0.410029101454804
"1121","C16121",926,"P40",12,"S14","A34","A171","E71","A92","A101",2,38,"A152",1,1,"A201",0,1,0,0,0,1,0,0,0,1,1,0,1,1,0,1,0,0,1,0.116302647819615
"766","C15766",6615,"P41",24,"S11","A34","A174","E71","A93","A101",4,75,"A153",2,1,"A201",0,0,0,0,1,0,1,0,0,1,1,0,0,1,1,1,0,1,1,0.381180378731305
"144","C15144",1297,"P43",12,"S13","A32","A173","E73","A94","A101",4,23,"A151",1,1,"A201",0,0,0,1,1,0,0,0,0,0,0,1,0,1,1,1,1,0,1,0.087708508835187
"2444","C17444",3077,"P43",30,"S14","A34","A173","E75","A93","A101",2,40,"A152",2,2,"A201",0,0,0,1,1,0,0,0,0,1,0,0,0,1,0,1,0,0,1,0.0595753570931899
"621","C15621",4811,"P41",30,"S14","A32","A172","E74","A92","A101",4,24,"A151",1,1,"A201",0,0,1,0,1,0,0,0,0,0,0,0,1,1,1,1,1,0,1,0.193769661419641
"1220","C16220",836,"P40",12,"S12","A32","A172","E72","A92","A101",2,23,"A152",1,1,"A201",1,0,1,0,0,1,0,1,0,0,1,0,1,1,0,1,1,0,1,0.462995180513842
"1007","C16007",1386,"P40",12,"S14","A32","A173","E73","A92","A101",2,26,"A152",1,1,"A201",1,0,0,1,0,1,0,0,0,0,0,1,1,1,0,1,1,0,1,0.14547101254588
"1874","C16874",426,"P43",6,"S14","A30","A172","E75","A94","A101",4,39,"A152",1,1,"A201",0,0,1,0,1,0,0,0,1,0,0,0,0,1,0,1,0,0,1,0.127561579583728
"3283","C18283",8613,"P41",27,"S14","A33","A173","E73","A93","A101",2,27,"A152",2,1,"A201",0,0,0,1,1,0,0,0,0,0,0,1,0,1,0,1,1,1,1,0.100985257604405
"3081","C18081",7432,"P40",36,"S12","A33","A173","E73","A92","A101",2,54,"A151",1,1,"A201",0,0,0,1,0,1,0,1,0,0,0,1,1,1,1,1,0,1,1,0.640849064300919
"789","C15789",3060,"P43",48,"S12","A32","A173","E74","A93","A101",4,28,"A152",2,1,"A201",1,0,0,1,1,0,0,1,0,0,0,0,0,1,0,1,1,0,1,0.430386915899353
"4587","C19587",1670,"P43",9,"S12","A32","A173","E72","A92","A101",2,22,"A152",1,1,"A201",1,0,0,1,1,0,0,1,0,0,1,0,1,1,0,1,1,0,1,0.300235388768681
"3037","C18037",1393,"P40",11,"S14","A34","A174","E72","A92","A101",4,35,"A152",2,1,"A201",0,0,0,0,0,1,0,0,0,1,1,0,1,1,0,1,0,0,1,0.112924858969167
"1733","C16733",6187,"P41",30,"S11","A34","A173","E74","A94","A101",4,24,"A151",2,1,"A201",0,0,0,1,1,0,1,0,0,1,0,0,0,1,1,1,1,1,1,0.331790992734227
"1219","C16219",2864,"P42",18,"S13","A32","A172","E73","A93","A101",1,34,"A152",1,2,"A201",1,0,1,0,0,0,0,0,0,0,0,1,0,1,0,1,0,0,0,0.0946012081483947
"2560","C17560",3368,"P41",15,"S14","A34","A173","E75","A93","A101",4,23,"A151",2,1,"A201",0,0,0,1,1,0,0,0,0,1,0,0,0,1,1,1,1,0,1,0.0514313989216324
"349","C15349",909,"P40",36,"S14","A32","A173","E75","A93","A101",4,36,"A152",1,1,"A201",0,0,0,1,0,1,0,0,0,0,0,0,0,1,0,1,0,0,1,0.216071467193813
"1662","C16662",585,"P43",12,"S12","A33","A173","E73","A94","A102",4,20,"A151",2,1,"A201",0,0,0,1,1,0,0,1,0,0,0,1,0,1,1,1,1,0,1,0.243250300716496
"1376","C16376",672,"P40",6,"S14","A32","A171","E71","A92","A101",4,54,"A152",1,1,"A201",0,1,0,0,0,1,0,0,0,0,1,0,1,1,0,1,0,0,1,0.174362559758996
"3190","C18190",1453,"P43",18,"S14","A32","A173","E72","A92","A101",1,26,"A152",1,1,"A201",0,0,0,1,1,0,0,0,0,0,1,0,1,1,0,1,1,0,0,0.106748718227311
"4703","C19703",5324,"P40",15,"S14","A32","A173","E75","A92","A101",4,35,"A153",1,1,"A201",0,0,0,1,0,1,0,0,0,0,0,0,1,1,1,1,0,1,1,0.209655877134545
"2701","C17701",3017,"P43",30,"S13","A34","A173","E75","A93","A101",4,47,"A152",1,1,"A201",0,0,0,1,1,0,0,0,0,1,0,0,0,1,0,1,0,0,1,0.0595753570931899
"1741","C16741",1567,"P43",12,"S12","A32","A173","E73","A92","A101",1,22,"A152",1,1,"A201",0,0,0,1,1,0,0,1,0,0,0,1,1,1,0,1,1,0,0,0.17764210463751
"1705","C16705",6761,"P40",18,"S14","A32","A173","E73","A93","A101",4,68,"A151",2,1,"A201",1,0,0,1,0,1,0,0,0,0,0,1,0,1,1,1,0,1,1,0.175927124975663
"1833","C16833",3021,"P42",24,"S11","A32","A172","E73","A91","A101",2,24,"A151",1,1,"A201",0,0,1,0,0,0,1,0,0,0,0,1,1,1,1,1,1,0,1,0.665494948733669
"2252","C17252",2302,"P43",36,"S11","A32","A173","E73","A91","A101",4,31,"A151",1,1,"A201",1,0,0,1,1,0,1,0,0,0,0,1,1,1,1,1,0,0,1,0.619945271613435
"1976","C16976",2864,"P42",18,"S13","A32","A172","E73","A93","A101",1,34,"A152",1,2,"A201",1,0,1,0,0,0,0,0,0,0,0,1,0,1,0,1,0,0,0,0.0946012081483947
"1900","C16900",7678,"P42",36,"S14","A33","A173","E74","A92","A101",4,40,"A152",2,1,"A201",0,0,0,1,0,0,0,0,0,0,0,0,1,1,0,1,0,1,1,0.274550603014661
"162","C15162",3349,"P42",36,"S14","A32","A174","E73","A92","A101",2,28,"A152",1,1,"A201",1,0,0,0,0,0,0,0,0,0,0,1,1,1,0,1,1,0,1,0.274550603014661
"4233","C19233",1474,"P42",12,"S13","A32","A174","E72","A92","A101",1,33,"A152",1,1,"A201",0,0,0,0,0,0,0,0,0,0,1,0,1,1,0,1,0,0,0,0.151087408295773
"1814","C16814",884,"P40",18,"S12","A34","A173","E75","A93","A101",4,36,"A152",1,2,"A201",1,0,0,1,0,1,0,1,0,1,0,0,0,1,0,1,0,0,1,0.205294295048216
"1941","C16941",3812,"P41",15,"S14","A32","A173","E72","A92","A101",4,23,"A152",1,1,"A201",0,0,0,1,1,0,0,0,0,0,1,0,1,1,0,1,1,0,1,0.135468711415615
"1920","C16920",1236,"P44",9,"S14","A32","A173","E72","A92","A101",4,23,"A151",1,1,"A201",0,0,0,1,0,0,0,0,0,0,1,0,1,1,1,1,1,0,1,0.247601353254138
"254","C15254",760,"P43",8,"S12","A32","A172","E74","A92","A103",2,44,"A152",1,1,"A201",0,0,1,0,1,0,0,1,0,0,0,0,1,0,0,1,0,0,1,0.132599074652591
"240","C15240",3234,"P42",24,"S11","A32","A172","E72","A92","A101",4,23,"A151",1,1,"A201",1,0,1,0,0,0,1,0,0,0,1,0,1,1,1,1,1,0,1,0.750852321160588
"2119","C17119",3441,"P42",30,"S12","A32","A173","E73","A92","A102",4,21,"A151",1,1,"A201",1,0,0,1,0,0,0,1,0,0,0,1,1,1,1,1,1,0,1,0.593709509925408
"2559","C17559",2096,"P46",12,"S14","A34","A172","E74","A93","A101",3,49,"A152",1,2,"A201",0,0,1,0,0,1,0,0,0,1,0,0,0,1,0,1,0,0,1,0.059510045437248
"450","C15450",1126,"P43",9,"S13","A32","A173","E75","A91","A101",4,49,"A152",1,1,"A201",0,0,0,1,1,0,0,0,0,0,0,0,1,1,0,1,0,0,1,0.07809901560845
"2414","C17414",1766,"P42",6,"S14","A32","A173","E73","A94","A101",2,21,"A151",1,1,"A201",0,0,0,1,0,0,0,0,0,0,0,1,0,1,1,1,1,0,1,0.125247627356048
"1498","C16498",3965,"P43",42,"S11","A32","A173","E72","A93","A101",3,34,"A152",1,1,"A201",1,0,0,1,1,0,1,0,0,0,1,0,0,1,0,1,0,0,1,0.609109050378517
"3638","C18638",1231,"P40",10,"S14","A34","A172","E75","A93","A101",4,32,"A152",2,2,"A202",0,0,1,0,0,1,0,0,0,1,0,0,0,1,0,0,0,0,1,0.016952612375923
"1536","C16536",1755,"P50",24,"S11","A32","A172","E75","A92","A103",4,58,"A152",1,1,"A201",0,0,1,0,0,1,1,0,0,0,0,0,1,0,0,1,0,0,1,0.440471068476127
"1730","C16730",652,"P42",12,"S11","A32","A173","E75","A92","A101",4,24,"A151",1,1,"A201",0,0,0,1,0,0,1,0,0,0,0,0,1,1,1,1,1,0,1,0.571609313138525
"1164","C16164",2333,"P42",24,"S12","A33","A172","E72","A93","A101",2,29,"A152",1,1,"A201",0,0,1,0,0,0,0,1,0,0,1,0,0,1,0,1,1,0,1,0.483534853956164
"4375","C19375",3380,"P40",4,"S14","A34","A173","E74","A92","A101",1,37,"A152",1,2,"A201",0,0,0,1,0,1,0,0,0,1,0,0,1,1,0,1,0,0,0,0.0439264960468553
"4786","C19786",666,"P40",6,"S11","A34","A172","E74","A92","A101",4,39,"A152",2,1,"A201",0,0,1,0,0,1,1,0,0,1,0,0,1,1,0,1,0,0,1,0.283402416511265
"3191","C18191",660,"P45",6,"S14","A32","A172","E74","A94","A101",4,23,"A151",1,1,"A201",0,0,1,0,0,1,0,0,0,0,0,0,0,1,1,1,1,0,1,0.125247627356048
"3518","C18518",4241,"P49",24,"S12","A30","A172","E73","A93","A101",4,36,"A152",3,1,"A201",1,0,1,0,0,1,0,1,1,0,0,1,0,1,0,1,0,0,1,0.618105944498729
"3589","C18589",1258,"P43",24,"S13","A32","A172","E73","A92","A101",3,57,"A152",1,1,"A201",0,0,1,0,1,0,0,0,0,0,0,1,1,1,0,1,0,0,1,0.122481642461881
"1342","C16342",3104,"P49",18,"S11","A30","A173","E74","A93","A101",1,31,"A152",1,1,"A201",0,0,0,1,0,1,1,0,1,0,0,0,0,1,0,1,0,0,0,0.603307531381451
"99","C15099",1804,"P41",12,"S12","A34","A173","E72","A93","A101",4,44,"A152",1,1,"A201",0,0,0,1,1,0,0,1,0,1,1,0,0,1,0,1,0,0,1,0.149822392595267
"116","C15116",2748,"P46",12,"S14","A34","A172","E75","A92","A101",4,57,"A153",3,1,"A201",0,0,1,0,0,1,0,0,0,1,0,0,1,1,1,1,0,0,1,0.109145912325517
"146","C15146",3556,"P40",15,"S14","A32","A173","E73","A93","A101",2,29,"A152",1,1,"A201",0,0,0,1,0,1,0,0,0,0,0,1,0,1,0,1,1,0,1,0.120493858525528
"4564","C19564",1829,"P43",15,"S14","A34","A173","E75","A93","A101",4,46,"A152",2,1,"A201",0,0,0,1,1,0,0,0,0,1,0,0,0,1,0,1,0,0,1,0.0370257461679233
"4455","C19455",7308,"P40",10,"S12","A32","A174","E71","A93","A101",4,70,"A153",1,1,"A201",0,0,0,0,0,1,0,1,0,0,1,0,0,1,1,1,0,1,1,0.453085431306549
"3925","C18925",3527,"P40",12,"S14","A32","A174","E72","A93","A101",3,45,"A152",1,2,"A201",0,0,0,0,0,1,0,0,0,0,1,0,0,1,0,1,0,0,1,0.15811212861172
"3308","C18308",1213,"P43",15,"S14","A32","A173","E75","A93","A101",3,47,"A152",1,1,"A201",0,0,0,1,1,0,0,0,0,0,0,0,0,1,0,1,0,0,1,0.070058972687681
"3974","C18974",1299,"P40",6,"S13","A34","A171","E73","A93","A101",1,74,"A152",3,2,"A202",0,1,0,0,0,1,0,0,0,1,0,1,0,1,0,0,0,0,0,0.0103108253494097
"3498","C18498",2333,"P42",24,"S12","A33","A172","E72","A93","A101",2,29,"A152",1,1,"A201",0,0,1,0,0,0,0,1,0,0,1,0,0,1,0,1,1,0,1,0.483534853956164
"884","C15884",3620,"P42",36,"S11","A32","A173","E73","A93","A103",2,37,"A152",1,2,"A201",0,0,0,1,0,0,1,0,0,0,0,1,0,0,0,1,0,0,1,0.460869072806667
"4124","C19124",1484,"P43",12,"S12","A32","A173","E73","A94","A101",1,25,"A152",1,1,"A201",1,0,0,1,1,0,0,1,0,0,0,1,0,1,0,1,1,0,0,0.135936578663562
"4237","C19237",1185,"P49",12,"S14","A34","A173","E73","A92","A101",2,27,"A152",2,1,"A201",0,0,0,1,0,1,0,0,0,1,0,1,1,1,0,1,1,0,1,0.0799370288159394
"205","C15205",1965,"P40",24,"S12","A33","A173","E73","A92","A101",4,42,"A151",2,1,"A201",0,0,0,1,0,1,0,1,0,0,0,1,1,1,1,1,0,0,1,0.544777786448967
"3425","C18425",601,"P42",4,"S14","A32","A172","E72","A92","A101",3,23,"A151",1,2,"A201",0,0,1,0,0,0,0,0,0,0,1,0,1,1,1,1,1,0,1,0.217910030285944
"3547","C18547",2366,"P40",12,"S12","A34","A174","E74","A91","A101",3,36,"A152",1,1,"A201",0,0,0,0,0,1,0,1,0,1,0,0,1,1,0,1,0,0,1,0.225097445953233
"3771","C18771",2118,"P43",9,"S12","A32","A172","E73","A93","A101",2,37,"A152",1,2,"A201",0,0,1,0,1,0,0,1,0,0,0,1,0,1,0,1,0,0,1,0.171006005462675
"3248","C18248",338,"P43",6,"S11","A34","A173","E75","A93","A101",4,52,"A152",2,1,"A201",0,0,0,1,1,0,1,0,0,1,0,0,0,1,0,1,0,0,1,0.136729738227268
"787","C15787",4712,"P49",24,"S12","A33","A174","E73","A93","A101",2,37,"A152",2,1,"A201",0,0,0,0,0,1,0,1,0,0,0,1,0,1,0,1,0,0,1,0.381976234220843
"4303","C19303",8588,"P41",39,"S14","A32","A174","E75","A93","A101",2,45,"A152",1,1,"A201",0,0,0,0,1,0,0,0,0,0,0,0,0,1,0,1,0,1,1,0.143457395438027
"2328","C17328",4113,"P41",24,"S12","A32","A173","E72","A92","A101",4,28,"A151",1,1,"A201",1,0,0,1,1,0,0,1,0,0,1,0,1,1,1,1,1,0,1,0.499213589824432
"647","C15647",958,"P40",12,"S12","A34","A172","E74","A93","A101",3,47,"A152",2,2,"A201",0,0,1,0,0,1,0,1,0,1,0,0,0,1,0,1,0,0,1,0.17461638385841
"4758","C19758",1123,"P42",12,"S14","A32","A172","E73","A92","A101",4,29,"A151",1,1,"A201",1,0,1,0,0,0,0,0,0,0,0,1,1,1,1,1,1,0,1,0.193587518245133
"3917","C18917",874,"P44",15,"S14","A32","A173","E72","A92","A101",1,24,"A152",1,1,"A201",0,0,0,1,0,0,0,0,0,0,1,0,1,1,0,1,1,0,0,0.164347061300677
"3840","C18840",3622,"P42",30,"S11","A32","A173","E75","A92","A101",4,57,"A151",2,1,"A201",0,0,0,1,0,0,1,0,0,0,0,0,1,1,1,1,0,0,1,0.708396410851398
"3942","C18942",4241,"P49",24,"S12","A30","A172","E73","A93","A101",4,36,"A152",3,1,"A201",1,0,1,0,0,1,0,1,1,0,0,1,0,1,0,1,0,0,1,0.618105944498729
"3295","C18295",6579,"P41",24,"S11","A32","A174","E71","A93","A101",2,29,"A153",1,1,"A201",0,0,0,0,1,0,1,0,0,0,1,0,0,1,1,1,1,1,1,0.546883917049587
"3451","C18451",12612,"P46",36,"S12","A32","A173","E73","A93","A101",4,47,"A153",1,2,"A201",1,0,0,1,0,1,0,1,0,0,0,1,0,1,1,1,0,1,1,0.565127458883794
"4133","C19133",3878,"P40",24,"S12","A34","A173","E72","A91","A101",2,37,"A152",1,1,"A201",0,0,0,1,0,1,0,1,0,1,1,0,1,1,0,1,0,0,1,0.396167236357174
"3008","C18008",2675,"P43",22,"S14","A32","A173","E75","A93","A101",4,40,"A152",1,1,"A201",0,0,0,1,1,0,0,0,0,0,0,0,0,1,0,1,0,0,1,0.0868461582175457
"4453","C19453",909,"P40",36,"S14","A32","A173","E75","A93","A101",4,36,"A152",1,1,"A201",0,0,0,1,0,1,0,0,0,0,0,0,0,1,0,1,0,0,1,0.216071467193813
"3685","C18685",2462,"P42",18,"S11","A32","A173","E73","A93","A101",2,22,"A152",1,1,"A201",1,0,0,1,0,0,1,0,0,0,0,1,0,1,0,1,1,0,1,0.456954021341531
"4065","C19065",1258,"P42",12,"S14","A34","A172","E72","A92","A101",4,22,"A151",2,1,"A201",0,0,1,0,0,0,0,0,0,1,1,0,1,1,1,1,1,0,1,0.156538680383193
"1154","C16154",14179,"P42",39,"S11","A34","A174","E74","A93","A101",4,30,"A152",2,1,"A201",0,0,0,0,0,0,1,0,0,1,0,0,0,1,0,1,0,1,1,0.463518087988342
"3317","C18317",3031,"P43",45,"S12","A32","A173","E73","A93","A103",4,21,"A151",1,1,"A201",1,0,0,1,1,0,0,1,0,0,0,1,0,0,1,1,1,0,1,0.34981530078983
"4324","C19324",4611,"P42",6,"S14","A32","A173","E72","A92","A101",4,32,"A152",1,1,"A201",1,0,0,1,0,0,0,0,0,0,1,0,1,1,0,1,0,0,1,0.174362559758996
"135","C15135",1275,"P49",24,"S13","A34","A173","E73","A91","A101",4,36,"A152",2,1,"A201",0,0,0,1,0,1,0,0,0,1,0,1,1,1,0,1,0,0,1,0.114686042913361
"2835","C17835",3512,"P40",24,"S12","A32","A173","E74","A93","A101",3,38,"A152",2,1,"A201",0,0,0,1,0,1,0,1,0,0,0,0,0,1,0,1,0,0,1,0.381976234220843
"4655","C19655",2799,"P40",9,"S11","A34","A173","E73","A93","A101",2,36,"A151",2,2,"A201",0,0,0,1,0,1,1,0,0,1,0,1,0,1,1,1,0,0,1,0.309784527350269
"4553","C19553",1287,"P40",10,"S14","A32","A172","E75","A93","A102",2,45,"A152",1,1,"A202",0,0,1,0,0,1,0,0,0,0,0,0,0,1,0,0,0,0,1,0.0326850600118024
"2660","C17660",1344,"P40",24,"S13","A34","A172","E74","A93","A101",2,37,"A152",2,2,"A201",1,0,1,0,0,1,0,0,0,1,0,0,0,1,0,1,0,0,1,0.0862113939182156
"4936","C19936",2569,"P41",39,"S14","A32","A173","E73","A93","A101",4,24,"A152",1,1,"A201",0,0,0,1,1,0,0,0,0,0,0,1,0,1,0,1,1,0,1,0.143457395438027
"1642","C16642",2039,"P42",18,"S11","A32","A173","E73","A92","A101",4,20,"A151",1,1,"A201",1,0,0,1,0,0,1,0,0,0,0,1,1,1,1,1,1,0,1,0.6196704294713
"2374","C17374",1343,"P40",6,"S13","A34","A173","E75","A93","A101",4,46,"A152",2,2,"A202",0,0,0,1,0,1,0,0,0,1,0,0,0,1,0,0,0,0,1,0.0148705785577811
"1960","C16960",1797,"P49",13,"S11","A34","A172","E72","A93","A101",1,28,"A152",2,1,"A201",0,0,1,0,0,1,1,0,0,1,1,0,0,1,0,1,1,0,0,0.27543777791372
"439","C15439",1258,"P43",24,"S13","A32","A172","E73","A92","A101",3,57,"A152",1,1,"A201",0,0,1,0,1,0,0,0,0,0,0,1,1,1,0,1,0,0,1,0.122481642461881
"4520","C19520",1582,"P43",18,"S14","A34","A173","E75","A93","A101",4,46,"A152",2,1,"A201",0,0,0,1,1,0,0,0,0,1,0,0,0,1,0,1,0,0,1,0.0407557644486945
"3234","C18234",3447,"P48",12,"S14","A31","A172","E73","A92","A101",3,35,"A152",1,2,"A201",0,0,1,0,1,0,0,0,1,0,0,1,1,1,0,1,0,0,1,0.196879883084449
"569","C15569",6568,"P49",24,"S11","A32","A172","E73","A94","A101",2,21,"A152",1,1,"A201",0,0,1,0,0,1,1,0,0,0,0,1,0,1,0,1,1,1,1,0.506779146574888
"2267","C17267",7127,"P42",36,"S14","A34","A173","E72","A92","A101",4,23,"A151",2,1,"A201",1,0,0,1,0,0,0,0,0,1,1,0,1,1,1,1,1,1,1,0.292082130655292
"1387","C16387",6350,"P42",30,"S11","A32","A173","E75","A93","A101",4,31,"A152",1,1,"A201",1,0,0,1,0,0,1,0,0,0,0,0,0,1,0,1,0,1,1,0.556469973828527
"427","C15427",609,"P40",6,"S11","A34","A173","E74","A92","A101",3,37,"A152",2,1,"A202",0,0,0,1,0,1,1,0,0,1,0,0,1,1,0,0,0,0,1,0.103303181662644
"3301","C18301",1501,"P46",9,"S12","A34","A174","E75","A92","A101",3,34,"A152",2,1,"A201",1,0,0,0,0,1,0,1,0,1,0,0,1,1,0,1,0,0,1,0.208157316834181
"2037","C17037",1542,"P49",12,"S14","A32","A173","E74","A93","A101",4,36,"A152",1,1,"A201",0,0,0,1,0,1,0,0,0,0,0,0,0,1,0,1,0,0,1,0.110305290232065
"4511","C19511",1858,"P42",12,"S11","A32","A173","E72","A92","A101",1,22,"A151",1,1,"A201",0,0,0,1,0,0,1,0,0,0,1,0,1,1,1,1,1,0,0,0.582463858416481
"4932","C19932",1237,"P43",6,"S14","A34","A173","E73","A92","A101",1,27,"A152",2,1,"A201",0,0,0,1,1,0,0,0,0,1,0,1,1,1,0,1,1,0,0,0.026294152614619
"4349","C19349",5324,"P40",15,"S14","A32","A173","E75","A92","A101",4,35,"A153",1,1,"A201",0,0,0,1,0,1,0,0,0,0,0,0,1,1,1,1,0,1,1,0.209655877134545
"1877","C16877",1736,"P42",12,"S14","A32","A172","E74","A92","A101",4,31,"A152",1,1,"A201",0,0,1,0,0,0,0,0,0,0,0,0,1,1,0,1,0,0,1,0.14547101254588
"757","C15757",950,"P40",15,"S11","A30","A173","E75","A93","A101",3,33,"A151",2,2,"A201",1,0,0,1,0,1,1,0,1,0,0,0,0,1,1,1,0,0,1,0.737674607832816
"4478","C19478",3343,"P42",15,"S14","A34","A173","E73","A93","A101",2,28,"A153",1,1,"A201",0,0,0,1,0,0,0,0,0,1,0,1,0,1,1,1,1,0,1,0.089750658729434
"4157","C19157",7432,"P40",36,"S12","A33","A173","E73","A92","A101",2,54,"A151",1,1,"A201",0,0,0,1,0,1,0,1,0,0,0,1,1,1,1,1,0,1,1,0.640849064300919
"4835","C19835",930,"P43",12,"S14","A34","A173","E75","A93","A101",4,65,"A152",4,1,"A201",0,0,0,1,1,0,0,0,0,1,0,0,0,1,0,1,0,0,1,0.0336251372854894
"471","C15471",1237,"P42",8,"S12","A32","A173","E73","A92","A101",4,24,"A152",1,1,"A201",1,0,0,1,0,0,0,1,0,0,0,1,1,1,0,1,1,0,1,0.332538178979237
"266","C15266",4844,"P49",48,"S14","A32","A174","E71","A93","A101",2,33,"A151",1,1,"A201",1,0,0,0,0,1,0,0,0,0,1,0,0,1,1,1,0,0,1,0.467481543555816
"2685","C17685",947,"P40",24,"S13","A32","A173","E74","A93","A101",3,38,"A153",1,2,"A201",1,0,0,1,0,1,0,0,0,0,0,0,0,1,1,1,0,0,1,0.20677762631139
"904","C15904",1301,"P43",18,"S12","A32","A172","E75","A94","A103",2,32,"A152",1,1,"A201",0,0,1,0,1,0,0,1,0,0,0,0,0,0,0,1,0,0,1,0.134430344830141
"2259","C17259",3763,"P40",21,"S11","A32","A172","E74","A93","A102",2,24,"A152",1,1,"A202",0,0,1,0,0,1,1,0,0,0,0,0,0,1,0,0,1,0,1,0.21313187886904
"1206","C16206",590,"P43",6,"S12","A32","A172","E72","A94","A101",3,26,"A152",1,1,"A202",0,0,1,0,1,0,0,1,0,0,1,0,0,1,0,0,1,0,1,0.0761040546169607
"4265","C19265",2745,"P42",21,"S12","A34","A173","E74","A93","A101",2,32,"A152",2,1,"A201",0,0,0,1,0,0,0,1,0,1,0,0,0,1,0,1,0,0,1,0.22206676980201
"4467","C19467",433,"P43",18,"S14","A32","A173","E71","A92","A102",4,22,"A151",1,1,"A201",1,0,0,1,1,0,0,0,0,0,1,0,1,1,1,1,1,0,1,0.196253906429319
"434","C15434",3345,"P42",24,"S11","A32","A174","E75","A93","A101",2,39,"A151",1,1,"A201",1,0,0,0,0,0,1,0,0,0,0,0,0,1,1,1,0,0,1,0.591658592333925
"448","C15448",10144,"P43",60,"S14","A32","A173","E74","A92","A101",4,21,"A152",1,1,"A201",0,0,0,1,1,0,0,0,0,0,0,0,1,1,0,1,1,1,1,0.316314740524133
"1542","C16542",4042,"P41",24,"S14","A34","A173","E74","A93","A101",4,43,"A152",2,1,"A201",0,0,0,1,1,0,0,0,0,1,0,0,0,1,0,1,0,0,1,0.0493213537580633
"3225","C18225",2978,"P42",6,"S14","A32","A173","E73","A93","A101",2,32,"A152",1,1,"A201",0,0,0,1,0,0,0,0,0,0,0,1,0,1,0,1,0,0,1,0.0921755629263623
"1846","C16846",2118,"P43",9,"S12","A32","A172","E73","A93","A101",2,37,"A152",1,2,"A201",0,0,1,0,1,0,0,1,0,0,0,1,0,1,0,1,0,0,1,0.171006005462675
"1340","C16340",14555,"P40",6,"S12","A32","A171","E71","A93","A101",2,23,"A152",1,1,"A201",1,1,0,0,0,1,0,1,0,0,1,0,0,1,0,1,1,1,1,0.339601000401777
"167","C15167",1585,"P42",24,"S14","A34","A173","E74","A93","A101",3,40,"A152",2,1,"A201",0,0,0,1,0,0,0,0,0,1,0,0,0,1,0,1,0,0,1,0.0862113939182156
"17","C15017",884,"P40",18,"S12","A34","A173","E75","A93","A101",4,36,"A152",1,2,"A201",1,0,0,1,0,1,0,1,0,1,0,0,0,1,0,1,0,0,1,0.205294295048216
"664","C15664",8858,"P41",48,"S14","A34","A173","E74","A93","A101",1,35,"A153",2,1,"A201",0,0,0,1,1,0,0,0,0,1,0,0,0,1,1,1,0,1,0,0.100923853429802
"3270","C18270",1935,"P42",12,"S14","A34","A173","E75","A93","A101",4,43,"A152",3,1,"A201",0,0,0,1,0,0,0,0,0,1,0,0,0,1,0,1,0,0,1,0.059510045437248
"800","C15800",7409,"P49",36,"S14","A32","A173","E75","A93","A101",2,37,"A152",2,1,"A201",0,0,0,1,0,1,0,0,0,0,0,0,0,1,0,1,0,1,1,0.216071467193813
"3597","C18597",2197,"P41",24,"S14","A34","A173","E74","A93","A101",4,43,"A152",2,2,"A201",0,0,0,1,1,0,0,0,0,1,0,0,0,1,0,1,0,0,1,0.0493213537580633
"4128","C19128",14027,"P40",60,"S12","A32","A174","E74","A93","A101",2,27,"A152",1,1,"A201",1,0,0,0,0,1,0,1,0,0,0,0,0,1,0,1,1,1,1,0.671991961229026
"2963","C17963",3599,"P42",21,"S11","A32","A172","E74","A92","A101",4,26,"A151",1,1,"A201",0,0,1,0,0,0,1,0,0,0,0,0,1,1,1,1,1,0,1,0.642909412451248
"571","C15571",3812,"P41",15,"S14","A32","A173","E72","A92","A101",4,23,"A152",1,1,"A201",0,0,0,1,1,0,0,0,0,0,1,0,1,1,0,1,1,0,1,0.135468711415615
"2249","C17249",1940,"P43",18,"S11","A31","A174","E72","A93","A102",4,36,"A153",1,1,"A201",0,0,0,0,1,0,1,0,1,0,1,0,0,1,1,1,0,0,1,0.721325069896907
"724","C15724",907,"P49",8,"S12","A32","A173","E72","A94","A101",2,26,"A152",1,1,"A201",0,0,0,1,0,1,0,1,0,0,1,0,0,1,0,1,1,0,1,0.354687789858481
"977","C15977",1338,"P44",6,"S14","A32","A173","E73","A91","A101",4,62,"A152",1,1,"A201",0,0,0,1,0,0,0,0,0,0,0,1,1,1,0,1,0,0,1,0.12235634014503
"11","C15011",1262,"P43",12,"S14","A32","A173","E73","A93","A101",2,25,"A152",1,1,"A201",0,0,0,1,1,0,0,0,0,0,0,1,0,1,0,1,1,0,1,0.0638255324815497
"2973","C17973",1301,"P43",18,"S12","A32","A172","E75","A94","A103",2,32,"A152",1,1,"A201",0,0,1,0,1,0,0,1,0,0,0,0,0,0,0,1,0,0,1,0.134430344830141
"4081","C19081",3186,"P40",15,"S14","A32","A173","E74","A92","A101",3,20,"A151",1,1,"A201",0,0,0,1,0,1,0,0,0,0,0,0,1,1,1,1,1,0,1,0.209655877134545
"3394","C18394",3496,"P42",30,"S12","A31","A173","E73","A93","A101",2,34,"A152",1,2,"A201",0,0,0,1,0,0,0,1,1,0,0,1,0,1,0,1,0,0,1,0.664016759265556
"586","C15586",1940,"P40",24,"S14","A34","A173","E75","A93","A101",4,60,"A152",1,1,"A201",0,0,0,1,0,1,0,0,0,1,0,0,0,1,0,1,0,0,1,0.0862113939182156
"332","C15332",717,"P43",12,"S14","A34","A173","E75","A93","A101",4,52,"A152",3,1,"A201",0,0,0,1,1,0,0,0,0,1,0,0,0,1,0,1,0,0,1,0.0336251372854894
"746","C15746",836,"P40",12,"S12","A32","A172","E72","A92","A101",2,23,"A152",1,1,"A201",1,0,1,0,0,1,0,1,0,0,1,0,1,1,0,1,1,0,1,0.462995180513842
"2024","C17024",2238,"P43",18,"S14","A34","A173","E73","A92","A101",1,25,"A152",2,1,"A201",0,0,0,1,1,0,0,0,0,1,0,1,1,1,0,1,1,0,0,0.0387053273262598
"1717","C16717",3398,"P40",8,"S11","A34","A172","E74","A93","A101",4,39,"A152",2,1,"A202",0,0,1,0,0,1,1,0,0,1,0,0,0,1,0,0,0,0,1,0.0822979892965397
"4777","C19777",1845,"P43",45,"S11","A32","A173","E73","A93","A101",4,23,"A153",1,1,"A201",1,0,0,1,1,0,1,0,0,0,0,1,0,1,1,1,1,0,1,0.615823242262565
"4421","C19421",2096,"P46",12,"S14","A34","A172","E74","A93","A101",3,49,"A152",1,2,"A201",0,0,1,0,0,1,0,0,0,1,0,0,0,1,0,1,0,0,1,0.059510045437248
"1706","C16706",3959,"P40",15,"S11","A32","A173","E73","A92","A101",2,29,"A152",1,1,"A201",1,0,0,1,0,1,1,0,0,0,0,1,1,1,0,1,1,0,1,0.511142395346445
"4205","C19205",2100,"P43",18,"S13","A32","A173","E73","A93","A102",2,37,"A152",1,1,"A201",1,0,0,1,1,0,0,0,0,0,0,1,0,1,0,1,0,0,1,0.0768512187109175
"1752","C16752",1322,"P40",11,"S12","A34","A173","E73","A92","A101",4,40,"A152",2,1,"A201",0,0,0,1,0,1,0,1,0,1,0,1,1,1,0,1,0,0,1,0.21934420395023
"662","C15662",5771,"P43",30,"S14","A34","A173","E74","A92","A101",2,25,"A152",2,1,"A201",0,0,0,1,1,0,0,0,0,1,0,0,1,1,0,1,1,1,1,0.0800228513738534
"4714","C19714",1459,"P43",15,"S14","A34","A172","E73","A92","A101",2,43,"A152",1,1,"A201",0,0,1,0,1,0,0,0,0,1,0,1,1,1,0,1,0,0,1,0.0501464422049786
"4342","C19342",10875,"P40",36,"S14","A33","A173","E75","A93","A101",2,45,"A152",2,2,"A201",0,0,0,1,0,1,0,0,0,0,0,0,0,1,0,1,0,1,1,0.216071467193813
"3258","C18258",2301,"P42",9,"S14","A32","A173","E72","A92","A101",4,22,"A151",1,1,"A201",0,0,0,1,0,0,0,0,0,0,1,0,1,1,1,1,1,0,1,0.247601353254138
"2819","C17819",13756,"P40",60,"S14","A34","A174","E75","A93","A101",4,63,"A153",1,1,"A201",0,0,0,0,0,1,0,0,0,1,0,0,0,1,1,1,0,1,1,0.306037088304749
"2844","C17844",731,"P40",8,"S11","A34","A172","E75","A93","A101",4,47,"A152",2,1,"A201",0,0,1,0,0,1,1,0,0,1,0,0,0,1,0,1,0,0,1,0.23538985373071
"2206","C17206",3590,"P42",12,"S11","A32","A172","E73","A93","A102",2,29,"A152",1,2,"A201",0,0,1,0,0,0,1,0,0,0,0,1,0,1,0,1,1,0,1,0.407975552284858
"1288","C16288",3331,"P42",12,"S14","A34","A173","E75","A93","A101",4,42,"A152",1,1,"A201",0,0,0,1,0,0,0,0,0,1,0,0,0,1,0,1,0,0,1,0.059510045437248
"518","C15518",3931,"P40",48,"S11","A32","A173","E74","A93","A101",4,46,"A153",1,2,"A201",1,0,0,1,0,1,1,0,0,0,0,0,0,1,1,1,0,0,1,0.763098741713177
"3343","C18343",1512,"P45",15,"S12","A33","A173","E73","A94","A101",3,61,"A152",2,1,"A201",1,0,0,1,0,1,0,1,0,0,0,1,0,1,0,1,0,0,1,0.314155526700482
"2255","C17255",5951,"P43",48,"S12","A32","A173","E73","A92","A101",2,22,"A152",1,1,"A201",0,0,0,1,1,0,0,1,0,0,0,1,1,1,0,1,1,1,1,0.509194010274079
"4416","C19416",1391,"P49",9,"S12","A32","A173","E73","A94","A101",1,27,"A152",1,1,"A201",0,0,0,1,0,1,0,1,0,0,0,1,0,1,0,1,1,0,0,0.205657853247889
"3361","C18361",2320,"P43",18,"S14","A33","A173","E71","A94","A101",3,34,"A152",2,1,"A201",0,0,0,1,1,0,0,0,0,0,1,0,0,1,0,1,0,0,1,0.111983879106501
"4494","C19494",10722,"P40",47,"S11","A32","A172","E72","A92","A101",1,35,"A152",1,1,"A201",0,0,1,0,0,1,1,0,0,0,1,0,1,1,0,1,0,1,0,0.760291198813531
"590","C15590",1521,"P42",10,"S12","A32","A172","E73","A91","A101",2,31,"A152",1,1,"A201",0,0,1,0,0,0,0,1,0,0,0,1,1,1,0,1,0,0,1,0.347476293840844
"147","C15147",3959,"P42",36,"S11","A32","A174","E71","A93","A101",3,30,"A152",1,1,"A201",0,0,0,0,0,0,1,0,0,0,1,0,0,1,0,1,0,0,1,0.698857080144844
"1414","C16414",960,"P42",15,"S14","A33","A173","E74","A92","A101",2,30,"A152",2,1,"A201",0,0,0,1,0,0,0,0,0,0,0,0,1,1,0,1,0,0,1,0.158329693193709
"3314","C18314",3447,"P48",12,"S14","A31","A172","E73","A92","A101",3,35,"A152",1,2,"A201",0,0,1,0,1,0,0,0,1,0,0,1,1,1,0,1,0,0,1,0.196879883084449
"285","C15285",884,"P40",18,"S12","A34","A173","E75","A93","A101",4,36,"A152",1,2,"A201",1,0,0,1,0,1,0,1,0,1,0,0,0,1,0,1,0,0,1,0.205294295048216
"4332","C19332",1262,"P42",12,"S11","A32","A172","E75","A91","A101",4,49,"A152",1,1,"A201",0,0,1,0,0,0,1,0,0,0,0,0,1,1,0,1,0,0,1,0.48618157719108
"3000","C18000",2445,"P41",12,"S14","A32","A173","E72","A94","A101",4,26,"A151",1,1,"A201",0,0,0,1,1,0,0,0,0,0,1,0,0,1,1,1,1,0,1,0.127121114186549
"2715","C17715",1851,"P43",24,"S14","A34","A173","E74","A94","A103",2,33,"A152",2,1,"A201",0,0,0,1,1,0,0,0,0,1,0,0,0,0,0,1,0,0,1,0.0281339597892972
"4334","C19334",3416,"P43",27,"S11","A32","A174","E73","A93","A101",2,27,"A152",1,1,"A201",0,0,0,0,1,0,1,0,0,0,0,1,0,1,0,1,1,0,1,0.384370337663197
"3709","C18709",1360,"P43",15,"S14","A34","A173","E73","A93","A101",2,31,"A152",2,1,"A201",0,0,0,1,1,0,0,0,0,1,0,1,0,1,0,1,0,0,1,0.0370257461679233
"4953","C19953",339,"P48",12,"S11","A31","A172","E75","A94","A101",1,45,"A152",1,1,"A201",0,0,1,0,1,0,1,0,1,0,0,0,0,1,0,1,0,0,0,0.406492157204495
"2250","C17250",1924,"P43",10,"S14","A32","A173","E73","A93","A101",4,38,"A152",1,1,"A202",0,0,0,1,1,0,0,0,0,0,0,1,0,1,0,0,0,0,1,0.0182418230778055
"1979","C16979",1278,"P43",24,"S14","A32","A174","E75","A93","A101",1,36,"A152",1,1,"A201",0,0,0,0,1,0,0,0,0,0,0,0,0,1,0,1,0,0,0,0.0655590087466866
"4728","C19728",2353,"P40",21,"S12","A33","A173","E73","A91","A101",4,47,"A152",2,1,"A201",0,0,0,1,0,1,0,1,0,0,0,1,1,1,0,1,0,0,1,0.4343855046698
"2502","C17502",3069,"P42",24,"S12","A32","A173","E75","A93","A101",4,30,"A153",1,1,"A201",0,0,0,1,0,0,0,1,0,0,0,0,0,1,1,1,0,0,1,0.465688857505822
"2964","C17964",1154,"P43",9,"S12","A34","A172","E75","A93","A101",4,37,"A152",3,1,"A201",0,0,1,0,1,0,0,1,0,1,0,0,0,1,0,1,0,0,1,0.0952508676706361
"2457","C17457",2864,"P42",18,"S13","A32","A172","E73","A93","A101",1,34,"A152",1,2,"A201",1,0,1,0,0,0,0,0,0,0,0,1,0,1,0,1,0,0,0,0.0946012081483947
"3009","C18009",629,"P43",18,"S14","A34","A174","E75","A93","A101",3,32,"A152",2,1,"A201",0,0,0,0,1,0,0,0,0,1,0,0,0,1,0,1,0,0,1,0.0407557644486945
"31","C15031",2924,"P41",24,"S11","A32","A173","E73","A93","A103",4,63,"A152",1,2,"A201",0,0,0,1,1,0,1,0,0,0,0,1,0,0,0,1,0,0,1,0.239699911441196
"3885","C18885",666,"P40",6,"S11","A34","A172","E74","A92","A101",4,39,"A152",2,1,"A201",0,0,1,0,0,1,1,0,0,1,0,0,1,1,0,1,0,0,1,0.283402416511265
"791","C15791",1521,"P42",10,"S12","A32","A172","E73","A91","A101",2,31,"A152",1,1,"A201",0,0,1,0,0,0,0,1,0,0,0,1,1,1,0,1,0,0,1,0.347476293840844
"2420","C17420",1925,"P42",24,"S13","A32","A173","E73","A93","A101",2,26,"A152",1,1,"A201",0,0,0,1,0,0,0,0,0,0,0,1,0,1,0,1,1,0,1,0.156016974968144
"4752","C19752",4844,"P49",48,"S14","A32","A174","E71","A93","A101",2,33,"A151",1,1,"A201",1,0,0,0,0,1,0,0,0,0,1,0,0,1,1,1,0,0,1,0.467481543555816
"3178","C18178",4736,"P42",24,"S12","A34","A172","E72","A92","A101",4,25,"A152",1,1,"A201",1,0,1,0,0,0,0,1,0,1,1,0,1,1,0,1,1,0,1,0.396167236357174
"3459","C18459",1131,"P42",18,"S11","A32","A173","E71","A92","A101",2,33,"A152",1,1,"A201",1,0,0,1,0,0,1,0,0,0,1,0,1,1,0,1,0,0,1,0.63638909498895
"3557","C18557",2225,"P40",36,"S12","A33","A173","E75","A93","A101",4,57,"A153",2,1,"A201",1,0,0,1,0,1,0,1,0,0,0,0,0,1,1,1,0,0,1,0.565127458883794
"1172","C16172",2901,"P41",10,"S14","A32","A173","E72","A92","A101",4,31,"A151",1,1,"A201",0,0,0,1,1,0,0,0,0,0,1,0,1,1,1,1,0,0,1,0.157601948759338
"1949","C16949",5045,"P40",15,"S14","A34","A173","E75","A92","A101",4,59,"A152",1,1,"A201",0,0,0,1,0,1,0,0,0,1,0,0,1,1,0,1,0,1,1,0.0875967466201952
"2246","C17246",2751,"P41",48,"S14","A34","A173","E75","A93","A101",3,38,"A152",2,2,"A201",0,0,0,1,1,0,0,0,0,1,0,0,0,1,0,1,0,0,1,0.103409619486763
"1527","C16527",1258,"P49",24,"S14","A32","A173","E74","A93","A101",1,25,"A152",1,1,"A201",0,0,0,1,0,1,0,0,0,0,0,0,0,1,0,1,1,0,0,0.113148564707936
"3036","C18036",674,"P43",12,"S11","A32","A173","E74","A94","A101",1,20,"A152",1,1,"A201",1,0,0,1,1,0,1,0,0,0,0,0,0,1,0,1,1,0,0,0.207317560786419
"2823","C17823",15945,"P49",54,"S12","A30","A173","E72","A93","A101",4,58,"A151",1,1,"A201",1,0,0,1,0,1,0,1,1,0,1,0,0,1,1,1,0,1,1,0.903711039553635
"3116","C18116",2611,"P43",24,"S14","A34","A173","E75","A94","A102",3,46,"A152",2,1,"A201",0,0,0,1,1,0,0,0,0,1,0,0,0,1,0,1,0,0,1,0.0493213537580633
"4526","C19526",6458,"P40",18,"S14","A31","A174","E75","A93","A101",4,39,"A152",2,2,"A201",1,0,0,0,0,1,0,0,1,0,0,0,0,1,0,1,0,1,1,0.283897132217957
"2035","C17035",950,"P40",15,"S11","A30","A173","E75","A93","A101",3,33,"A151",2,2,"A201",1,0,0,1,0,1,1,0,1,0,0,0,0,1,1,1,0,0,1,0.737674607832816
"2124","C17124",3149,"P42",24,"S11","A32","A173","E72","A93","A101",1,22,"A153",1,1,"A201",0,0,0,1,0,0,1,0,0,0,1,0,0,1,1,1,1,0,0,0.602358526731793
"4175","C19175",1525,"P40",24,"S14","A32","A173","E74","A92","A101",3,34,"A152",1,2,"A201",0,0,0,1,0,1,0,0,0,0,0,0,1,1,0,1,0,0,1,0.202439816386
"4471","C19471",1204,"P40",6,"S14","A30","A173","E73","A93","A101",1,35,"A151",1,1,"A202",0,0,0,1,0,1,0,0,1,0,0,1,0,1,1,0,0,0,0,0.0700987027661843
"4718","C19718",1442,"P40",18,"S11","A31","A172","E74","A93","A101",4,32,"A153",2,2,"A201",1,0,1,0,0,1,1,0,1,0,0,0,0,1,1,1,0,0,1,0.756536152571389
"3722","C18722",1344,"P40",24,"S13","A34","A172","E74","A93","A101",2,37,"A152",2,2,"A201",1,0,1,0,0,1,0,0,0,1,0,0,0,1,0,1,0,0,1,0.0862113939182156
"3906","C18906",10127,"P40",48,"S14","A34","A173","E73","A93","A101",2,44,"A153",1,1,"A201",1,0,0,1,0,1,0,0,0,1,0,1,0,1,1,1,0,1,1,0.228258454914672
"4200","C19200",3069,"P42",24,"S12","A32","A173","E75","A93","A101",4,30,"A153",1,1,"A201",0,0,0,1,0,0,0,1,0,0,0,0,0,1,1,1,0,0,1,0.465688857505822
"3970","C18970",4583,"P42",30,"S11","A30","A173","E73","A91","A103",2,32,"A152",2,1,"A201",0,0,0,1,0,0,1,0,1,0,0,1,1,0,0,1,0,0,1,0.715686385681625
"2920","C17920",3069,"P42",24,"S12","A32","A173","E75","A93","A101",4,30,"A153",1,1,"A201",0,0,0,1,0,0,0,1,0,0,0,0,0,1,1,1,0,0,1,0.465688857505822
"877","C15877",1309,"P40",10,"S14","A32","A172","E73","A93","A103",4,27,"A152",1,1,"A201",1,0,1,0,0,1,0,0,0,0,0,1,0,0,0,1,1,0,1,0.0607893824907519
"3617","C18617",1413,"P41",12,"S14","A32","A173","E74","A93","A101",2,55,"A152",1,1,"A202",0,0,0,1,1,0,0,0,0,0,0,0,0,1,0,0,0,0,1,0.0194731849456543
"79","C15079",14555,"P40",6,"S12","A32","A171","E71","A93","A101",2,23,"A152",1,1,"A201",1,1,0,0,0,1,0,1,0,0,1,0,0,1,0,1,1,1,1,0.339601000401777
"903","C15903",915,"P40",24,"S11","A32","A173","E75","A92","A101",2,29,"A152",1,1,"A201",1,0,0,1,0,1,1,0,0,0,0,0,1,1,0,1,1,0,1,0.585203389657111
"3969","C18969",6078,"P40",12,"S12","A32","A173","E74","A93","A101",2,32,"A152",1,1,"A201",0,0,0,1,0,1,0,1,0,0,0,0,0,1,0,1,0,1,1,0.293047773292849
"3866","C18866",2978,"P49",24,"S14","A33","A173","E73","A93","A101",4,32,"A152",2,2,"A201",0,0,0,1,0,1,0,0,0,0,0,1,0,1,0,1,0,0,1,0.156016974968144
"1208","C16208",1582,"P43",18,"S14","A34","A173","E75","A93","A101",4,46,"A152",2,1,"A201",0,0,0,1,1,0,0,0,0,1,0,0,0,1,0,1,0,0,1,0.0407557644486945
"1516","C16516",1505,"P43",18,"S14","A32","A174","E73","A93","A101",2,32,"A153",1,1,"A201",0,0,0,0,1,0,0,0,0,0,0,1,0,1,1,1,0,0,1,0.105061305528015
"196","C15196",4811,"P41",30,"S14","A32","A172","E74","A92","A101",4,24,"A151",1,1,"A201",0,0,1,0,1,0,0,0,0,0,0,0,1,1,1,1,1,0,1,0.193769661419641
"1827","C16827",1620,"P42",12,"S11","A32","A173","E73","A92","A102",3,30,"A152",1,1,"A201",0,0,0,1,0,0,1,0,0,0,0,1,1,1,0,1,0,0,1,0.48618157719108
"3715","C18715",3509,"P43",18,"S11","A32","A173","E74","A92","A103",1,25,"A152",1,1,"A201",0,0,0,1,1,0,1,0,0,0,0,0,1,0,0,1,1,0,0,0.196579672740137
"1231","C16231",1552,"P43",24,"S14","A32","A173","E74","A93","A101",1,32,"A152",1,2,"A201",0,0,0,1,1,0,0,0,0,0,0,0,0,1,0,1,0,0,0,0.0655590087466866
"2793","C17793",1437,"P40",9,"S12","A31","A173","E74","A93","A101",3,29,"A152",1,1,"A201",1,0,0,1,0,1,0,1,1,0,0,0,0,1,0,1,1,0,1,0.495548364253834
"3779","C18779",458,"P43",9,"S12","A32","A173","E73","A93","A101",3,24,"A152",1,1,"A201",0,0,0,1,1,0,0,1,0,0,0,1,0,1,0,1,1,0,1,0.171006005462675
"4245","C19245",1736,"P42",12,"S14","A32","A172","E74","A92","A101",4,31,"A152",1,1,"A201",0,0,1,0,0,0,0,0,0,0,0,0,1,1,0,1,0,0,1,0.14547101254588
"4551","C19551",1532,"P46",15,"S14","A34","A173","E73","A92","A101",3,31,"A152",1,1,"A201",0,0,0,1,0,1,0,0,0,1,0,1,1,1,0,1,0,0,1,0.0875967466201952
"2953","C17953",3939,"P40",11,"S11","A34","A172","E73","A93","A101",2,40,"A152",2,2,"A201",0,0,1,0,0,1,1,0,0,1,0,1,0,1,0,1,0,0,1,0.253835764803993
"2535","C17535",672,"P40",6,"S14","A32","A171","E71","A92","A101",4,54,"A152",1,1,"A201",0,1,0,0,0,1,0,0,0,0,1,0,1,1,0,1,0,0,1,0.174362559758996
"3853","C18853",5998,"P46",40,"S11","A34","A173","E73","A93","A101",3,27,"A152",1,1,"A201",1,0,0,1,0,1,1,0,0,1,0,1,0,1,0,1,1,1,1,0.471805143376401
"2083","C17083",2284,"P43",24,"S14","A32","A173","E74","A93","A101",2,28,"A152",1,1,"A201",0,0,0,1,1,0,0,0,0,0,0,0,0,1,0,1,1,0,1,0.0922732073318229
"812","C15812",3229,"P41",18,"S14","A34","A174","E71","A93","A101",4,38,"A152",1,1,"A201",0,0,0,0,1,0,0,0,0,1,1,0,0,1,0,1,0,0,1,0.0604681853272752
"3403","C18403",3652,"P49",21,"S12","A34","A173","E74","A93","A101",3,27,"A152",2,1,"A201",0,0,0,1,0,1,0,1,0,1,0,0,0,1,0,1,1,0,1,0.22206676980201
"1427","C16427",6527,"P40",60,"S14","A32","A173","E73","A93","A101",4,34,"A153",1,2,"A201",0,0,0,1,0,1,0,0,0,0,0,1,0,1,1,1,0,1,1,0.463544089646843
"4545","C19545",2569,"P41",39,"S14","A32","A173","E73","A93","A101",4,24,"A152",1,1,"A201",0,0,0,1,1,0,0,0,0,0,0,1,0,1,0,1,1,0,1,0.143457395438027
"4650","C19650",1845,"P43",45,"S11","A32","A173","E73","A93","A101",4,23,"A153",1,1,"A201",1,0,0,1,1,0,1,0,0,0,0,1,0,1,1,1,1,0,1,0.615823242262565
"2201","C17201",947,"P40",24,"S13","A32","A173","E74","A93","A101",3,38,"A153",1,2,"A201",1,0,0,1,0,1,0,0,0,0,0,0,0,1,1,1,0,0,1,0.20677762631139
"71","C15071",1845,"P43",45,"S11","A32","A173","E73","A93","A101",4,23,"A153",1,1,"A201",1,0,0,1,1,0,1,0,0,0,0,1,0,1,1,1,1,0,1,0.615823242262565
"2051","C17051",2835,"P42",24,"S14","A32","A173","E75","A93","A101",4,53,"A152",1,1,"A201",0,0,0,1,0,0,0,0,0,0,0,0,0,1,0,1,0,0,1,0.156016974968144
"2423","C17423",2251,"P42",12,"S13","A32","A172","E73","A92","A101",2,46,"A152",1,1,"A201",0,0,1,0,0,0,0,0,0,0,0,1,1,1,0,1,0,0,1,0.14547101254588
"3520","C18520",1778,"P40",15,"S12","A30","A171","E72","A92","A101",1,26,"A151",2,1,"A201",1,1,0,0,0,1,0,1,1,0,1,0,1,1,1,1,1,0,0,0.708303575180756
"1907","C16907",1592,"P42",12,"S14","A34","A173","E74","A92","A101",2,35,"A152",1,1,"A202",0,0,0,1,0,0,0,0,0,1,0,0,1,1,0,0,0,0,1,0.0246840066344317
"3487","C18487",2892,"P42",24,"S13","A32","A173","E75","A91","A101",4,51,"A153",1,1,"A201",0,0,0,1,0,0,0,0,0,0,0,0,1,1,1,1,0,0,1,0.263587169048441
"628","C15628",2910,"P41",24,"S11","A32","A174","E74","A93","A101",1,34,"A153",1,1,"A201",0,0,0,0,1,0,1,0,0,0,0,0,0,1,1,1,0,0,0,0.354800452032066
"2496","C17496",2872,"P43",24,"S14","A34","A173","E75","A93","A101",4,36,"A152",1,2,"A201",0,0,0,1,1,0,0,0,0,1,0,0,0,1,0,1,0,0,1,0.0493213537580633
"4670","C19670",6289,"P49",42,"S13","A30","A173","E72","A91","A101",1,33,"A152",2,1,"A201",0,0,0,1,0,1,0,0,1,0,1,0,1,1,0,1,0,1,0,0.558539005937967
"2443","C17443",5493,"P41",36,"S11","A32","A173","E75","A93","A101",4,42,"A153",1,2,"A201",0,0,0,1,1,0,1,0,0,0,0,0,0,1,1,1,0,1,1,0.542959575984832
"2913","C17913",1554,"P43",6,"S14","A34","A173","E74","A92","A101",2,24,"A151",2,1,"A201",0,0,0,1,1,0,0,0,0,1,0,0,1,1,1,1,1,0,1,0.0522898444357195
"1251","C16251",4788,"P41",48,"S11","A32","A173","E74","A93","A101",3,26,"A152",1,2,"A201",0,0,0,1,1,0,1,0,0,0,0,0,0,1,0,1,1,0,1,0.556757819187116
"4351","C19351",3594,"P41",15,"S14","A33","A172","E72","A92","A101",2,46,"A152",2,1,"A201",0,0,1,0,1,0,0,0,0,0,1,0,1,1,0,1,0,0,1,0.135468711415615
"4015","C19015",7678,"P42",36,"S14","A33","A173","E74","A92","A101",4,40,"A152",2,1,"A201",0,0,0,1,0,0,0,0,0,0,0,0,1,1,0,1,0,1,1,0.274550603014661
"3635","C18635",1424,"P42",12,"S13","A32","A174","E75","A92","A101",4,55,"A152",1,1,"A201",0,0,0,0,0,0,0,0,0,0,0,0,1,1,0,1,0,0,1,0.14547101254588
"396","C15396",3186,"P40",15,"S14","A32","A173","E74","A92","A101",3,20,"A151",1,1,"A201",0,0,0,1,0,1,0,0,0,0,0,0,1,1,1,1,1,0,1,0.209655877134545
"4094","C19094",2613,"P45",36,"S14","A30","A173","E73","A93","A101",2,27,"A152",2,1,"A201",0,0,0,1,0,1,0,0,1,0,0,1,0,1,0,1,1,0,1,0.419208486606595
"4137","C19137",1164,"P50",8,"S11","A34","A174","E75","A93","A101",4,51,"A153",2,2,"A201",0,0,0,0,0,1,1,0,0,1,0,0,0,1,1,1,0,0,1,0.302712332901722
"1611","C16611",709,"P43",12,"S11","A32","A172","E75","A93","A101",4,57,"A152",1,1,"A201",1,0,1,0,1,0,1,0,0,0,0,0,0,1,0,1,0,0,1,0.274808207258382
"4544","C19544",1361,"P40",6,"S11","A34","A172","E72","A93","A101",4,40,"A152",1,2,"A202",0,0,1,0,0,1,1,0,0,1,1,0,0,1,0,0,0,0,1,0.112763544212031
"4410","C19410",3398,"P40",8,"S11","A34","A172","E74","A93","A101",4,39,"A152",2,1,"A202",0,0,1,0,0,1,1,0,0,1,0,0,0,1,0,0,0,0,1,0.0822979892965397
"2755","C17755",1169,"P43",18,"S14","A34","A173","E73","A93","A101",3,29,"A152",2,1,"A201",0,0,0,1,1,0,0,0,0,1,0,1,0,1,0,1,1,0,1,0.0407557644486945
"4934","C19934",674,"P43",12,"S11","A32","A173","E74","A94","A101",1,20,"A152",1,1,"A201",1,0,0,1,1,0,1,0,0,0,0,0,0,1,0,1,1,0,0,0.207317560786419
"2013","C17013",682,"P40",12,"S14","A34","A173","E74","A92","A101",3,51,"A152",2,1,"A201",0,0,0,1,0,1,0,0,0,1,0,0,1,1,0,1,0,0,1,0.0799370288159394
"4444","C19444",7408,"P40",60,"S12","A32","A174","E72","A92","A101",2,24,"A152",1,1,"A201",1,0,0,0,0,1,0,1,0,0,1,0,1,1,0,1,1,1,1,0.809928442916449
"1015","C16015",1543,"P42",6,"S14","A32","A173","E73","A91","A101",2,33,"A152",1,1,"A201",0,0,0,1,0,0,0,0,0,0,0,1,1,1,0,1,0,0,1,0.12235634014503
"143","C15143",3535,"P40",36,"S14","A34","A173","E74","A93","A101",4,37,"A152",2,1,"A201",0,0,0,1,0,1,0,0,0,1,0,0,0,1,0,1,0,0,1,0.123322319923173
"4001","C19001",5743,"P46",24,"S12","A34","A173","E72","A92","A101",4,24,"A153",2,1,"A201",0,0,0,1,0,1,0,1,0,1,1,0,1,1,1,1,1,1,1,0.480571553996167
"284","C15284",4844,"P49",48,"S14","A32","A174","E71","A93","A101",2,33,"A151",1,1,"A201",1,0,0,0,0,1,0,0,0,0,1,0,0,1,1,1,0,0,1,0.467481543555816
"3366","C18366",518,"P43",6,"S14","A32","A173","E73","A92","A101",1,29,"A152",1,1,"A201",0,0,0,1,1,0,0,0,0,0,0,1,1,1,0,1,1,0,0,0.050252620974187
"1106","C16106",3518,"P40",6,"S14","A32","A173","E73","A93","A103",3,26,"A151",1,1,"A201",0,0,0,1,0,1,0,0,0,0,0,1,0,0,1,1,1,0,1,0.0739821491373217
"3958","C18958",2301,"P42",9,"S14","A32","A173","E72","A92","A101",4,22,"A151",1,1,"A201",0,0,0,1,0,0,0,0,0,0,1,0,1,1,1,1,1,0,1,0.247601353254138
"2016","C17016",5302,"P40",18,"S11","A34","A174","E75","A93","A101",4,36,"A153",3,1,"A201",0,0,0,0,0,1,1,0,0,1,0,0,0,1,1,1,0,1,1,0.377180558036535
"930","C15930",1567,"P43",12,"S12","A32","A173","E73","A92","A101",1,22,"A152",1,1,"A201",0,0,0,1,1,0,0,1,0,0,0,1,1,1,0,1,1,0,0,0.17764210463751
"2750","C17750",1169,"P43",18,"S14","A34","A173","E73","A93","A101",3,29,"A152",2,1,"A201",0,0,0,1,1,0,0,0,0,1,0,1,0,1,0,1,1,0,1,0.0407557644486945
"1984","C16984",2348,"P42",36,"S11","A34","A173","E73","A94","A101",2,46,"A152",2,1,"A201",0,0,0,1,0,0,1,0,0,1,0,1,0,1,0,1,0,0,1,0.438795432070886
"4903","C19903",4746,"P43",45,"S12","A34","A172","E72","A93","A101",2,25,"A152",2,1,"A201",1,0,1,0,1,0,0,1,0,1,1,0,0,1,0,1,1,0,1,0.345815803442264
"4843","C19843",2957,"P41",24,"S11","A34","A173","E75","A93","A101",4,63,"A152",2,1,"A201",0,0,0,1,1,0,1,0,0,1,0,0,0,1,0,1,0,0,1,0.22382158814772
"3267","C18267",5117,"P49",27,"S14","A33","A173","E74","A93","A101",4,26,"A152",2,1,"A201",0,0,0,1,0,1,0,0,0,0,0,0,0,1,0,1,1,1,1,0.169622810177035
"1303","C16303",6850,"P40",15,"S12","A31","A174","E71","A93","A101",2,34,"A152",1,2,"A201",1,0,0,0,0,1,0,1,1,0,1,0,0,1,0,1,0,1,1,0.645016952365449
"2341","C17341",2570,"P40",27,"S14","A32","A173","E73","A92","A101",3,21,"A151",1,1,"A201",1,0,0,1,0,1,0,0,0,0,0,1,1,1,1,1,1,0,1,0.283423652199829
"661","C15661",1386,"P43",15,"S14","A32","A173","E73","A94","A101",2,40,"A151",1,1,"A201",0,0,0,1,1,0,0,0,0,0,0,1,0,1,1,1,0,0,1,0.096035175924538
"1143","C16143",1503,"P43",4,"S14","A34","A172","E74","A93","A101",1,42,"A152",2,2,"A201",0,0,1,0,1,0,0,0,0,1,0,0,0,1,0,1,0,0,0,0.0180677795122997
"4217","C19217",1881,"P43",12,"S13","A32","A172","E73","A92","A101",2,44,"A151",1,1,"A201",0,0,1,0,1,0,0,0,0,0,0,1,1,1,1,1,0,0,1,0.116614534125329
"354","C15354",2445,"P41",12,"S14","A32","A173","E72","A94","A101",4,26,"A151",1,1,"A201",0,0,0,1,1,0,0,0,0,0,1,0,0,1,1,1,1,0,1,0.127121114186549
"2988","C17988",1283,"P40",22,"S14","A32","A173","E74","A92","A101",4,25,"A151",1,1,"A201",0,0,0,1,0,1,0,0,0,0,0,0,1,1,1,1,1,0,1,0.250868951550081
"1997","C16997",2697,"P43",9,"S14","A32","A173","E73","A93","A101",2,32,"A152",1,2,"A201",0,0,0,1,1,0,0,0,0,0,0,1,0,1,0,1,0,0,1,0.0581120496264644
"1677","C16677",8487,"P40",48,"S12","A32","A173","E74","A92","A101",2,24,"A152",1,1,"A201",0,0,0,1,0,1,0,1,0,0,0,0,1,1,0,1,1,1,1,0.653577557343589
"2826","C17826",1585,"P42",24,"S14","A34","A173","E74","A93","A101",3,40,"A152",2,1,"A201",0,0,0,1,0,0,0,0,0,1,0,0,0,1,0,1,0,0,1,0.0862113939182156
"4581","C19581",2146,"P42",10,"S14","A34","A173","E72","A92","A101",3,23,"A151",2,1,"A201",0,0,0,1,0,0,0,0,0,1,1,0,1,1,1,1,1,0,1,0.147947912237731
"4821","C19821",1316,"P43",15,"S14","A34","A172","E73","A94","A101",2,47,"A152",2,1,"A201",0,0,1,0,1,0,0,0,0,1,0,1,0,1,0,1,0,0,1,0.0370257461679233
"4745","C19745",3485,"P40",20,"S14","A34","A173","E72","A91","A101",4,44,"A152",2,1,"A201",0,0,0,1,0,1,0,0,0,1,1,0,1,1,0,1,0,0,1,0.146588454986879
"1237","C16237",10144,"P43",60,"S14","A32","A173","E74","A92","A101",4,21,"A152",1,1,"A201",0,0,0,1,1,0,0,0,0,0,0,0,1,1,0,1,1,1,1,0.316314740524133
"2999","C17999",1123,"P42",12,"S14","A32","A172","E73","A92","A101",4,29,"A151",1,1,"A201",1,0,1,0,0,0,0,0,0,0,0,1,1,1,1,1,1,0,1,0.193587518245133
"4747","C19747",976,"P43",12,"S14","A34","A173","E75","A93","A101",4,35,"A152",2,1,"A201",0,0,0,1,1,0,0,0,0,1,0,0,0,1,0,1,0,0,1,0.0336251372854894
"527","C15527",6314,"P50",24,"S14","A34","A174","E71","A93","A102",2,27,"A152",2,1,"A201",0,0,0,0,0,1,0,0,0,1,1,0,0,1,0,1,1,1,1,0.125043466806953
"3365","C18365",2762,"P42",12,"S12","A32","A173","E75","A92","A101",2,25,"A152",1,1,"A201",1,0,0,1,0,0,0,1,0,0,0,0,1,1,0,1,1,0,1,0.362720784592558
"4529","C19529",2108,"P43",6,"S14","A32","A173","E74","A94","A101",2,29,"A151",1,1,"A201",0,0,0,1,1,0,0,0,0,0,0,0,0,1,1,1,1,0,1,0.0729880922234015
"2857","C17857",2896,"P43",24,"S12","A32","A173","E72","A93","A101",1,29,"A152",1,1,"A201",0,0,0,1,1,0,0,1,0,0,1,0,0,1,0,1,1,0,0,0.262171085515564
"3034","C18034",7297,"P49",60,"S11","A32","A173","E75","A93","A102",4,36,"A151",1,1,"A201",1,0,0,1,0,1,1,0,0,0,0,0,0,1,1,1,0,1,1,0.827669951364863
"4731","C19731",1289,"P42",12,"S11","A32","A172","E73","A93","A103",1,21,"A152",1,1,"A201",0,0,1,0,0,0,1,0,0,0,0,1,0,0,0,1,1,0,0,0.209727205433455
"114","C15114",3758,"P43",24,"S12","A32","A171","E71","A92","A101",4,23,"A151",1,1,"A201",0,1,0,0,1,0,0,1,0,0,1,0,1,1,1,1,1,0,1,0.499213589824432
"4289","C19289",1938,"P43",24,"S11","A32","A173","E72","A91","A101",3,32,"A152",1,1,"A201",1,0,0,1,1,0,1,0,0,0,1,0,1,1,0,1,0,0,1,0.540270884367945
"2712","C17712",6199,"P43",12,"S11","A30","A173","E73","A93","A101",2,28,"A151",2,1,"A201",1,0,0,1,1,0,1,0,1,0,0,1,0,1,1,1,1,1,1,0.583225924071514
"1864","C16864",1164,"P50",8,"S11","A34","A174","E75","A93","A101",4,51,"A153",2,2,"A201",0,0,0,0,0,1,1,0,0,1,0,0,0,1,1,1,0,0,1,0.302712332901722
"25","C15025",5951,"P43",48,"S12","A32","A173","E73","A92","A101",2,22,"A152",1,1,"A201",0,0,0,1,1,0,0,1,0,0,0,1,1,1,0,1,1,1,1,0.509194010274079
"1313","C16313",1597,"P46",24,"S14","A34","A173","E75","A93","A101",4,54,"A153",2,2,"A201",0,0,0,1,0,1,0,0,0,1,0,0,0,1,1,1,0,0,1,0.117420330026183
"4141","C19141",3512,"P40",24,"S12","A32","A173","E74","A93","A101",3,38,"A152",2,1,"A201",0,0,0,1,0,1,0,1,0,0,0,0,0,1,0,1,0,0,1,0.381976234220843
"4213","C19213",4844,"P49",48,"S14","A32","A174","E71","A93","A101",2,33,"A151",1,1,"A201",1,0,0,0,0,1,0,0,0,0,1,0,0,1,1,1,0,0,1,0.467481543555816
"2380","C17380",276,"P40",9,"S12","A32","A172","E73","A94","A101",4,22,"A151",1,1,"A201",0,0,1,0,0,1,0,1,0,0,0,1,0,1,1,1,1,0,1,0.345973821142185
"2100","C17100",1200,"P46",12,"S11","A32","A173","E73","A92","A101",4,23,"A151",1,1,"A201",0,0,0,1,0,1,1,0,0,0,0,1,1,1,1,1,1,0,1,0.571609313138525
"4475","C19475",1585,"P42",24,"S14","A34","A173","E74","A93","A101",3,40,"A152",2,1,"A201",0,0,0,1,0,0,0,0,0,1,0,0,0,1,0,1,0,0,1,0.0862113939182156
"3825","C18825",1239,"P46",18,"S12","A32","A173","E73","A93","A101",4,61,"A153",1,1,"A201",0,0,0,1,0,1,0,1,0,0,0,1,0,1,1,1,0,0,1,0.416492202906117
"4990","C19990",1884,"P40",12,"S14","A32","A174","E75","A93","A101",4,39,"A152",1,1,"A201",0,0,0,0,0,1,0,0,0,0,0,0,0,1,0,1,0,0,1,0.110305290232065
"484","C15484",10127,"P40",48,"S14","A34","A173","E73","A93","A101",2,44,"A153",1,1,"A201",1,0,0,1,0,1,0,0,0,1,0,1,0,1,1,1,0,1,1,0.228258454914672
"4848","C19848",11938,"P50",24,"S12","A34","A174","E73","A93","A102",3,39,"A152",2,2,"A201",1,0,0,0,0,1,0,1,0,1,0,1,0,1,0,1,0,1,1,0.239796071390021
"3549","C18549",2580,"P49",21,"S14","A33","A172","E72","A93","A101",2,41,"A152",1,2,"A201",1,0,1,0,0,1,0,0,0,0,1,0,0,1,0,1,0,0,1,0.202176198728489
"2388","C17388",4272,"P49",30,"S14","A33","A172","E73","A93","A101",2,26,"A152",2,1,"A201",0,0,1,0,0,1,0,0,0,0,0,1,0,1,0,1,1,0,1,0.184156275345094
"2191","C17191",745,"P43",9,"S13","A32","A172","E73","A92","A101",2,28,"A152",1,1,"A201",1,0,1,0,1,0,0,0,0,0,0,1,1,1,0,1,1,0,1,0.07809901560845
"3787","C18787",672,"P40",6,"S14","A32","A171","E71","A92","A101",4,54,"A152",1,1,"A201",0,1,0,0,0,1,0,0,0,0,1,0,1,1,0,1,0,0,1,0.174362559758996
"4610","C19610",2080,"P40",6,"S14","A34","A173","E73","A94","A101",2,24,"A152",1,1,"A201",0,0,0,1,0,1,0,0,0,1,0,1,0,1,0,1,1,0,1,0.0492666945196244
"1130","C16130",2323,"P43",36,"S12","A32","A173","E74","A93","A101",4,24,"A151",1,1,"A201",0,0,0,1,1,0,0,1,0,0,0,0,0,1,1,1,1,0,1,0.416775680614247
"3822","C18822",2375,"P49",24,"S14","A33","A173","E73","A93","A101",2,44,"A152",2,2,"A201",0,0,0,1,0,1,0,0,0,0,0,1,0,1,0,1,0,0,1,0.156016974968144
"2297","C17297",7409,"P49",36,"S14","A32","A173","E75","A93","A101",2,37,"A152",2,1,"A201",0,0,0,1,0,1,0,0,0,0,0,0,0,1,0,1,0,1,1,0.216071467193813
"4856","C19856",3972,"P42",24,"S14","A32","A173","E74","A92","A101",4,25,"A151",1,1,"A201",0,0,0,1,0,0,0,0,0,0,0,0,1,1,1,1,1,0,1,0.263587169048441
"2961","C17961",1258,"P49",24,"S14","A32","A173","E74","A93","A101",1,25,"A152",1,1,"A201",0,0,0,1,0,1,0,0,0,0,0,0,0,1,0,1,1,0,0,0.113148564707936
"3953","C18953",1495,"P40",12,"S14","A34","A172","E75","A93","A101",1,38,"A152",2,2,"A201",0,0,1,0,0,1,0,0,0,1,0,0,0,1,0,1,0,0,0,0.0418439248113466
"3098","C18098",1478,"P43",9,"S14","A32","A173","E74","A93","A101",2,22,"A152",1,1,"A201",1,0,0,1,1,0,0,0,0,0,0,0,0,1,0,1,1,0,1,0.0581120496264644
"1674","C16674",1376,"P43",24,"S14","A32","A173","E74","A92","A101",1,28,"A152",1,1,"A201",0,0,0,1,1,0,0,0,0,0,0,0,1,1,0,1,1,0,0,0.0878683278599904
"3215","C18215",1361,"P40",6,"S11","A34","A172","E72","A93","A101",4,40,"A152",1,2,"A202",0,0,1,0,0,1,1,0,0,1,1,0,0,1,0,0,0,0,1,0.112763544212031
"3092","C18092",2631,"P40",15,"S12","A32","A173","E73","A92","A101",4,28,"A151",2,1,"A201",1,0,0,1,0,1,0,1,0,0,0,1,1,1,1,1,1,0,1,0.470035475858885
"1574","C16574",1158,"P43",12,"S12","A32","A173","E73","A91","A101",1,26,"A152",1,1,"A201",0,0,0,1,1,0,0,1,0,0,0,1,1,1,0,1,1,0,0,0.17764210463751
"790","C15790",2515,"P42",18,"S14","A32","A173","E73","A93","A101",4,43,"A152",1,1,"A201",0,0,0,1,0,0,0,0,0,0,0,1,0,1,0,1,0,0,1,0.131484434702704
"4548","C19548",12680,"P40",21,"S14","A34","A174","E75","A93","A101",4,30,"A153",1,1,"A201",1,0,0,0,0,1,0,0,0,1,0,0,0,1,1,1,0,1,1,0.107459895689264
"3678","C18678",3568,"P43",15,"S14","A32","A174","E75","A92","A101",2,54,"A151",1,1,"A201",0,0,0,0,1,0,0,0,0,0,0,0,1,1,1,1,0,0,1,0.127302482926678
"3914","C18914",5293,"P49",27,"S11","A30","A173","E71","A93","A101",4,50,"A152",2,1,"A201",1,0,0,1,0,1,1,0,1,0,1,0,0,1,0,1,0,1,1,0.81831192679858
"303","C15303",7057,"P41",20,"S12","A33","A174","E74","A93","A101",4,36,"A151",2,2,"A201",0,0,0,0,1,0,0,1,0,0,0,0,0,1,1,1,0,1,1,0.295538275855205
"1487","C16487",2957,"P41",24,"S11","A34","A173","E75","A93","A101",4,63,"A152",2,1,"A201",0,0,0,1,1,0,1,0,0,1,0,0,0,1,0,1,0,0,1,0.22382158814772
"288","C15288",2978,"P49",24,"S14","A33","A173","E73","A93","A101",4,32,"A152",2,2,"A201",0,0,0,1,0,1,0,0,0,0,0,1,0,1,0,1,0,0,1,0.156016974968144
"261","C15261",932,"P48",6,"S12","A34","A172","E74","A92","A101",3,39,"A152",2,1,"A201",0,0,1,0,1,0,0,1,0,1,0,0,1,1,0,1,0,0,1,0.115683665049801
"4270","C19270",750,"P46",18,"S11","A32","A171","E71","A92","A101",1,27,"A152",1,1,"A201",1,1,0,0,0,1,1,0,0,0,1,0,1,1,0,1,1,0,0,0.547089427986969
"3977","C18977",2108,"P43",6,"S14","A32","A173","E74","A94","A101",2,29,"A151",1,1,"A201",0,0,0,1,1,0,0,0,0,0,0,0,0,1,1,1,1,0,1,0.0729880922234015
"850","C15850",936,"P46",9,"S14","A34","A173","E75","A93","A101",2,52,"A152",2,1,"A201",0,0,0,1,0,1,0,0,0,1,0,0,0,1,0,1,0,0,1,0.0541605236726375
"740","C15740",14896,"P40",6,"S11","A32","A174","E75","A93","A101",4,68,"A152",1,1,"A201",1,0,0,0,0,1,1,0,0,0,0,0,0,1,0,1,0,1,1,0.360759287574476
"4177","C19177",4139,"P49",24,"S14","A34","A172","E73","A93","A101",3,27,"A152",2,1,"A201",0,0,1,0,0,1,0,0,0,1,0,1,0,1,0,1,1,0,1,0.0862113939182156
"4997","C19997",7228,"P40",11,"S14","A34","A172","E73","A93","A101",4,39,"A152",2,1,"A201",0,0,1,0,0,1,0,0,0,1,0,1,0,1,0,1,0,1,1,0.0576740401649795
"2825","C17825",2659,"P42",18,"S11","A32","A173","E73","A93","A101",2,28,"A152",1,1,"A201",0,0,0,1,0,0,1,0,0,0,0,1,0,1,0,1,1,0,1,0.456954021341531
"2862","C17862",1808,"P42",18,"S14","A33","A173","E74","A92","A101",1,22,"A152",1,1,"A201",1,0,0,1,0,0,0,0,0,0,0,0,1,1,0,1,1,0,0,0.125466441403602
"62","C15062",1364,"P43",9,"S11","A32","A174","E74","A93","A101",4,59,"A152",1,1,"A201",0,0,0,0,1,0,1,0,0,0,0,0,0,1,0,1,0,0,1,0.255359828611735
"2936","C17936",1275,"P49",24,"S13","A34","A173","E73","A91","A101",4,36,"A152",2,1,"A201",0,0,0,1,0,1,0,0,0,1,0,1,1,1,0,1,0,0,1,0.114686042913361
"4449","C19449",1740,"P43",6,"S14","A34","A173","E75","A94","A101",2,30,"A151",2,1,"A201",0,0,0,1,1,0,0,0,0,1,0,0,0,1,1,1,0,0,1,0.0386311410991077
"2370","C17370",1503,"P43",4,"S14","A34","A172","E74","A93","A101",1,42,"A152",2,2,"A201",0,0,1,0,1,0,0,0,0,1,0,0,0,1,0,1,0,0,0,0.0180677795122997
"511","C15511",2214,"P43",12,"S11","A32","A172","E73","A93","A101",3,24,"A152",1,1,"A201",0,0,1,0,1,0,1,0,0,0,0,1,0,1,0,1,1,0,1,0.274808207258382
"3367","C18367",4151,"P42",24,"S14","A33","A173","E73","A93","A101",3,35,"A152",2,1,"A201",0,0,0,1,0,0,0,0,0,0,0,1,0,1,0,1,0,0,1,0.156016974968144
"2922","C17922",750,"P46",18,"S11","A32","A171","E71","A92","A101",1,27,"A152",1,1,"A201",1,1,0,0,0,1,1,0,0,0,1,0,1,1,0,1,1,0,0,0.547089427986969
"3780","C18780",958,"P40",12,"S12","A34","A172","E74","A93","A101",3,47,"A152",2,2,"A201",0,0,1,0,0,1,0,1,0,1,0,0,0,1,0,1,0,0,1,0.17461638385841
"1794","C16794",958,"P40",12,"S12","A34","A172","E74","A93","A101",3,47,"A152",2,2,"A201",0,0,1,0,0,1,0,1,0,1,0,0,0,1,0,1,0,0,1,0.17461638385841
"900","C15900",4530,"P43",30,"S14","A34","A174","E74","A92","A101",4,26,"A151",1,1,"A201",0,0,0,0,1,0,0,0,0,1,0,0,1,1,1,1,1,0,1,0.109259370332457
"1289","C16289",4844,"P49",48,"S14","A32","A174","E71","A93","A101",2,33,"A151",1,1,"A201",1,0,0,0,0,1,0,0,0,0,1,0,0,1,1,1,0,0,1,0.467481543555816
"2605","C17605",1927,"P46",24,"S14","A34","A173","E73","A92","A101",2,33,"A152",2,1,"A201",0,0,0,1,0,1,0,0,0,1,0,1,1,1,0,1,0,0,1,0.114686042913361
"679","C15679",1882,"P43",18,"S11","A32","A173","E73","A92","A101",4,25,"A151",2,1,"A201",1,0,0,1,1,0,1,0,0,0,0,1,1,1,1,1,1,0,1,0.472559486343046
"63","C15063",6761,"P40",6,"S14","A34","A174","E74","A93","A101",3,45,"A152",2,2,"A201",0,0,0,0,0,1,0,0,0,1,0,0,0,1,0,1,0,1,1,0.0492666945196244
"2671","C17671",484,"P43",6,"S12","A32","A172","E74","A94","A103",3,28,"A152",1,1,"A201",0,0,1,0,1,0,0,1,0,0,0,0,0,0,0,1,1,0,1,0.0943364189437495
"718","C15718",1553,"P43",24,"S12","A33","A173","E74","A92","A101",2,23,"A151",2,1,"A201",0,0,0,1,1,0,0,1,0,0,0,0,1,1,1,1,1,0,1,0.396892556433756
"1805","C16805",3578,"P43",48,"S14","A34","A173","E75","A93","A101",1,47,"A152",1,1,"A201",0,0,0,1,1,0,0,0,0,1,0,0,0,1,0,1,0,0,0,0.0737331866735052
"4190","C19190",7409,"P49",36,"S14","A32","A173","E75","A93","A101",2,37,"A152",2,1,"A201",0,0,0,1,0,1,0,0,0,0,0,0,0,1,0,1,0,1,1,0.216071467193813
"2673","C17673",1449,"P49",6,"S12","A33","A173","E75","A91","A101",2,31,"A152",2,2,"A201",0,0,0,1,0,1,0,1,0,0,0,0,1,1,0,1,0,0,1,0.317929361827081
"4063","C19063",1422,"P40",9,"S11","A32","A174","E72","A93","A101",2,27,"A153",1,1,"A201",1,0,0,0,0,1,1,0,0,0,1,0,0,1,1,1,1,0,1,0.571209261304109
"2392","C17392",7174,"P43",42,"S11","A32","A174","E74","A92","A101",3,30,"A152",1,1,"A201",1,0,0,0,1,0,1,0,0,0,0,0,1,1,0,1,0,1,1,0.585486477975045
"3383","C18383",1038,"P40",10,"S11","A34","A173","E74","A93","A102",3,49,"A152",2,1,"A201",0,0,0,1,0,1,1,0,0,1,0,0,0,1,0,1,0,0,1,0.247582683410096
"2151","C17151",1346,"P43",6,"S14","A32","A173","E75","A93","A101",4,42,"A153",1,2,"A201",0,0,0,1,1,0,0,0,0,0,0,0,0,1,1,1,0,0,1,0.0729880922234015
"826","C15826",609,"P40",6,"S11","A34","A173","E74","A92","A101",3,37,"A152",2,1,"A202",0,0,0,1,0,1,1,0,0,1,0,0,1,1,0,0,0,0,1,0.103303181662644
"3839","C18839",662,"P40",6,"S11","A32","A172","E72","A93","A101",4,41,"A152",1,2,"A201",0,0,1,0,0,1,1,0,0,0,1,0,0,1,0,1,0,0,1,0.460883589499202
"3192","C18192",1453,"P43",18,"S14","A32","A173","E72","A92","A101",1,26,"A152",1,1,"A201",0,0,0,1,1,0,0,0,0,0,1,0,1,1,0,1,1,0,0,0.106748718227311
"4295","C19295",1282,"P42",12,"S11","A32","A173","E73","A92","A101",4,20,"A151",1,1,"A201",1,0,0,1,0,0,1,0,0,0,0,1,1,1,1,1,1,0,1,0.571609313138525
"1320","C16320",1217,"P44",18,"S11","A32","A172","E73","A94","A101",3,47,"A152",1,1,"A201",1,0,1,0,0,0,1,0,0,0,0,1,0,1,0,1,0,0,1,0.456954021341531
"4095","C19095",3617,"P42",12,"S12","A34","A173","E75","A93","A101",4,28,"A151",3,1,"A201",0,0,0,1,0,0,0,1,0,1,0,0,0,1,1,1,1,0,1,0.22978088087814
"2906","C17906",3017,"P42",12,"S12","A32","A174","E72","A92","A101",1,34,"A151",1,1,"A201",0,0,0,0,0,0,0,1,0,0,1,0,1,1,1,1,0,0,0,0.456264374140192
"649","C15649",2273,"P46",36,"S12","A32","A173","E74","A93","A101",1,32,"A152",2,2,"A201",0,0,0,1,0,1,0,1,0,0,0,0,0,1,0,1,0,0,0,0.388762299723953
"1696","C16696",2171,"P40",12,"S11","A34","A172","E73","A93","A101",4,38,"A152",2,1,"A202",0,0,1,0,0,1,1,0,0,1,0,1,0,1,0,0,0,0,1,0.0929300020188221
"934","C15934",983,"P42",12,"S12","A32","A172","E72","A92","A101",4,19,"A151",1,1,"A201",0,0,1,0,0,0,0,1,0,0,1,0,1,1,1,1,1,0,1,0.54869949200642
"161","C15161",3568,"P43",15,"S14","A32","A174","E75","A92","A101",2,54,"A151",1,1,"A201",0,0,0,0,1,0,0,0,0,0,0,0,1,1,1,1,0,0,1,0.127302482926678
"2692","C17692",5381,"P50",48,"S12","A32","A171","E71","A93","A101",4,40,"A153",1,1,"A201",0,1,0,0,0,1,0,1,0,0,1,0,0,1,1,1,0,1,1,0.745876820508206
"1886","C16886",1275,"P42",10,"S13","A32","A173","E72","A92","A101",2,23,"A152",1,1,"A201",0,0,0,1,0,0,0,0,0,0,1,0,1,1,0,1,1,0,1,0.194369226750663
"3640","C18640",2570,"P40",27,"S14","A32","A173","E73","A92","A101",3,21,"A151",1,1,"A201",1,0,0,1,0,1,0,0,0,0,0,1,1,1,1,1,1,0,1,0.283423652199829
"3852","C18852",9960,"P42",48,"S12","A32","A173","E72","A92","A101",2,26,"A152",1,1,"A201",1,0,0,1,0,0,0,1,0,0,1,0,1,1,0,1,1,1,1,0.74079148175482
"345","C15345",1201,"P40",24,"S12","A32","A173","E72","A93","A101",1,26,"A152",1,1,"A201",0,0,0,1,0,1,0,1,0,0,1,0,0,1,0,1,1,0,0,0.392529331004056
"1862","C16862",1107,"P43",12,"S11","A32","A174","E73","A93","A101",2,20,"A151",1,2,"A201",0,0,0,0,1,0,1,0,0,0,0,1,0,1,1,1,1,0,1,0.348269432476528
"55","C15055",1412,"P49",12,"S14","A34","A174","E73","A92","A103",2,29,"A152",2,1,"A201",0,0,0,0,0,1,0,0,0,1,0,1,1,0,0,1,1,0,1,0.0462374547212916
"446","C15446",1223,"P40",12,"S12","A32","A173","E75","A91","A101",1,46,"A151",2,1,"A201",1,0,0,1,0,1,0,1,0,0,0,0,1,1,1,1,0,0,0,0.356480027043993
"2449","C17449",2212,"P42",20,"S11","A32","A173","E74","A93","A101",4,39,"A152",1,1,"A201",0,0,0,1,0,0,1,0,0,0,0,0,0,1,0,1,0,0,1,0.473516127421498
"419","C15419",1169,"P43",6,"S11","A34","A173","E75","A93","A101",4,67,"A152",2,1,"A201",0,0,0,1,1,0,1,0,0,1,0,0,0,1,0,1,0,0,1,0.136729738227268
"707","C15707",1168,"P40",12,"S11","A32","A172","E73","A94","A101",3,27,"A152",1,1,"A201",0,0,1,0,0,1,1,0,0,0,0,1,0,1,0,1,1,0,1,0.407975552284858
"4778","C19778",707,"P43",12,"S14","A32","A173","E73","A93","A101",2,30,"A152",2,1,"A201",0,0,0,1,1,0,0,0,0,0,0,1,0,1,0,1,0,0,1,0.0638255324815497
"852","C15852",2442,"P49",27,"S11","A34","A174","E75","A93","A101",4,43,"A152",4,2,"A201",0,0,0,0,0,1,1,0,0,1,0,0,0,1,0,1,0,0,1,0.366875074227521
"4307","C19307",975,"P42",15,"S11","A34","A173","E73","A91","A101",3,25,"A152",2,1,"A201",0,0,0,1,0,0,1,0,0,1,0,1,1,1,0,1,1,0,1,0.347952285056178
"84","C15084",1283,"P40",22,"S14","A32","A173","E74","A92","A101",4,25,"A151",1,1,"A201",0,0,0,1,0,1,0,0,0,0,0,0,1,1,1,1,1,0,1,0.250868951550081
"2462","C17462",2022,"P40",24,"S14","A34","A173","E73","A92","A101",4,37,"A152",1,1,"A201",0,0,0,1,0,1,0,0,0,1,0,1,1,1,0,1,0,0,1,0.114686042913361
"2615","C17615",1546,"P43",24,"S11","A31","A172","E74","A93","A103",4,24,"A151",1,1,"A201",1,0,1,0,1,0,1,0,1,0,0,0,0,0,1,1,1,0,1,0.537943818422217
"4088","C19088",4796,"P41",42,"S13","A34","A173","E75","A93","A101",4,56,"A153",1,1,"A201",0,0,0,1,1,0,0,0,0,1,0,0,0,1,1,1,0,0,1,0.117541254476156
"4184","C19184",2299,"P43",36,"S14","A32","A173","E75","A93","A101",4,39,"A152",1,1,"A201",0,0,0,1,1,0,0,0,0,0,0,0,0,1,0,1,0,0,1,0.131617683018143
"1192","C16192",2473,"P42",18,"S11","A32","A171","E71","A93","A101",1,25,"A152",1,1,"A201",1,1,0,0,0,0,1,0,0,0,1,0,0,1,0,1,1,0,0,0.468009926319775
"137","C15137",2039,"P43",24,"S12","A32","A173","E72","A94","A101",1,22,"A152",1,1,"A201",1,0,0,1,1,0,0,1,0,0,1,0,0,1,0,1,1,0,0,0.262171085515564
"979","C15979",2241,"P42",21,"S14","A32","A173","E75","A93","A101",2,50,"A152",2,1,"A201",0,0,0,1,0,0,0,0,0,0,0,0,0,1,0,1,0,0,1,0.143314138910187
"3903","C18903",2169,"P49",18,"S14","A33","A173","E73","A94","A101",2,28,"A152",1,1,"A201",1,0,0,1,0,1,0,0,0,0,0,1,0,1,0,1,1,0,1,0.131484434702704
"1009","C16009",1238,"P48",6,"S14","A32","A174","E71","A93","A101",4,36,"A152",1,2,"A201",0,0,0,0,1,0,0,0,0,0,1,0,0,1,0,1,0,0,1,0.0779814834325773
"4256","C19256",1532,"P46",15,"S14","A34","A173","E73","A92","A101",3,31,"A152",1,1,"A201",0,0,0,1,0,1,0,0,0,1,0,1,1,1,0,1,0,0,1,0.0875967466201952
"1433","C16433",1449,"P49",9,"S14","A32","A173","E74","A92","A101",2,27,"A152",2,1,"A201",0,0,0,1,0,1,0,0,0,0,0,0,1,1,0,1,1,0,1,0.133491013774429
"463","C15463",385,"P43",12,"S11","A34","A172","E74","A92","A101",3,58,"A152",4,1,"A201",0,0,1,0,1,0,1,0,0,1,0,0,1,1,0,1,0,0,1,0.209831867234025
"1462","C16462",6872,"P42",24,"S11","A31","A173","E72","A91","A101",1,55,"A152",1,1,"A201",1,0,0,1,0,0,1,0,1,0,1,0,1,1,0,1,0,1,0,0.794347343390925
"300","C15300",1670,"P43",9,"S12","A32","A173","E72","A92","A101",2,22,"A152",1,1,"A201",1,0,0,1,1,0,0,1,0,0,1,0,1,1,0,1,1,0,1,0.300235388768681
"1666","C16666",609,"P40",6,"S11","A34","A173","E74","A92","A101",3,37,"A152",2,1,"A202",0,0,0,1,0,1,1,0,0,1,0,0,1,1,0,0,0,0,1,0.103303181662644
"3814","C18814",3414,"P46",21,"S11","A33","A173","E72","A93","A101",1,26,"A152",2,1,"A201",1,0,0,1,0,1,1,0,0,0,1,0,0,1,0,1,1,0,0,0.492932822408665
"3418","C18418",999,"P43",24,"S14","A32","A173","E75","A93","A101",2,25,"A152",2,1,"A201",0,0,0,1,1,0,0,0,0,0,0,0,0,1,0,1,1,0,1,0.0922732073318229
"2874","C17874",930,"P43",12,"S14","A34","A173","E75","A93","A101",4,65,"A152",4,1,"A201",0,0,0,1,1,0,0,0,0,1,0,0,0,1,0,1,0,0,1,0.0336251372854894
"538","C15538",1967,"P43",24,"S12","A32","A173","E75","A92","A101",4,20,"A152",1,1,"A201",0,0,0,1,1,0,0,1,0,0,0,0,1,1,0,1,1,0,1,0.318182335484388
"1142","C16142",1534,"P43",12,"S12","A32","A173","E72","A94","A101",1,23,"A151",1,1,"A201",1,0,0,1,1,0,0,1,0,0,1,0,0,1,1,1,1,0,0,0.251530593703177
"3656","C18656",2096,"P46",12,"S14","A34","A172","E74","A93","A101",3,49,"A152",1,2,"A201",0,0,1,0,0,1,0,0,0,1,0,0,0,1,0,1,0,0,1,0.059510045437248
"3271","C18271",3622,"P42",30,"S11","A32","A173","E75","A92","A101",4,57,"A151",2,1,"A201",0,0,0,1,0,0,1,0,0,0,0,0,1,1,1,1,0,0,1,0.708396410851398
"3108","C18108",1984,"P42",18,"S14","A32","A173","E73","A93","A101",4,47,"A153",2,1,"A201",0,0,0,1,0,0,0,0,0,0,0,1,0,1,1,1,0,0,1,0.175927124975663
"2369","C17369",795,"P46",12,"S11","A32","A173","E72","A92","A101",4,53,"A152",1,1,"A201",1,0,0,1,0,1,1,0,0,0,1,0,1,1,0,1,0,0,1,0.589039548953361
"1673","C16673",9277,"P41",24,"S14","A32","A173","E73","A91","A101",4,48,"A153",1,1,"A201",0,0,0,1,1,0,0,0,0,0,0,1,1,1,1,1,0,1,1,0.164457531955865
"2316","C17316",4594,"P43",18,"S14","A32","A173","E72","A93","A101",2,32,"A152",1,1,"A201",0,0,0,1,1,0,0,0,0,0,1,0,0,1,0,1,0,0,1,0.111983879106501
"4231","C19231",3804,"P43",36,"S12","A30","A173","E73","A92","A101",1,42,"A152",1,1,"A201",1,0,0,1,1,0,0,1,1,0,0,1,1,1,0,1,0,0,0,0.557050023755356
"3789","C18789",6527,"P40",60,"S14","A32","A173","E73","A93","A101",4,34,"A153",1,2,"A201",0,0,0,1,0,1,0,0,0,0,0,1,0,1,1,1,0,1,1,0.463544089646843
"4584","C19584",1950,"P49",18,"S14","A32","A173","E74","A93","A101",1,34,"A152",2,1,"A201",0,0,0,1,0,1,0,0,0,0,0,0,0,1,0,1,0,0,0,0.0946012081483947
"1676","C16676",1364,"P40",10,"S14","A32","A173","E73","A92","A101",4,64,"A152",1,1,"A201",0,0,0,1,0,1,0,0,0,0,0,1,1,1,0,1,0,0,1,0.137388697205438
"2926","C17926",662,"P40",6,"S11","A32","A172","E72","A93","A101",4,41,"A152",1,2,"A201",0,0,1,0,0,1,1,0,0,0,1,0,0,1,0,1,0,0,1,0.460883589499202
"513","C15513",2812,"P41",24,"S11","A32","A173","E75","A92","A101",4,26,"A151",1,1,"A201",0,0,0,1,1,0,1,0,0,0,0,0,1,1,1,1,1,0,1,0.522449149705247
"3156","C18156",2212,"P42",20,"S11","A32","A173","E74","A93","A101",4,39,"A152",1,1,"A201",0,0,0,1,0,0,1,0,0,0,0,0,0,1,0,1,0,0,1,0.473516127421498
"2852","C17852",11560,"P41",24,"S12","A32","A174","E73","A92","A101",4,23,"A151",2,1,"A201",1,0,0,0,1,0,0,1,0,0,0,1,1,1,1,1,1,1,1,0.396892556433756
"2475","C17475",2255,"P40",24,"S14","A32","A173","E72","A93","A101",1,54,"A152",1,1,"A201",0,0,0,1,0,1,0,0,0,0,1,0,0,1,0,1,0,0,0,0.161963361336239
"3865","C18865",2150,"P40",30,"S12","A32","A173","E73","A92","A103",2,24,"A152",1,1,"A201",1,0,0,1,0,1,0,1,0,0,0,1,1,0,0,1,1,0,1,0.366373171068568
"3623","C18623",937,"P48",24,"S14","A32","A172","E72","A94","A101",3,27,"A152",2,1,"A201",0,0,1,0,1,0,0,0,0,0,1,0,0,1,0,1,1,0,1,0.133436982360318
"14","C15014",5045,"P40",15,"S14","A34","A173","E75","A92","A101",4,59,"A152",1,1,"A201",0,0,0,1,0,1,0,0,0,1,0,0,1,1,0,1,0,1,1,0.0875967466201952
"995","C15995",1453,"P43",18,"S14","A32","A173","E72","A92","A101",1,26,"A152",1,1,"A201",0,0,0,1,1,0,0,0,0,0,1,0,1,1,0,1,1,0,0,0.106748718227311
"1714","C16714",741,"P44",12,"S11","A32","A173","E71","A92","A101",3,22,"A152",1,1,"A201",1,0,0,1,0,0,1,0,0,0,1,0,1,1,0,1,1,0,1,0.589039548953361
"1638","C16638",585,"P43",12,"S12","A33","A173","E73","A94","A102",4,20,"A151",2,1,"A201",0,0,0,1,1,0,0,1,0,0,0,1,0,1,1,1,1,0,1,0.243250300716496
"2198","C17198",7865,"P42",12,"S11","A32","A174","E75","A93","A101",4,53,"A153",1,1,"A201",1,0,0,0,0,0,1,0,0,0,0,0,0,1,1,1,0,1,1,0.492842296808832
"3511","C18511",1494,"P40",4,"S13","A32","A172","E72","A93","A101",2,29,"A152",1,2,"A202",0,0,1,0,0,1,0,0,0,0,1,0,0,1,0,0,1,0,1,0.0402311313257749
"4726","C19726",4280,"P49",30,"S12","A30","A172","E73","A92","A101",4,26,"A151",2,1,"A201",1,0,1,0,0,1,0,1,1,0,0,1,1,1,1,1,1,0,1,0.792819786319281
"3632","C18632",1953,"P49",36,"S12","A30","A174","E75","A93","A101",4,61,"A153",1,1,"A201",1,0,0,0,0,1,0,1,1,0,0,0,0,1,1,1,0,0,1,0.772886705061983
"2792","C17792",1950,"P49",18,"S14","A32","A173","E74","A93","A101",1,34,"A152",2,1,"A201",0,0,0,1,0,1,0,0,0,0,0,0,0,1,0,1,0,0,0,0.0946012081483947
"4418","C19418",3914,"P49",48,"S14","A32","A173","E73","A91","A101",2,38,"A152",1,1,"A201",1,0,0,1,0,1,0,0,0,0,0,1,1,1,0,1,0,0,1,0.360730078596737
"1416","C16416",2728,"P43",15,"S12","A34","A173","E74","A93","A103",2,35,"A152",3,1,"A201",0,0,0,1,1,0,0,1,0,1,0,0,0,0,0,1,0,0,1,0.0669298240600406
"990","C15990",12389,"P40",36,"S12","A32","A173","E73","A93","A101",4,37,"A153",1,1,"A201",1,0,0,1,0,1,0,1,0,0,0,1,0,1,1,1,0,1,1,0.565127458883794
"1870","C16870",1007,"P40",12,"S12","A32","A173","E73","A94","A101",1,22,"A152",1,1,"A201",0,0,0,1,0,1,0,1,0,0,0,1,0,1,0,1,1,0,0,0.222451716323391
"1268","C16268",6078,"P40",12,"S12","A32","A173","E74","A93","A101",2,32,"A152",1,1,"A201",0,0,0,1,0,1,0,1,0,0,0,0,0,1,0,1,0,1,1,0.293047773292849
"618","C15618",3621,"P43",24,"S14","A32","A173","E75","A93","A101",4,31,"A152",2,1,"A201",1,0,0,1,1,0,0,0,0,0,0,0,0,1,0,1,0,0,1,0.0922732073318229
"1215","C16215",797,"P43",12,"S14","A34","A172","E75","A92","A101",3,33,"A152",1,2,"A201",1,0,1,0,1,0,0,0,0,1,0,0,1,1,0,1,0,0,1,0.0455978313401185
"4440","C19440",1308,"P45",15,"S12","A32","A172","E75","A93","A101",4,38,"A152",2,1,"A201",0,0,1,0,0,1,0,1,0,0,0,0,0,1,0,1,0,0,1,0.314155526700482
"689","C15689",684,"P46",12,"S11","A32","A172","E73","A93","A101",4,40,"A151",1,2,"A201",1,0,1,0,0,1,1,0,0,0,0,1,0,1,1,1,0,0,1,0.492842296808832
"1480","C16480",1905,"P46",15,"S13","A32","A174","E75","A93","A101",4,40,"A151",1,1,"A201",0,0,0,0,0,1,0,0,0,0,0,0,0,1,1,1,0,0,1,0.161914208802844
"3239","C18239",3850,"P41",18,"S14","A34","A173","E74","A93","A101",1,27,"A152",2,1,"A201",0,0,0,1,1,0,0,0,0,1,0,0,0,1,0,1,1,0,0,0.0284883880339289
"564","C15564",3062,"P42",24,"S14","A32","A173","E75","A93","A101",3,32,"A151",1,1,"A201",0,0,0,1,0,0,0,0,0,0,0,0,0,1,1,1,0,0,1,0.20677762631139
"1698","C16698",1024,"P43",24,"S11","A33","A173","E72","A94","A101",4,48,"A152",1,1,"A201",1,0,0,1,1,0,1,0,0,0,1,0,0,1,0,1,0,0,1,0.461173401712056
"1913","C16913",1804,"P41",12,"S12","A34","A173","E72","A93","A101",4,44,"A152",1,1,"A201",0,0,0,1,1,0,0,1,0,1,1,0,0,1,0,1,0,0,1,0.149822392595267
"2072","C17072",1076,"P49",12,"S14","A32","A173","E73","A94","A101",2,26,"A152",1,1,"A202",0,0,0,1,0,1,0,0,0,0,0,1,0,1,0,0,1,0,1,0.0348567560931014
"3897","C18897",2799,"P40",9,"S11","A34","A173","E73","A93","A101",2,36,"A151",2,2,"A201",0,0,0,1,0,1,1,0,0,1,0,1,0,1,1,1,0,0,1,0.309784527350269
"264","C15264",3062,"P42",24,"S14","A32","A173","E75","A93","A101",3,32,"A151",1,1,"A201",0,0,0,1,0,0,0,0,0,0,0,0,0,1,1,1,0,0,1,0.20677762631139
"4746","C19746",9398,"P41",36,"S12","A32","A174","E72","A94","A101",4,28,"A151",1,1,"A201",1,0,0,0,1,0,0,1,0,0,1,0,0,1,1,1,1,1,1,0.519804726733948
"2479","C17479",1837,"P46",24,"S12","A31","A172","E74","A92","A101",4,34,"A153",1,1,"A201",1,0,1,0,0,1,0,1,1,0,0,0,1,1,1,1,0,0,1,0.758097538822115
"4980","C19980",1108,"P45",12,"S11","A30","A173","E74","A93","A101",3,28,"A152",2,1,"A201",1,0,0,1,0,1,1,0,1,0,0,0,0,1,0,1,1,0,1,0.643444182976917
"1729","C16729",1819,"P46",36,"S14","A32","A173","E73","A93","A101",4,37,"A153",1,1,"A201",1,0,0,1,0,1,0,0,0,0,0,1,0,1,1,1,0,0,1,0.279891326240207
"3260","C18260",4817,"P40",24,"S11","A32","A173","E74","A93","A102",3,31,"A152",1,1,"A201",1,0,0,1,0,1,1,0,0,0,0,0,0,1,0,1,0,0,1,0.506779146574888
"2932","C17932",802,"P43",15,"S12","A32","A173","E75","A93","A101",3,37,"A152",1,2,"A201",1,0,0,1,1,0,0,1,0,0,0,0,0,1,0,1,0,0,1,0.201204241649179
"2450","C17450",5003,"P40",21,"S14","A30","A173","E73","A92","A101",4,29,"A152",2,1,"A201",1,0,0,1,0,1,0,0,1,0,0,1,1,1,0,1,1,1,1,0.375593484282728
"3109","C18109",4795,"P43",36,"S12","A32","A174","E72","A92","A101",1,30,"A152",1,1,"A201",0,0,0,0,1,0,0,1,0,0,1,0,1,1,0,1,0,0,0,0.421113789473472
"195","C15195",3972,"P42",24,"S14","A32","A173","E74","A92","A101",4,25,"A151",1,1,"A201",0,0,0,1,0,0,0,0,0,0,0,0,1,1,1,1,1,0,1,0.263587169048441
"1503","C16503",1721,"P40",15,"S11","A32","A173","E72","A93","A101",3,36,"A152",1,1,"A201",0,0,0,1,0,1,1,0,0,0,1,0,0,1,0,1,0,0,1,0.535641489004973
"970","C15970",2578,"P43",24,"S14","A34","A173","E75","A93","A101",2,34,"A152",1,1,"A201",0,0,0,1,1,0,0,0,0,1,0,0,0,1,0,1,0,0,1,0.0493213537580633
"1221","C16221",3124,"P40",12,"S12","A34","A172","E72","A93","A101",3,49,"A152",2,2,"A201",0,0,1,0,0,1,0,1,0,1,1,0,0,1,0,1,0,0,1,0.242692774161895
"1233","C16233",1647,"P40",21,"S11","A31","A172","E73","A93","A101",2,40,"A152",2,2,"A201",1,0,1,0,0,1,1,0,1,0,0,1,0,1,0,1,0,0,1,0.708877518486553
"2065","C17065",4006,"P40",28,"S11","A32","A172","E73","A93","A101",2,45,"A152",1,1,"A201",1,0,1,0,0,1,1,0,0,0,0,1,0,1,0,1,0,0,1,0.539982257662508
"4667","C19667",1050,"P42",6,"S12","A33","A174","E71","A93","A101",1,35,"A152",2,1,"A201",0,0,0,0,0,0,0,1,0,0,1,0,0,1,0,1,0,0,0,0.261945535384495
"4115","C19115",759,"P40",12,"S11","A32","A173","E74","A93","A101",2,26,"A152",1,1,"A201",1,0,0,1,0,1,1,0,0,0,0,0,0,1,0,1,1,0,1,0.407975552284858
"4660","C19660",2333,"P43",30,"S14","A32","A174","E75","A93","A101",2,30,"A152",1,1,"A201",0,0,0,0,1,0,0,0,0,0,0,0,0,1,0,1,0,0,1,0.110419804040948
"4370","C19370",14318,"P40",36,"S12","A32","A174","E75","A93","A101",2,57,"A153",1,1,"A201",1,0,0,0,0,1,0,1,0,0,0,0,0,1,1,1,0,1,1,0.565127458883794
"4139","C19139",3092,"P43",24,"S12","A32","A173","E72","A94","A101",2,22,"A151",1,1,"A201",1,0,0,1,1,0,0,1,0,0,1,0,0,1,1,1,1,0,1,0.420627359939678
"3806","C18806",15672,"P49",48,"S12","A32","A173","E73","A93","A101",2,23,"A152",1,1,"A201",1,0,0,1,0,1,0,1,0,0,0,1,0,1,0,1,1,1,1,0.578775649954521
"2877","C17877",1778,"P40",15,"S12","A30","A171","E72","A92","A101",1,26,"A151",2,1,"A201",1,1,0,0,0,1,0,1,1,0,1,0,1,1,1,1,1,0,0,0.708303575180756
"3587","C18587",1444,"P43",15,"S12","A32","A173","E72","A93","A101",1,23,"A152",1,1,"A201",0,0,0,1,1,0,0,1,0,0,1,0,0,1,0,1,1,0,0,0.208447518939315
"1116","C16116",3566,"P49",48,"S12","A31","A173","E74","A93","A101",2,30,"A152",1,1,"A201",0,0,0,1,0,1,0,1,1,0,0,0,0,1,0,1,0,0,1,0.782523728830962
"1452","C16452",10477,"P41",36,"S14","A34","A173","E75","A93","A101",4,42,"A153",2,1,"A201",0,0,0,1,1,0,0,0,0,1,0,0,0,1,1,1,0,1,1,0.0983537017337522
"4174","C19174",3844,"P49",48,"S12","A30","A172","E74","A93","A101",4,34,"A153",1,2,"A201",1,0,1,0,0,1,0,1,1,0,0,0,0,1,1,1,0,0,1,0.835365626780607
"634","C15634",4933,"P43",39,"S12","A34","A173","E74","A93","A103",2,25,"A152",2,1,"A201",1,0,0,1,1,0,0,1,0,1,0,0,0,0,0,1,1,0,1,0.137534792128403
"2739","C17739",7814,"P41",24,"S14","A32","A174","E74","A93","A101",3,38,"A152",1,1,"A201",0,0,0,0,1,0,0,0,0,0,0,0,0,1,0,1,0,1,1,0.0922732073318229
"1273","C16273",1516,"P43",24,"S14","A34","A172","E73","A92","A101",1,43,"A152",2,1,"A201",0,0,1,0,1,0,0,0,0,1,0,1,1,1,0,1,0,0,0,0.0468610309572464
"693","C15693",3108,"P42",30,"S11","A32","A172","E72","A91","A101",4,31,"A152",1,1,"A201",1,0,1,0,0,0,1,0,0,0,1,0,1,1,0,1,0,0,1,0.722958545680159
"843","C15843",836,"P40",12,"S12","A32","A172","E72","A92","A101",2,23,"A152",1,1,"A201",1,0,1,0,0,1,0,1,0,0,1,0,1,1,0,1,1,0,1,0.462995180513842
"1750","C16750",2051,"P43",18,"S14","A32","A173","E72","A93","A101",1,33,"A152",1,1,"A201",0,0,0,1,1,0,0,0,0,0,1,0,0,1,0,1,0,0,0,0.0800665478439158
"1917","C16917",4454,"P43",36,"S14","A33","A173","E73","A92","A101",4,34,"A152",2,1,"A201",0,0,0,1,1,0,0,0,0,0,0,1,1,1,0,1,0,0,1,0.172262330608823
"1504","C16504",7882,"P42",42,"S11","A32","A173","E74","A93","A103",4,45,"A153",1,2,"A201",0,0,0,1,0,0,1,0,0,0,0,0,0,0,1,1,0,1,1,0.595462245953076
"4513","C19513",522,"P43",12,"S14","A34","A173","E75","A93","A101",4,42,"A152",2,2,"A201",0,0,0,1,1,0,0,0,0,1,0,0,0,1,0,1,0,0,1,0.0336251372854894
"4546","C19546",6224,"P46",48,"S12","A33","A173","E75","A93","A101",4,50,"A153",1,1,"A201",1,0,0,1,0,1,0,1,0,0,0,0,0,1,1,1,0,1,1,0.659587662226173
"4151","C19151",10875,"P40",36,"S14","A33","A173","E75","A93","A101",2,45,"A152",2,2,"A201",0,0,0,1,0,1,0,0,0,0,0,0,0,1,0,1,0,1,1,0.216071467193813
"2831","C17831",1323,"P40",6,"S13","A34","A173","E75","A91","A101",4,28,"A152",2,2,"A201",0,0,0,1,0,1,0,0,0,1,0,0,1,1,0,1,1,0,1,0.0664259560930571
"997","C15997",3939,"P40",11,"S11","A34","A172","E73","A93","A101",2,40,"A152",2,2,"A201",0,0,1,0,0,1,1,0,0,1,0,1,0,1,0,1,0,0,1,0.253835764803993
"650","C15650",2389,"P43",18,"S11","A32","A173","E72","A92","A101",1,27,"A152",1,1,"A201",0,0,0,1,1,0,1,0,0,0,1,0,1,1,0,1,1,0,0,0.399126871311046
"2428","C17428",6199,"P43",12,"S11","A30","A173","E73","A93","A101",2,28,"A151",2,1,"A201",1,0,0,1,1,0,1,0,1,0,0,1,0,1,1,1,1,1,1,0.583225924071514
"1223","C16223",6842,"P41",24,"S14","A34","A174","E73","A93","A101",4,46,"A152",2,2,"A201",0,0,0,0,1,0,0,0,0,1,0,1,0,1,0,1,0,1,1,0.0493213537580633
"37","C15037",7472,"P40",12,"S12","A32","A171","E71","A92","A101",2,24,"A151",1,1,"A201",0,1,0,0,0,1,0,1,0,0,1,0,1,1,1,1,1,1,1,0.54869949200642
"2473","C17473",6229,"P42",36,"S11","A34","A172","E72","A92","A102",4,23,"A151",2,1,"A201",1,0,1,0,0,0,1,0,0,1,1,0,1,1,1,1,1,1,1,0.696353399720657
"982","C15982",18424,"P50",48,"S12","A30","A174","E73","A92","A101",2,32,"A152",1,1,"A202",1,0,0,0,0,1,0,1,1,0,0,1,1,1,0,0,0,1,1,0.590028780026911
"22","C15022",4591,"P49",24,"S14","A32","A174","E73","A93","A101",3,54,"A152",3,1,"A201",1,0,0,0,0,1,0,0,0,0,0,1,0,1,0,1,0,0,1,0.156016974968144
"2568","C17568",1516,"P43",24,"S14","A34","A172","E73","A92","A101",1,43,"A152",2,1,"A201",0,0,1,0,1,0,0,0,0,1,0,1,1,1,0,1,0,0,0,0.0468610309572464
"989","C15989",7127,"P42",36,"S14","A34","A173","E72","A92","A101",4,23,"A151",2,1,"A201",1,0,0,1,0,0,0,0,0,1,1,0,1,1,1,1,1,1,1,0.292082130655292
"2580","C17580",1285,"P40",24,"S11","A32","A173","E74","A92","A101",4,32,"A151",1,1,"A201",1,0,0,1,0,1,1,0,0,0,0,0,1,1,1,1,0,0,1,0.665494948733669
"366","C15366",2578,"P43",24,"S14","A34","A173","E75","A93","A101",2,34,"A152",1,1,"A201",0,0,0,1,1,0,0,0,0,1,0,0,0,1,0,1,0,0,1,0.0493213537580633
"1470","C16470",1213,"P43",15,"S14","A32","A173","E75","A93","A101",3,47,"A152",1,1,"A201",0,0,0,1,1,0,0,0,0,0,0,0,0,1,0,1,0,0,1,0.070058972687681
"2076","C17076",4796,"P41",42,"S13","A34","A173","E75","A93","A101",4,56,"A153",1,1,"A201",0,0,0,1,1,0,0,0,0,1,0,0,0,1,1,1,0,0,1,0.117541254476156
"507","C15507",1901,"P43",24,"S14","A32","A174","E73","A93","A101",4,29,"A151",1,1,"A201",0,0,0,0,1,0,0,0,0,0,0,1,0,1,1,1,1,0,1,0.125375467595293
"1856","C16856",3573,"P43",12,"S12","A34","A172","E73","A92","A101",1,23,"A152",1,1,"A201",0,0,1,0,1,0,0,1,0,1,0,1,1,1,0,1,1,0,0,0.0992993296545254
"2996","C17996",5152,"P43",24,"S13","A32","A173","E74","A93","A101",2,25,"A152",1,1,"A201",0,0,0,1,1,0,0,0,0,0,0,0,0,1,0,1,1,1,1,0.0922732073318229
"27","C15027",6110,"P46",48,"S14","A34","A173","E73","A93","A101",3,31,"A153",1,1,"A201",0,0,0,1,0,1,0,0,0,1,0,1,0,1,1,1,0,1,1,0.228258454914672
"671","C15671",5179,"P42",36,"S11","A32","A173","E74","A93","A101",2,29,"A152",1,1,"A201",1,0,0,1,0,0,1,0,0,0,0,0,0,1,0,1,1,1,1,0.605056033985848
"4535","C19535",7253,"P41",33,"S14","A34","A174","E74","A93","A101",2,35,"A152",2,1,"A201",0,0,0,0,1,0,0,0,0,1,0,0,0,1,0,1,0,1,1,0.0654227168880589
"2416","C17416",1533,"P43",24,"S14","A32","A173","E72","A92","A101",3,38,"A152",1,1,"A201",0,0,0,1,1,0,0,0,0,0,1,0,1,1,0,1,0,0,1,0.174530529349893
"3818","C18818",3959,"P42",36,"S11","A32","A174","E71","A93","A101",3,30,"A152",1,1,"A201",0,0,0,0,0,0,1,0,0,0,1,0,0,1,0,1,0,0,1,0.698857080144844
"4921","C19921",674,"P43",12,"S11","A32","A173","E74","A94","A101",1,20,"A152",1,1,"A201",1,0,0,1,1,0,1,0,0,0,0,0,0,1,0,1,1,0,0,0.207317560786419
"1420","C16420",2210,"P42",10,"S14","A32","A172","E73","A93","A101",2,25,"A151",1,1,"A201",1,0,1,0,0,0,0,0,0,0,0,1,0,1,1,1,1,0,1,0.140578302526999
"3603","C18603",2051,"P43",18,"S14","A32","A173","E72","A93","A101",1,33,"A152",1,1,"A201",0,0,0,1,1,0,0,0,0,0,1,0,0,1,0,1,0,0,0,0.0800665478439158
"2344","C17344",1919,"P43",30,"S12","A33","A174","E72","A93","A101",3,30,"A152",2,1,"A201",1,0,0,0,1,0,0,1,0,0,1,0,0,1,0,1,0,0,1,0.385995392611086
"1905","C16905",2279,"P43",12,"S14","A32","A173","E73","A93","A101",4,37,"A153",1,1,"A201",0,0,0,1,1,0,0,0,0,0,0,1,0,1,1,1,0,0,1,0.087708508835187
"4372","C19372",3398,"P40",8,"S11","A34","A172","E74","A93","A101",4,39,"A152",2,1,"A202",0,0,1,0,0,1,1,0,0,1,0,0,0,1,0,0,0,0,1,0.0822979892965397
"4185","C19185",3651,"P40",12,"S11","A32","A173","E73","A93","A101",3,31,"A152",1,2,"A201",0,0,0,1,0,1,1,0,0,0,0,1,0,1,0,1,0,0,1,0.407975552284858
"2814","C17814",1412,"P49",12,"S14","A34","A174","E73","A92","A103",2,29,"A152",2,1,"A201",0,0,0,0,0,1,0,0,0,1,0,1,1,0,0,1,1,0,1,0.0462374547212916
"3491","C18491",8133,"P41",36,"S14","A32","A173","E73","A92","A101",2,30,"A152",1,1,"A201",0,0,0,1,1,0,0,0,0,0,0,1,1,1,0,1,0,1,1,0.172262330608823
"811","C15811",1927,"P46",24,"S14","A34","A173","E73","A92","A101",2,33,"A152",2,1,"A201",0,0,0,1,0,1,0,0,0,1,0,1,1,1,0,1,0,0,1,0.114686042913361
"3470","C18470",2255,"P40",24,"S14","A32","A173","E72","A93","A101",1,54,"A152",1,1,"A201",0,0,0,1,0,1,0,0,0,0,1,0,0,1,0,1,0,0,0,0.161963361336239
"2970","C17970",1409,"P43",13,"S14","A32","A173","E71","A92","A101",4,64,"A152",1,1,"A201",0,0,0,1,1,0,0,0,0,0,1,0,1,1,0,1,0,0,1,0.127858969936445
"1908","C16908",2394,"P43",36,"S14","A32","A173","E73","A92","A101",4,25,"A152",1,1,"A201",0,0,0,1,1,0,0,0,0,0,0,1,1,1,0,1,1,0,1,0.172262330608823
"2827","C17827",1209,"P40",6,"S12","A33","A174","E71","A93","A101",4,47,"A152",1,1,"A201",1,0,0,0,0,1,0,1,0,0,1,0,0,1,0,1,0,0,1,0.339601000401777
"4742","C19742",2579,"P40",12,"S11","A32","A172","E72","A93","A101",1,33,"A152",1,2,"A201",1,0,1,0,0,1,1,0,0,0,1,0,0,1,0,1,0,0,0,0.418760243525794
"1748","C16748",1743,"P43",24,"S12","A34","A172","E75","A93","A101",2,48,"A152",2,1,"A201",0,0,1,0,1,0,0,1,0,1,0,0,0,1,0,1,0,0,1,0.147817799794763
"3803","C18803",2223,"P43",24,"S14","A34","A173","E75","A93","A101",4,52,"A152",2,1,"A201",0,0,0,1,1,0,0,0,0,1,0,0,0,1,0,1,0,0,1,0.0493213537580633
"32","C15032",2782,"P40",21,"S14","A32","A174","E74","A92","A101",2,31,"A152",1,1,"A201",0,0,0,0,0,1,0,0,0,0,0,0,1,1,0,1,0,0,1,0.18679379721218
"2240","C17240",2775,"P40",18,"S14","A34","A173","E74","A93","A101",2,31,"A152",2,1,"A201",1,0,0,1,0,1,0,0,0,1,0,0,0,1,0,1,0,0,1,0.071722489173589
"2784","C17784",5842,"P41",36,"S14","A34","A173","E75","A93","A101",2,35,"A152",2,2,"A201",0,0,0,1,1,0,0,0,0,1,0,0,0,1,0,1,0,1,1,0.0718001806269258
"3497","C18497",1880,"P43",18,"S11","A34","A174","E74","A94","A101",1,32,"A152",2,1,"A201",0,0,0,0,1,0,1,0,0,1,0,0,0,1,0,1,0,0,0,0.140146847302124
"4855","C19855",3001,"P42",18,"S12","A32","A173","E74","A92","A101",4,40,"A151",1,1,"A201",0,0,0,1,0,0,0,1,0,0,0,0,1,1,1,1,0,0,1,0.494965878982137
"1590","C16590",1582,"P43",18,"S14","A34","A173","E75","A93","A101",4,46,"A152",2,1,"A201",0,0,0,1,1,0,0,0,0,1,0,0,0,1,0,1,0,0,1,0.0407557644486945
"4169","C19169",1459,"P43",15,"S14","A34","A172","E73","A92","A101",2,43,"A152",1,1,"A201",0,0,1,0,1,0,0,0,0,1,0,1,1,1,0,1,0,0,1,0.0501464422049786
"1497","C16497",1282,"P43",24,"S11","A32","A172","E73","A92","A101",2,32,"A152",1,1,"A201",1,0,1,0,1,0,1,0,0,0,0,1,1,1,0,1,0,0,1,0.436875889591206
"2140","C17140",7253,"P41",33,"S14","A34","A174","E74","A93","A101",2,35,"A152",2,1,"A201",0,0,0,0,1,0,0,0,0,1,0,0,0,1,0,1,0,1,1,0.0654227168880589
"863","C15863",3812,"P41",15,"S14","A32","A173","E72","A92","A101",4,23,"A152",1,1,"A201",0,0,0,1,1,0,0,0,0,0,1,0,1,1,0,1,1,0,1,0.135468711415615
"985","C15985",1240,"P40",10,"S13","A32","A172","E75","A92","A101",4,48,"A153",1,2,"A201",1,0,1,0,0,1,0,0,0,0,0,0,1,1,1,1,0,0,1,0.18340563967566
"4879","C19879",1715,"P43",30,"S12","A32","A173","E73","A92","A101",1,26,"A152",1,1,"A201",0,0,0,1,1,0,0,1,0,0,0,1,1,1,0,1,1,0,0,0.28227262700841
"4817","C19817",2743,"P43",28,"S14","A34","A173","E75","A93","A101",2,29,"A152",2,1,"A201",0,0,0,1,1,0,0,0,0,1,0,0,0,1,0,1,1,0,1,0.0559528895224646
"4425","C19425",1409,"P43",13,"S14","A32","A173","E71","A92","A101",4,64,"A152",1,1,"A201",0,0,0,1,1,0,0,0,0,0,1,0,1,1,0,1,0,0,1,0.127858969936445
"4127","C19127",1808,"P42",18,"S14","A33","A173","E74","A92","A101",1,22,"A152",1,1,"A201",1,0,0,1,0,0,0,0,0,0,0,0,1,1,0,1,1,0,0,0.125466441403602
"1147","C16147",3108,"P42",30,"S11","A32","A172","E72","A91","A101",4,31,"A152",1,1,"A201",1,0,1,0,0,0,1,0,0,0,1,0,1,1,0,1,0,0,1,0.722958545680159
"4168","C19168",691,"P40",12,"S11","A34","A173","E75","A93","A101",3,35,"A152",2,1,"A201",1,0,0,1,0,1,1,0,0,1,0,0,0,1,0,1,0,0,1,0.260192163467025
"3512","C18512",2278,"P40",18,"S12","A30","A173","E72","A92","A101",3,28,"A152",2,1,"A201",1,0,0,1,0,1,0,1,1,0,1,0,1,1,0,1,1,0,1,0.733826486670924
"1004","C16004",685,"P40",12,"S12","A32","A172","E74","A94","A101",3,25,"A152",1,1,"A201",1,0,1,0,0,1,0,1,0,0,0,0,0,1,0,1,1,0,1,0.293047773292849
"4153","C19153",2241,"P40",10,"S11","A34","A172","E72","A93","A101",3,48,"A151",2,2,"A202",0,0,1,0,0,1,1,0,0,1,1,0,0,1,1,0,0,0,1,0.16995340270996
"1909","C16909",996,"P45",12,"S14","A34","A173","E74","A92","A101",4,23,"A152",2,1,"A201",0,0,0,1,0,1,0,0,0,1,0,0,1,1,0,1,1,0,1,0.0799370288159394
"2645","C17645",1880,"P43",18,"S11","A34","A174","E74","A94","A101",1,32,"A152",2,1,"A201",0,0,0,0,1,0,1,0,0,1,0,0,0,1,0,1,0,0,0,0.140146847302124
"1365","C16365",2745,"P42",21,"S12","A34","A173","E74","A93","A101",2,32,"A152",2,1,"A201",0,0,0,1,0,0,0,1,0,1,0,0,0,1,0,1,0,0,1,0.22206676980201
"315","C15315",4280,"P49",30,"S12","A30","A172","E73","A92","A101",4,26,"A151",2,1,"A201",1,0,1,0,0,1,0,1,1,0,0,1,1,1,1,1,1,0,1,0.792819786319281
"4148","C19148",1024,"P43",24,"S11","A33","A173","E72","A94","A101",4,48,"A152",1,1,"A201",1,0,0,1,1,0,1,0,0,0,1,0,0,1,0,1,0,0,1,0.461173401712056
"2921","C17921",8133,"P41",36,"S14","A32","A173","E73","A92","A101",2,30,"A152",1,1,"A201",0,0,0,1,1,0,0,0,0,0,0,1,1,1,0,1,0,1,1,0.172262330608823
"3057","C18057",3399,"P43",12,"S13","A32","A174","E75","A93","A101",3,37,"A152",1,1,"A201",0,0,0,0,1,0,0,0,0,0,0,0,0,1,0,1,0,0,1,0.0638255324815497
"1697","C16697",8133,"P41",36,"S14","A32","A173","E73","A92","A101",2,30,"A152",1,1,"A201",0,0,0,1,1,0,0,0,0,0,0,1,1,1,0,1,0,1,1,0.172262330608823
"626","C15626",1520,"P42",15,"S14","A34","A173","E75","A93","A101",4,63,"A152",1,1,"A201",0,0,0,1,0,0,0,0,0,1,0,0,0,1,0,1,0,0,1,0.0653514403173541
"3434","C18434",1526,"P41",12,"S11","A34","A174","E75","A93","A101",4,66,"A153",2,1,"A201",0,0,0,0,1,0,1,0,0,1,0,0,0,1,1,1,0,0,1,0.214285514660529
"149","C15149",6229,"P42",36,"S11","A34","A172","E72","A92","A102",4,23,"A151",2,1,"A201",1,0,1,0,0,0,1,0,0,1,1,0,1,1,1,1,1,1,1,0.696353399720657
"4070","C19070",4210,"P43",36,"S13","A32","A173","E73","A93","A101",2,26,"A152",1,1,"A201",1,0,0,1,1,0,0,0,0,0,0,1,0,1,0,1,1,0,1,0.131617683018143
"3947","C18947",1126,"P43",18,"S14","A32","A173","E72","A92","A101",2,21,"A151",1,1,"A201",0,0,0,1,1,0,0,0,0,0,1,0,1,1,1,1,1,0,1,0.196253906429319
"4415","C19415",7596,"P41",30,"S14","A34","A173","E75","A93","A101",4,63,"A152",2,1,"A201",0,0,0,1,1,0,0,0,0,1,0,0,0,1,0,1,0,1,1,0.0595753570931899
"142","C15142",7418,"P43",60,"S12","A33","A172","E73","A93","A101",1,27,"A152",1,1,"A201",0,0,1,0,1,0,0,1,0,0,0,1,0,1,0,1,1,1,0,0.437424305524836
"3883","C18883",8358,"P40",48,"S12","A30","A173","E72","A92","A101",1,30,"A152",2,1,"A201",0,0,0,1,0,1,0,1,1,0,1,0,1,1,0,1,0,1,0,0.837801906877505
"1481","C16481",2520,"P43",27,"S12","A34","A172","E73","A93","A101",2,23,"A152",2,1,"A201",1,0,1,0,1,0,0,1,0,1,0,1,0,1,0,1,1,0,1,0.1608448752195
"2882","C17882",1804,"P41",12,"S12","A34","A173","E72","A93","A101",4,44,"A152",1,1,"A201",0,0,0,1,1,0,0,1,0,1,1,0,0,1,0,1,0,0,1,0.149822392595267
"3398","C18398",2108,"P43",6,"S14","A32","A173","E74","A94","A101",2,29,"A151",1,1,"A201",0,0,0,1,1,0,0,0,0,0,0,0,0,1,1,1,1,0,1,0.0729880922234015
"344","C15344",717,"P43",12,"S14","A34","A173","E75","A93","A101",4,52,"A152",3,1,"A201",0,0,0,1,1,0,0,0,0,1,0,0,0,1,0,1,0,0,1,0.0336251372854894
"1971","C16971",5954,"P43",30,"S14","A34","A173","E74","A93","A102",2,38,"A152",1,1,"A201",0,0,0,1,1,0,0,0,0,1,0,0,0,1,0,1,0,1,1,0.0595753570931899
"4999","C19999",2622,"P49",18,"S12","A32","A173","E73","A93","A101",4,34,"A152",1,1,"A201",0,0,0,1,0,1,0,1,0,0,0,1,0,1,0,1,0,0,1,0.336060911421833
"2515","C17515",2384,"P43",24,"S11","A32","A172","E75","A93","A101",4,64,"A151",1,1,"A201",0,0,1,0,1,0,1,0,0,0,0,0,0,1,1,1,0,0,1,0.443444091625029
"2820","C17820",1453,"P43",18,"S14","A32","A173","E72","A92","A101",1,26,"A152",1,1,"A201",0,0,0,1,1,0,0,0,0,0,1,0,1,1,0,1,1,0,0,0.106748718227311
"3889","C18889",385,"P43",12,"S11","A34","A172","E74","A92","A101",3,58,"A152",4,1,"A201",0,0,1,0,1,0,1,0,0,1,0,0,1,1,0,1,0,0,1,0.209831867234025
"4899","C19899",894,"P48",10,"S14","A32","A173","E74","A92","A101",3,40,"A152",1,1,"A201",0,0,0,1,1,0,0,0,0,0,0,0,1,1,0,1,0,0,1,0.0805296669569846
"3499","C18499",666,"P40",6,"S11","A34","A172","E74","A92","A101",4,39,"A152",2,1,"A201",0,0,1,0,0,1,1,0,0,1,0,0,1,1,0,1,0,0,1,0.283402416511265
"501","C15501",3049,"P42",18,"S13","A32","A172","E72","A92","A101",1,45,"A152",1,1,"A201",0,0,1,0,0,0,0,0,0,0,1,0,1,1,0,1,0,0,0,0.178525678518202
"1540","C16540",1984,"P42",18,"S14","A32","A173","E73","A93","A101",4,47,"A153",2,1,"A201",0,0,0,1,0,0,0,0,0,0,0,1,0,1,1,1,0,0,1,0.175927124975663
"2474","C17474",1282,"P42",12,"S11","A32","A173","E73","A92","A101",4,20,"A151",1,1,"A201",1,0,0,1,0,0,1,0,0,0,0,1,1,1,1,1,1,0,1,0.571609313138525
"3907","C18907",1313,"P42",9,"S14","A32","A173","E75","A93","A101",4,20,"A152",1,1,"A201",0,0,0,1,0,0,0,0,0,0,0,0,0,1,0,1,1,0,1,0.100879418587663
"4196","C19196",8978,"P40",14,"S11","A32","A174","E75","A91","A101",4,45,"A152",1,1,"A202",1,0,0,0,0,1,1,0,0,0,0,0,1,1,0,0,0,1,1,0.227564580460674
"861","C15861",1867,"P43",30,"S14","A32","A173","E75","A93","A101",4,58,"A152",1,1,"A201",0,0,0,1,1,0,0,0,0,0,0,0,0,1,0,1,0,0,1,0.110419804040948
"4697","C19697",11998,"P45",30,"S11","A32","A172","E72","A91","A101",1,34,"A152",1,1,"A201",1,0,1,0,0,1,1,0,0,0,1,0,1,1,0,1,0,1,0,0.642992555318092
"252","C15252",3832,"P46",9,"S14","A32","A172","E75","A93","A101",4,64,"A152",1,1,"A201",0,0,1,0,0,1,0,0,0,0,0,0,0,1,0,1,0,0,1,0.100879418587663
"4717","C19717",6742,"P43",30,"S14","A34","A173","E74","A93","A101",3,36,"A152",2,1,"A201",0,0,0,1,1,0,0,0,0,1,0,0,0,1,0,1,0,1,1,0.0595753570931899
"3174","C18174",1297,"P43",12,"S13","A32","A173","E73","A94","A101",4,23,"A151",1,1,"A201",0,0,0,1,1,0,0,0,0,0,0,1,0,1,1,1,1,0,1,0.087708508835187
"68","C15068",1068,"P43",6,"S12","A32","A173","E75","A93","A101",4,28,"A152",1,2,"A201",0,0,0,1,1,0,0,1,0,0,0,0,0,1,0,1,1,0,1,0.157310239691742
"3409","C18409",1136,"P46",9,"S12","A34","A173","E75","A93","A101",3,32,"A153",2,2,"A201",1,0,0,1,0,1,0,1,0,1,0,0,0,1,1,1,0,0,1,0.212584984352372
"956","C15956",6614,"P40",36,"S14","A34","A174","E75","A93","A101",4,34,"A152",2,1,"A201",0,0,0,0,0,1,0,0,0,1,0,0,0,1,0,1,0,1,1,0.123322319923173
"3305","C18305",719,"P46",12,"S14","A32","A172","E75","A93","A101",4,41,"A152",1,2,"A201",1,0,1,0,0,1,0,0,0,0,0,0,0,1,0,1,0,0,1,0.110305290232065
"2781","C17781",745,"P43",9,"S13","A32","A172","E73","A92","A101",2,28,"A152",1,1,"A201",1,0,1,0,1,0,0,0,0,0,0,1,1,1,0,1,1,0,1,0.07809901560845
"1249","C16249",1449,"P49",9,"S14","A32","A173","E74","A92","A101",2,27,"A152",2,1,"A201",0,0,0,1,0,1,0,0,0,0,0,0,1,1,0,1,1,0,1,0.133491013774429
"1899","C16899",3105,"P43",24,"S14","A32","A173","E72","A93","A101",2,25,"A152",2,1,"A201",0,0,0,1,1,0,0,0,0,0,1,0,0,1,0,1,1,0,1,0.133436982360318
"3018","C18018",4771,"P43",11,"S12","A33","A173","E74","A93","A101",4,51,"A152",1,1,"A201",0,0,0,1,1,0,0,1,0,0,0,0,0,1,0,1,0,0,1,0.180651796609543
"3633","C18633",1817,"P42",18,"S14","A34","A173","E73","A92","A101",2,28,"A152",2,1,"A201",0,0,0,1,0,0,0,0,0,1,0,1,1,1,0,1,1,0,1,0.0959139189949413
"808","C15808",1098,"P43",18,"S14","A34","A171","E71","A92","A101",4,65,"A152",2,1,"A201",0,1,0,0,1,0,0,0,0,1,1,0,1,1,0,1,0,0,1,0.0811956591341619
"4318","C19318",11054,"P41",36,"S14","A34","A174","E73","A93","A101",2,30,"A152",1,1,"A201",0,0,0,0,1,0,0,0,0,1,0,1,0,1,0,1,0,1,1,0.0718001806269258
"781","C15781",886,"P43",12,"S14","A32","A173","E73","A92","A101",2,21,"A152",1,1,"A201",0,0,0,1,1,0,0,0,0,0,0,1,1,1,0,1,1,0,1,0.085598997180936
"1989","C16989",3496,"P42",30,"S12","A31","A173","E73","A93","A101",2,34,"A152",1,2,"A201",0,0,0,1,0,0,0,1,1,0,0,1,0,1,0,1,0,0,1,0.664016759265556
"4864","C19864",3488,"P41",24,"S14","A32","A173","E74","A92","A101",4,23,"A152",1,1,"A201",0,0,0,1,1,0,0,0,0,0,0,0,1,1,0,1,1,0,1,0.122481642461881
"3734","C18734",2353,"P40",21,"S12","A33","A173","E73","A91","A101",4,47,"A152",2,1,"A201",0,0,0,1,0,1,0,1,0,0,0,1,1,1,0,1,0,0,1,0.4343855046698
"4328","C19328",4210,"P43",36,"S13","A32","A173","E73","A93","A101",2,26,"A152",1,1,"A201",1,0,0,1,1,0,0,0,0,0,0,1,0,1,0,1,1,0,1,0.131617683018143
"545","C15545",4530,"P43",30,"S14","A34","A174","E74","A92","A101",4,26,"A151",1,1,"A201",0,0,0,0,1,0,0,0,0,1,0,0,1,1,1,1,1,0,1,0.109259370332457
"2880","C17880",1478,"P43",9,"S14","A32","A173","E74","A93","A101",2,22,"A152",1,1,"A201",1,0,0,1,1,0,0,0,0,0,0,0,0,1,0,1,1,0,1,0.0581120496264644
"4257","C19257",1225,"P44",10,"S13","A32","A173","E73","A93","A101",2,37,"A152",1,1,"A201",0,0,0,1,0,0,0,0,0,0,0,1,0,1,0,1,0,0,1,0.103939123006833
"3968","C18968",1938,"P43",24,"S11","A32","A173","E72","A91","A101",3,32,"A152",1,1,"A201",1,0,0,1,1,0,1,0,0,0,1,0,1,1,0,1,0,0,1,0.540270884367945
"3625","C18625",1768,"P42",12,"S14","A32","A172","E73","A93","A101",2,24,"A151",1,1,"A201",0,0,1,0,0,0,0,0,0,0,0,1,0,1,1,1,1,0,1,0.14881588529005
"3250","C18250",590,"P43",6,"S12","A32","A172","E72","A94","A101",3,26,"A152",1,1,"A202",0,0,1,0,1,0,0,1,0,0,1,0,0,1,0,0,1,0,1,0.0761040546169607
"3467","C18467",4169,"P42",24,"S11","A32","A173","E73","A93","A101",4,28,"A152",1,1,"A201",0,0,0,1,0,0,1,0,0,0,0,1,0,1,0,1,1,0,1,0.506779146574888
"2296","C17296",2476,"P41",21,"S14","A32","A174","E75","A93","A101",4,46,"A152",1,1,"A201",0,0,0,0,1,0,0,0,0,0,0,0,0,1,0,1,0,0,1,0.0842423219804137
"2511","C17511",6403,"P43",24,"S12","A33","A173","E72","A93","A101",2,33,"A152",1,1,"A201",0,0,0,1,1,0,0,1,0,0,1,0,0,1,0,1,0,1,1,0.339862625674981
"2116","C17116",2775,"P40",18,"S14","A34","A173","E74","A93","A101",2,31,"A152",2,1,"A201",1,0,0,1,0,1,0,0,0,1,0,0,0,1,0,1,0,0,1,0.071722489173589
"2304","C17304",1514,"P45",15,"S12","A32","A173","E73","A93","A103",2,22,"A152",1,1,"A201",0,0,0,1,0,1,0,1,0,0,0,1,0,0,0,1,1,0,1,0.203561078321473
"738","C15738",2406,"P42",30,"S11","A32","A173","E74","A92","A101",4,23,"A151",1,1,"A201",1,0,0,1,0,0,1,0,0,0,0,0,1,1,1,1,1,0,1,0.708396410851398
"3526","C18526",7057,"P41",20,"S12","A33","A174","E74","A93","A101",4,36,"A151",2,2,"A201",0,0,0,0,1,0,0,1,0,0,0,0,0,1,1,1,0,1,1,0.295538275855205
"355","C15355",2996,"P42",24,"S11","A32","A173","E73","A94","A101",4,20,"A152",1,1,"A201",1,0,0,1,0,0,1,0,0,0,0,1,0,1,0,1,1,0,1,0.506779146574888
"2134","C17134",3161,"P49",24,"S11","A31","A173","E73","A93","A101",2,31,"A151",1,1,"A201",1,0,0,1,0,1,1,0,1,0,0,1,0,1,1,1,0,0,1,0.791420855800797
"1665","C16665",1533,"P42",18,"S14","A32","A172","E72","A94","A102",1,43,"A152",1,2,"A201",1,0,1,0,0,0,0,0,0,0,1,0,0,1,0,1,0,0,0,0.136647182606115
"1832","C16832",7814,"P41",24,"S14","A32","A174","E74","A93","A101",3,38,"A152",1,1,"A201",0,0,0,0,1,0,0,0,0,0,0,0,0,1,0,1,0,1,1,0.0922732073318229
"786","C15786",4530,"P43",30,"S14","A34","A174","E74","A92","A101",4,26,"A151",1,1,"A201",0,0,0,0,1,0,0,0,0,1,0,0,1,1,1,1,1,0,1,0.109259370332457
"1667","C16667",1568,"P49",18,"S14","A32","A172","E73","A92","A101",4,24,"A151",1,1,"A201",0,0,1,0,0,1,0,0,0,0,0,1,1,1,1,1,1,0,1,0.226683048779547
"2914","C17914",2247,"P40",12,"S13","A33","A173","E73","A92","A101",2,36,"A152",2,1,"A201",0,0,0,1,0,1,0,0,0,0,0,1,1,1,0,1,0,0,1,0.14547101254588
"1622","C16622",1246,"P40",24,"S12","A32","A172","E72","A93","A101",2,23,"A152",1,1,"A201",1,0,1,0,0,1,0,1,0,0,1,0,0,1,0,1,1,0,1,0.483534853956164
"4677","C19677",2708,"P42",15,"S14","A32","A172","E72","A93","A101",3,27,"A152",2,1,"A201",0,0,1,0,0,0,0,0,0,0,1,0,0,1,0,1,1,0,1,0.171863470205007
"2248","C17248",999,"P43",24,"S14","A32","A173","E75","A93","A101",2,25,"A152",2,1,"A201",0,0,0,1,1,0,0,0,0,0,0,0,0,1,0,1,1,0,1,0.0922732073318229
"3292","C18292",4594,"P43",18,"S14","A32","A173","E72","A93","A101",2,32,"A152",1,1,"A201",0,0,0,1,1,0,0,0,0,0,1,0,0,1,0,1,0,0,1,0.111983879106501
"4570","C19570",2292,"P49",12,"S14","A34","A174","E71","A93","A101",2,42,"A152",2,1,"A201",1,0,0,0,0,1,0,0,0,1,1,0,0,1,0,1,0,0,1,0.087466277277957
"3537","C18537",1236,"P41",6,"S14","A32","A173","E73","A93","A101",4,50,"A151",1,1,"A201",0,0,0,1,1,0,0,0,0,0,0,1,0,1,1,1,0,0,1,0.0729880922234015
"3351","C18351",1409,"P41",12,"S11","A34","A173","E75","A93","A101",3,54,"A152",1,1,"A201",0,0,0,1,1,0,1,0,0,1,0,0,0,1,0,1,0,0,1,0.162058340808228
"591","C15591",1887,"P49",18,"S12","A34","A173","E73","A94","A101",4,28,"A152",2,1,"A201",0,0,0,1,0,1,0,1,0,1,0,1,0,1,0,1,1,0,1,0.205294295048216
"1798","C16798",2101,"P43",13,"S12","A32","A172","E72","A92","A103",4,23,"A152",1,1,"A201",0,0,1,0,1,0,0,1,0,0,1,0,1,0,0,1,1,0,1,0.214763779641121
"4724","C19724",1228,"P40",12,"S11","A32","A172","E73","A92","A101",2,24,"A152",1,1,"A201",1,0,1,0,0,1,1,0,0,0,0,1,1,1,0,1,1,0,1,0.48618157719108
"3705","C18705",1381,"P40",24,"S11","A32","A173","E73","A92","A101",2,35,"A152",1,1,"A201",1,0,0,1,0,1,1,0,0,0,0,1,1,1,0,1,0,0,1,0.585203389657111
"1575","C16575",10623,"P41",30,"S11","A34","A174","E75","A93","A101",4,38,"A153",3,2,"A201",0,0,0,0,1,0,1,0,0,1,0,0,0,1,1,1,0,1,1,0.331790992734227
"1315","C16315",1842,"P40",36,"S11","A32","A173","E72","A92","A101",4,34,"A152",1,1,"A201",1,0,0,1,0,1,1,0,0,0,1,0,1,1,0,1,0,0,1,0.761135362977902
"819","C15819",2348,"P42",36,"S11","A34","A173","E73","A94","A101",2,46,"A152",2,1,"A201",0,0,0,1,0,0,1,0,0,1,0,1,0,1,0,1,0,0,1,0.438795432070886
"3457","C18457",7582,"P50",48,"S12","A33","A174","E71","A93","A101",4,31,"A153",1,1,"A201",0,0,0,0,0,1,0,1,0,0,1,0,0,1,1,1,0,1,1,0.745876820508206
"4317","C19317",1289,"P42",12,"S11","A32","A172","E73","A93","A103",1,21,"A152",1,1,"A201",0,0,1,0,0,0,1,0,0,0,0,1,0,0,0,1,1,0,0,0.209727205433455
"4743","C19743",700,"P43",6,"S14","A34","A173","E75","A93","A101",4,36,"A153",2,1,"A201",0,0,0,1,1,0,0,0,0,1,0,0,0,1,1,1,0,0,1,0.0386311410991077
"4873","C19873",2625,"P40",16,"S11","A34","A173","E75","A93","A103",4,43,"A151",1,1,"A201",1,0,0,1,0,1,1,0,0,1,0,0,0,0,1,1,0,0,1,0.240209593414718
"3577","C18577",3757,"P40",24,"S14","A32","A173","E75","A92","A102",4,62,"A153",1,1,"A201",0,0,0,1,0,1,0,0,0,0,0,0,1,1,1,1,0,0,1,0.263587169048441
"4165","C19165",6070,"P43",18,"S14","A34","A173","E75","A93","A101",4,33,"A152",2,1,"A201",0,0,0,1,1,0,0,0,0,1,0,0,0,1,0,1,0,1,1,0.0407557644486945
"2743","C17743",5965,"P41",27,"S12","A33","A174","E75","A93","A101",2,30,"A152",2,1,"A201",0,0,0,0,1,0,0,1,0,0,0,0,0,1,0,1,0,1,1,0.273025571312422
"3602","C18602",426,"P43",6,"S14","A30","A172","E75","A94","A101",4,39,"A152",1,1,"A201",0,0,1,0,1,0,0,0,1,0,0,0,0,1,0,1,0,0,1,0.127561579583728
"1309","C16309",866,"P43",18,"S12","A32","A172","E73","A94","A103",2,25,"A152",1,1,"A201",0,0,1,0,1,0,0,1,0,0,0,1,0,0,0,1,1,0,1,0.134430344830141
"4294","C19294",2697,"P43",9,"S14","A32","A173","E73","A93","A101",2,32,"A152",1,2,"A201",0,0,0,1,1,0,0,0,0,0,0,1,0,1,0,1,0,0,1,0.0581120496264644
"3809","C18809",2171,"P43",12,"S14","A32","A173","E72","A92","A101",2,29,"A152",1,1,"A201",0,0,0,1,1,0,0,0,0,0,1,0,1,1,0,1,1,0,1,0.124192718555936
"1357","C16357",3976,"P42",21,"S12","A32","A173","E74","A93","A101",3,35,"A152",1,1,"A201",0,0,0,1,0,0,0,1,0,0,0,0,0,1,0,1,0,0,1,0.358694877092045
"4625","C19625",7980,"P49",36,"S14","A33","A173","E72","A93","A101",4,27,"A151",2,1,"A201",1,0,0,1,0,1,0,0,0,0,1,0,0,1,1,1,1,1,1,0.370582985456203
"2723","C17723",707,"P43",12,"S14","A32","A173","E73","A93","A101",2,30,"A152",2,1,"A201",0,0,0,1,1,0,0,0,0,0,0,1,0,1,0,1,0,0,1,0.0638255324815497
"4991","C19991",1374,"P42",6,"S11","A32","A174","E73","A93","A101",2,36,"A152",1,1,"A201",0,0,0,0,0,0,1,0,0,0,0,1,0,1,0,1,0,0,1,0.360759287574476
"4950","C19950",1418,"P40",10,"S14","A32","A172","E73","A93","A101",2,35,"A151",1,1,"A202",0,0,1,0,0,1,0,0,0,0,0,1,0,1,1,0,0,0,1,0.0454816410196382
"4113","C19113",2319,"P46",21,"S13","A34","A173","E72","A91","A101",1,33,"A151",1,1,"A201",1,0,0,1,0,1,0,0,0,1,1,0,1,1,1,1,0,0,0,0.147364261007241
"1927","C16927",8065,"P46",36,"S11","A34","A174","E73","A92","A101",2,25,"A152",2,1,"A201",1,0,0,0,0,1,1,0,0,1,0,1,1,1,0,1,1,1,1,0.517742731883966
"3197","C18197",3777,"P42",24,"S14","A34","A173","E73","A93","A101",4,50,"A152",1,1,"A201",0,0,0,1,0,0,0,0,0,1,0,1,0,1,0,1,0,0,1,0.0862113939182156
"2219","C17219",2820,"P40",36,"S12","A34","A173","E72","A91","A101",4,27,"A152",2,1,"A201",1,0,0,1,0,1,0,1,0,1,1,0,1,1,0,1,1,0,1,0.494499743157987
"2837","C17837",1245,"P43",18,"S12","A34","A173","E73","A94","A101",2,33,"A152",1,1,"A201",1,0,0,1,1,0,0,1,0,1,0,1,0,1,0,1,0,0,1,0.124384511816617
"4593","C19593",1275,"P44",15,"S11","A32","A173","E73","A92","A101",2,24,"A151",1,1,"A201",1,0,0,1,0,0,1,0,0,0,0,1,1,1,1,1,1,0,1,0.595869749016442
"2767","C17767",8588,"P41",39,"S14","A32","A174","E75","A93","A101",2,45,"A152",1,1,"A201",0,0,0,0,1,0,0,0,0,0,0,0,0,1,0,1,0,1,1,0.143457395438027
"4715","C19715",2028,"P41",12,"S12","A32","A173","E73","A93","A101",2,30,"A152",1,1,"A201",0,0,0,1,1,0,0,1,0,0,0,1,0,1,0,1,0,0,1,0.185631490468526
"3245","C18245",1597,"P40",10,"S14","A32","A172","E73","A93","A101",2,40,"A151",1,2,"A202",0,0,1,0,0,1,0,0,0,0,0,1,0,1,1,0,0,0,1,0.0454816410196382
"3984","C18984",12169,"P40",48,"S12","A31","A174","E71","A93","A102",4,36,"A153",1,1,"A201",0,0,0,0,0,1,0,1,1,0,1,0,0,1,1,1,0,1,1,0.884874860084862
"957","C15957",1285,"P40",24,"S11","A32","A173","E74","A92","A101",4,32,"A151",1,1,"A201",1,0,0,1,0,1,1,0,0,0,0,0,1,1,1,1,0,0,1,0.665494948733669
"2348","C17348",1449,"P49",9,"S14","A32","A173","E74","A92","A101",2,27,"A152",2,1,"A201",0,0,0,1,0,1,0,0,0,0,0,0,1,1,0,1,1,0,1,0.133491013774429
"3583","C18583",2930,"P43",12,"S12","A32","A173","E74","A92","A101",1,27,"A152",1,1,"A201",0,0,0,1,1,0,0,1,0,0,0,0,1,1,0,1,1,0,0,0.17764210463751
"478","C15478",6948,"P41",36,"S12","A32","A174","E73","A93","A101",2,35,"A151",1,1,"A201",0,0,0,0,1,0,0,1,0,0,0,1,0,1,1,1,0,1,1,0.416775680614247
"1448","C16448",3105,"P43",24,"S14","A32","A173","E72","A93","A101",2,25,"A152",2,1,"A201",0,0,0,1,1,0,0,0,0,0,1,0,0,1,0,1,1,0,1,0.133436982360318
"381","C15381",6681,"P49",48,"S12","A33","A173","E73","A93","A101",4,38,"A153",1,2,"A201",0,0,0,1,0,1,0,1,0,0,0,1,0,1,1,1,0,1,1,0.659587662226173
"1272","C16272",7678,"P42",36,"S14","A33","A173","E74","A92","A101",4,40,"A152",2,1,"A201",0,0,0,1,0,0,0,0,0,0,0,0,1,1,0,1,0,1,1,0.274550603014661
"1011","C16011",1459,"P43",15,"S14","A34","A172","E73","A92","A101",2,43,"A152",1,1,"A201",0,0,1,0,1,0,0,0,0,1,0,1,1,1,0,1,0,0,1,0.0501464422049786
"3916","C18916",8086,"P40",36,"S12","A33","A174","E75","A93","A101",4,42,"A152",4,1,"A201",1,0,0,0,0,1,0,1,0,0,0,0,0,1,0,1,0,1,1,0.479583959413556
"1377","C16377",1424,"P44",12,"S12","A34","A173","E74","A93","A101",3,26,"A152",1,1,"A201",0,0,0,1,0,0,0,1,0,1,0,0,0,1,0,1,1,0,1,0.17461638385841
"3800","C18800",5293,"P49",27,"S11","A30","A173","E71","A93","A101",4,50,"A152",2,1,"A201",1,0,0,1,0,1,1,0,1,0,1,0,0,1,0,1,0,1,1,0.81831192679858
"470","C15470",2145,"P49",36,"S11","A33","A173","E74","A93","A101",1,24,"A152",2,1,"A201",1,0,0,1,0,1,1,0,0,0,0,0,0,1,0,1,1,0,0,0.513938625548174
"1153","C16153",2924,"P41",24,"S11","A32","A173","E73","A93","A103",4,63,"A152",1,2,"A201",0,0,0,1,1,0,1,0,0,0,0,1,0,0,0,1,0,0,1,0.239699911441196
"568","C15568",1037,"P49",12,"S12","A32","A172","E74","A93","A101",4,39,"A152",1,1,"A201",0,0,1,0,0,1,0,1,0,0,0,0,0,1,0,1,0,0,1,0.293047773292849
"767","C15767",1301,"P43",18,"S12","A32","A172","E75","A94","A103",2,32,"A152",1,1,"A201",0,0,1,0,1,0,0,1,0,0,0,0,0,0,0,1,0,0,1,0.134430344830141
"4626","C19626",4249,"P40",30,"S12","A34","A174","E71","A94","A101",2,28,"A152",2,1,"A201",1,0,0,0,0,1,0,1,0,1,1,0,0,1,0,1,1,0,1,0.36847043331136
"4700","C19700",960,"P42",15,"S14","A33","A173","E74","A92","A101",2,30,"A152",2,1,"A201",0,0,0,1,0,0,0,0,0,0,0,0,1,1,0,1,0,0,1,0.158329693193709
"1058","C16058",1474,"P42",12,"S13","A32","A174","E72","A92","A101",1,33,"A152",1,1,"A201",0,0,0,0,0,0,0,0,0,0,1,0,1,1,0,1,0,0,0,0.151087408295773
"1152","C16152",9960,"P42",48,"S12","A32","A173","E72","A92","A101",2,26,"A152",1,1,"A201",1,0,0,1,0,0,0,1,0,0,1,0,1,1,0,1,1,1,1,0.74079148175482
"2030","C17030",1393,"P46",12,"S14","A32","A173","E75","A93","A101",4,47,"A152",3,2,"A201",0,0,0,1,0,1,0,0,0,0,0,0,0,1,0,1,0,0,1,0.110305290232065
"26","C15026",1238,"P48",6,"S14","A32","A174","E71","A93","A101",4,36,"A152",1,2,"A201",0,0,0,0,1,0,0,0,0,0,1,0,0,1,0,1,0,0,1,0.0779814834325773
"3708","C18708",3913,"P43",36,"S13","A32","A173","E73","A93","A101",2,23,"A152",1,1,"A201",0,0,0,1,1,0,0,0,0,0,0,1,0,1,0,1,1,0,1,0.131617683018143
"3289","C18289",2606,"P43",21,"S11","A32","A174","E72","A92","A101",4,28,"A151",1,1,"A201",0,0,0,0,1,0,1,0,0,0,1,0,1,1,1,1,1,0,1,0.59995470753456
"4368","C19368",907,"P49",8,"S12","A32","A173","E72","A94","A101",2,26,"A152",1,1,"A201",0,0,0,1,0,1,0,1,0,0,1,0,0,1,0,1,1,0,1,0.354687789858481
"1145","C16145",1567,"P43",12,"S12","A32","A173","E73","A92","A101",1,22,"A152",1,1,"A201",0,0,0,1,1,0,0,1,0,0,0,1,1,1,0,1,1,0,0,0.17764210463751
"1294","C16294",8858,"P41",48,"S14","A34","A173","E74","A93","A101",1,35,"A153",2,1,"A201",0,0,0,1,1,0,0,0,0,1,0,0,0,1,1,1,0,1,0,0.100923853429802
"4365","C19365",14896,"P40",6,"S11","A32","A174","E75","A93","A101",4,68,"A152",1,1,"A201",1,0,0,0,0,1,1,0,0,0,0,0,0,1,0,1,0,1,1,0.360759287574476
"4866","C19866",2828,"P42",24,"S11","A31","A173","E73","A93","A101",4,22,"A152",1,1,"A201",0,0,0,1,0,0,1,0,1,0,0,1,0,1,0,1,1,0,1,0.729049091111075
"4767","C19767",7855,"P40",36,"S14","A34","A173","E73","A92","A101",2,25,"A152",2,1,"A201",1,0,0,1,0,1,0,0,0,1,0,1,1,1,0,1,1,1,1,0.161882834668549
"76","C15076",4169,"P42",24,"S11","A32","A173","E73","A93","A101",4,28,"A152",1,1,"A201",0,0,0,1,0,0,1,0,0,0,0,1,0,1,0,1,1,0,1,0.506779146574888
"57","C15057",6148,"P41",20,"S12","A30","A173","E75","A94","A101",4,31,"A152",2,1,"A201",0,0,0,1,1,0,0,1,1,0,0,0,0,1,0,1,0,1,1,0.437907583617665
"188","C15188",6289,"P49",42,"S13","A30","A173","E72","A91","A101",1,33,"A152",2,1,"A201",0,0,0,1,0,1,0,0,1,0,1,0,1,1,0,1,0,1,0,0.558539005937967
"3040","C18040",1455,"P40",4,"S14","A34","A172","E74","A93","A101",1,42,"A152",3,2,"A201",0,0,1,0,0,1,0,0,0,1,0,0,0,1,0,1,0,0,0,0.0323777594528475
"3990","C18990",1829,"P43",15,"S14","A34","A173","E75","A93","A101",4,46,"A152",2,1,"A201",0,0,0,1,1,0,0,0,0,1,0,0,0,1,0,1,0,0,1,0.0370257461679233
"3699","C18699",6314,"P50",24,"S14","A34","A174","E71","A93","A102",2,27,"A152",2,1,"A201",0,0,0,0,0,1,0,0,0,1,1,0,0,1,0,1,1,1,1,0.125043466806953
"237","C15237",1597,"P40",10,"S14","A32","A172","E73","A93","A101",2,40,"A151",1,2,"A202",0,0,1,0,0,1,0,0,0,0,0,1,0,1,1,0,0,0,1,0.0454816410196382
"2326","C17326",4042,"P42",42,"S14","A34","A173","E73","A93","A101",4,36,"A152",2,1,"A201",0,0,0,1,0,0,0,0,0,1,0,1,0,1,0,1,0,0,1,0.146588998393867
"347","C15347",1331,"P43",12,"S12","A32","A173","E72","A93","A101",1,22,"A152",1,1,"A201",1,0,0,1,1,0,0,1,0,0,1,0,0,1,0,1,1,0,0,0.192449219834364
"3761","C18761",2397,"P43",24,"S14","A32","A173","E75","A93","A101",2,35,"A152",2,1,"A201",1,0,0,1,1,0,0,0,0,0,0,0,0,1,0,1,0,0,1,0.0922732073318229
"2565","C17565",7678,"P42",36,"S14","A33","A173","E74","A92","A101",4,40,"A152",2,1,"A201",0,0,0,1,0,0,0,0,0,0,0,0,1,1,0,1,0,1,1,0.274550603014661
"2251","C17251",841,"P49",12,"S12","A32","A172","E74","A92","A101",4,23,"A151",1,1,"A201",0,0,1,0,0,1,0,1,0,0,0,0,1,1,1,1,1,0,1,0.44525370788776
"2941","C17941",3594,"P41",15,"S14","A33","A172","E72","A92","A101",2,46,"A152",2,1,"A201",0,0,1,0,1,0,0,0,0,0,1,0,1,1,0,1,0,0,1,0.135468711415615
"1286","C16286",1514,"P45",15,"S12","A32","A173","E73","A93","A103",2,22,"A152",1,1,"A201",0,0,0,1,0,1,0,1,0,0,0,1,0,0,0,1,1,0,1,0.203561078321473
"4904","C19904",4788,"P41",48,"S11","A32","A173","E74","A93","A101",3,26,"A152",1,2,"A201",0,0,0,1,1,0,1,0,0,0,0,0,0,1,0,1,1,0,1,0.556757819187116
"1316","C16316",14421,"P49",48,"S12","A30","A173","E73","A93","A101",2,25,"A152",1,1,"A201",1,0,0,1,0,1,0,1,1,0,0,1,0,1,0,1,1,1,1,0.782523728830962
"3297","C18297",900,"P40",12,"S11","A32","A173","E73","A94","A101",2,23,"A152",1,1,"A201",1,0,0,1,0,1,1,0,0,0,0,1,0,1,0,1,1,0,1,0.407975552284858
"1511","C16511",2957,"P41",24,"S11","A34","A173","E75","A93","A101",4,63,"A152",2,1,"A201",0,0,0,1,1,0,1,0,0,1,0,0,0,1,0,1,0,0,1,0.22382158814772
"251","C15251",939,"P40",12,"S13","A34","A173","E74","A94","A101",2,28,"A152",3,1,"A201",1,0,0,1,0,1,0,0,0,1,0,0,0,1,0,1,1,0,1,0.059510045437248
"4281","C19281",976,"P40",18,"S11","A32","A172","E72","A92","A101",2,23,"A152",1,1,"A201",1,0,1,0,0,1,1,0,0,0,1,0,1,1,0,1,1,0,1,0.63638909498895
"3291","C18291",654,"P40",9,"S11","A32","A172","E73","A93","A101",3,28,"A152",1,1,"A201",1,0,1,0,0,1,1,0,0,0,0,1,0,1,0,1,1,0,1,0.384094385433064
"3171","C18171",9572,"P49",36,"S14","A33","A173","E72","A91","A101",1,28,"A152",2,1,"A201",1,0,0,1,0,1,0,0,0,0,1,0,1,1,0,1,1,1,0,0.283497213926093
"1868","C16868",5179,"P42",36,"S11","A32","A173","E74","A93","A101",2,29,"A152",1,1,"A201",1,0,0,1,0,0,1,0,0,0,0,0,0,1,0,1,1,1,1,0.605056033985848
"1966","C16966",3160,"P43",21,"S14","A32","A173","E75","A93","A101",3,41,"A152",1,1,"A201",0,0,0,1,1,0,0,0,0,0,0,0,0,1,0,1,0,0,1,0.0842423219804137
"713","C15713",1919,"P43",30,"S12","A33","A174","E72","A93","A101",3,30,"A152",2,1,"A201",1,0,0,0,1,0,0,1,0,0,1,0,0,1,0,1,0,0,1,0.385995392611086
"4782","C19782",2028,"P42",24,"S14","A34","A172","E74","A93","A101",2,30,"A152",2,1,"A201",0,0,1,0,0,0,0,0,0,1,0,0,0,1,0,1,0,0,1,0.0862113939182156
"3655","C18655",1345,"P43",18,"S11","A32","A173","E73","A94","A101",3,26,"A152",1,1,"A201",1,0,0,1,1,0,1,0,0,0,0,1,0,1,0,1,1,0,1,0.316342132781353
"4634","C19634",2303,"P40",24,"S11","A32","A173","E75","A93","A102",1,45,"A152",1,1,"A201",1,0,0,1,0,1,1,0,0,0,0,0,0,1,0,1,0,0,0,0.414913417356367
"2918","C17918",1478,"P43",15,"S14","A33","A173","E73","A94","A101",3,33,"A152",2,1,"A201",0,0,0,1,1,0,0,0,0,0,0,1,0,1,0,1,0,0,1,0.070058972687681
"3955","C18955",1299,"P40",6,"S13","A34","A171","E73","A93","A101",1,74,"A152",3,2,"A202",0,1,0,0,0,1,0,0,0,1,0,1,0,1,0,0,0,0,0,0.0103108253494097
"2459","C17459",3863,"P49",24,"S14","A33","A173","E73","A93","A101",2,32,"A153",1,1,"A201",0,0,0,1,0,1,0,0,0,0,0,1,0,1,1,1,0,0,1,0.20677762631139
"1529","C16529",14782,"P50",60,"S12","A31","A174","E75","A92","A101",4,60,"A153",2,1,"A201",1,0,0,0,0,1,0,1,1,0,0,0,1,1,1,1,0,1,1,0.912188504839501
"2734","C17734",1203,"P40",6,"S11","A32","A173","E75","A93","A101",2,43,"A152",1,1,"A201",0,0,0,1,0,1,1,0,0,0,0,0,0,1,0,1,0,0,1,0.360759287574476
"3896","C18896",5954,"P49",42,"S12","A34","A172","E74","A92","A101",1,41,"A152",2,1,"A201",0,0,1,0,0,1,0,1,0,1,0,0,1,1,0,1,0,1,0,0.352432301947004
"2464","C17464",9566,"P43",36,"S14","A34","A173","E73","A92","A101",2,31,"A152",2,1,"A201",0,0,0,1,1,0,0,0,0,1,0,1,1,1,0,1,0,1,1,0.0960151047141202
"2928","C17928",2924,"P41",24,"S11","A32","A173","E73","A93","A103",4,63,"A152",1,2,"A201",0,0,0,1,1,0,1,0,0,0,0,1,0,0,0,1,0,0,1,0.239699911441196
"4554","C19554",4151,"P42",24,"S14","A33","A173","E73","A93","A101",3,35,"A152",2,1,"A201",0,0,0,1,0,0,0,0,0,0,0,1,0,1,0,1,0,0,1,0.156016974968144
"3006","C18006",1410,"P49",14,"S12","A32","A173","E75","A94","A101",2,35,"A152",1,1,"A201",0,0,0,1,0,1,0,1,0,0,0,0,0,1,0,1,0,0,1,0.307027933255192
"2624","C17624",1221,"P42",6,"S14","A34","A173","E73","A94","A101",2,27,"A152",2,1,"A201",0,0,0,1,0,0,0,0,0,1,0,1,0,1,0,1,1,0,1,0.0492666945196244
"3464","C18464",6187,"P41",30,"S11","A34","A173","E74","A94","A101",4,24,"A151",2,1,"A201",0,0,0,1,1,0,1,0,0,1,0,0,0,1,1,1,1,1,1,0.331790992734227
"1766","C16766",362,"P40",6,"S14","A34","A172","E73","A92","A101",4,52,"A152",2,1,"A201",0,0,1,0,0,1,0,0,0,1,0,1,1,1,0,1,0,0,1,0.0664259560930571
"412","C15412",662,"P40",6,"S11","A32","A172","E72","A93","A101",4,41,"A152",1,2,"A201",0,0,1,0,0,1,1,0,0,0,1,0,0,1,0,1,0,0,1,0.460883589499202
"4701","C19701",1670,"P43",9,"S12","A32","A173","E72","A92","A101",2,22,"A152",1,1,"A201",1,0,0,1,1,0,0,1,0,0,1,0,1,1,0,1,1,0,1,0.300235388768681
"1191","C16191",6361,"P42",18,"S12","A34","A173","E75","A93","A101",1,41,"A152",1,1,"A201",0,0,0,1,0,0,0,1,0,1,0,0,0,1,0,1,0,1,0,0.151313559710472
"3480","C18480",1225,"P44",10,"S13","A32","A173","E73","A93","A101",2,37,"A152",1,1,"A201",0,0,0,1,0,0,0,0,0,0,0,1,0,1,0,1,0,0,1,0.103939123006833
"2971","C17971",1534,"P43",12,"S12","A32","A173","E72","A94","A101",1,23,"A151",1,1,"A201",1,0,0,1,1,0,0,1,0,0,1,0,0,1,1,1,1,0,0,0.251530593703177
"364","C15364",4817,"P40",24,"S11","A32","A173","E74","A93","A102",3,31,"A152",1,1,"A201",1,0,0,1,0,1,1,0,0,0,0,0,0,1,0,1,0,0,1,0.506779146574888
"731","C15731",1953,"P49",36,"S12","A30","A174","E75","A93","A101",4,61,"A153",1,1,"A201",1,0,0,0,0,1,0,1,1,0,0,0,0,1,1,1,0,0,1,0.772886705061983
"1660","C16660",1851,"P43",24,"S14","A34","A173","E74","A94","A103",2,33,"A152",2,1,"A201",0,0,0,1,1,0,0,0,0,1,0,0,0,0,0,1,0,0,1,0.0281339597892972
"4319","C19319",1935,"P49",24,"S12","A34","A173","E75","A91","A101",4,31,"A152",2,1,"A201",1,0,0,1,0,1,0,1,0,1,0,0,1,1,0,1,0,0,1,0.302220776444304
"1211","C16211",2389,"P43",18,"S11","A32","A173","E72","A92","A101",1,27,"A152",1,1,"A201",0,0,0,1,1,0,1,0,0,0,1,0,1,1,0,1,1,0,0,0.399126871311046
"3746","C18746",1995,"P40",12,"S12","A34","A173","E72","A93","A101",1,27,"A152",1,1,"A201",0,0,0,1,0,1,0,1,0,1,1,0,0,1,0,1,1,0,0,0.181119533784234
"2490","C17490",3949,"P40",10,"S13","A32","A172","E72","A93","A103",1,37,"A152",1,2,"A201",0,0,1,0,0,1,0,0,0,0,1,0,0,0,0,1,0,0,0,0.0633788469729263
"4537","C19537",2538,"P40",24,"S14","A33","A172","E75","A93","A101",4,47,"A152",2,2,"A201",1,0,1,0,0,1,0,0,0,0,0,0,0,1,0,1,0,0,1,0.156016974968144
"4979","C19979",1995,"P40",12,"S12","A34","A173","E72","A93","A101",1,27,"A152",1,1,"A201",0,0,0,1,0,1,0,1,0,1,1,0,0,1,0,1,1,0,0,0.181119533784234
"3169","C18169",3832,"P46",9,"S14","A32","A172","E75","A93","A101",4,64,"A152",1,1,"A201",0,0,1,0,0,1,0,0,0,0,0,0,0,1,0,1,0,0,1,0.100879418587663
"1768","C16768",1344,"P40",12,"S11","A33","A172","E73","A93","A101",2,43,"A152",2,2,"A201",0,0,1,0,0,1,1,0,0,0,0,1,0,1,0,1,0,0,1,0.407975552284858
"589","C15589",3905,"P40",11,"S11","A34","A173","E73","A93","A101",2,36,"A151",2,2,"A201",0,0,0,1,0,1,1,0,0,1,0,1,0,1,1,1,0,0,1,0.32419697815662
"3340","C18340",5103,"P43",24,"S14","A34","A173","E72","A94","A101",3,47,"A153",3,1,"A201",0,0,0,1,1,0,0,0,0,1,1,0,0,1,1,1,0,1,1,0.0997660307348837
"105","C15105",7763,"P40",48,"S11","A32","A174","E75","A93","A101",4,42,"A153",1,1,"A201",1,0,0,0,0,1,1,0,0,0,0,0,0,1,1,1,0,1,1,0.763098741713177
"233","C15233",931,"P40",6,"S12","A31","A172","E72","A92","A101",1,32,"A152",1,1,"A201",1,0,1,0,0,1,0,1,1,0,1,0,1,1,0,1,0,0,0,0.56066393958226
"2121","C17121",660,"P45",6,"S14","A32","A172","E74","A94","A101",4,23,"A151",1,1,"A201",0,0,1,0,0,1,0,0,0,0,0,0,0,1,1,1,1,0,1,0.125247627356048
"3473","C18473",1056,"P40",18,"S12","A34","A173","E75","A93","A103",3,30,"A152",2,1,"A201",1,0,0,1,0,1,0,1,0,1,0,0,0,0,0,1,0,0,1,0.125983428567776
"1514","C16514",1493,"P43",12,"S14","A32","A173","E72","A92","A101",3,34,"A152",1,2,"A201",0,0,0,1,1,0,0,0,0,0,1,0,1,1,0,1,0,0,1,0.124192718555936
"1089","C16089",1736,"P42",12,"S14","A32","A172","E74","A92","A101",4,31,"A152",1,1,"A201",0,0,1,0,0,0,0,0,0,0,0,0,1,1,0,1,0,0,1,0.14547101254588
"2842","C17842",2404,"P43",18,"S14","A34","A173","E73","A92","A101",2,26,"A152",2,1,"A201",0,0,0,1,1,0,0,0,0,1,0,1,1,1,0,1,1,0,1,0.0551225930111518
"2381","C17381",5998,"P46",40,"S11","A34","A173","E73","A93","A101",3,27,"A152",1,1,"A201",1,0,0,1,0,1,1,0,0,1,0,1,0,1,0,1,1,1,1,0.471805143376401
"2735","C17735",10297,"P41",48,"S11","A32","A173","E74","A93","A101",4,39,"A153",3,2,"A201",1,0,0,1,1,0,1,0,0,0,0,0,0,1,1,1,0,1,1,0.639160412605876
"2588","C17588",1386,"P40",12,"S14","A32","A173","E73","A92","A101",2,26,"A152",1,1,"A201",1,0,0,1,0,1,0,0,0,0,0,1,1,1,0,1,1,0,1,0.14547101254588
"4902","C19902",5371,"P42",36,"S11","A34","A173","E73","A93","A103",2,28,"A152",2,1,"A201",0,0,0,1,0,0,1,0,0,1,0,1,0,0,0,1,1,1,1,0.303756344316824
"2639","C17639",5129,"P41",9,"S12","A31","A174","E75","A92","A101",4,74,"A153",1,2,"A201",1,0,0,0,1,0,0,1,1,0,0,0,1,1,1,1,0,1,1,0.511231047911962
"3960","C18960",2325,"P40",24,"S11","A31","A173","E74","A93","A101",3,32,"A152",1,1,"A201",0,0,0,1,0,1,1,0,1,0,0,0,0,1,0,1,0,0,1,0.729049091111075
"614","C15614",6204,"P45",18,"S12","A33","A172","E73","A93","A101",4,44,"A152",1,2,"A201",0,0,1,0,0,1,0,1,0,0,0,1,0,1,0,1,0,1,1,0.336060911421833
"1370","C16370",1459,"P43",15,"S14","A34","A172","E73","A92","A101",2,43,"A152",1,1,"A201",0,0,1,0,1,0,0,0,0,1,0,1,1,1,0,1,0,0,1,0.0501464422049786
"4875","C19875",1484,"P43",12,"S12","A32","A173","E73","A94","A101",1,25,"A152",1,1,"A201",1,0,0,1,1,0,0,1,0,0,0,1,0,1,0,1,1,0,0,0.135936578663562
"3663","C18663",1961,"P40",18,"S13","A32","A174","E75","A92","A101",2,23,"A152",1,1,"A201",0,0,0,0,0,1,0,0,0,0,0,0,1,1,0,1,1,0,1,0.172096088847031
"4348","C19348",3108,"P42",30,"S11","A32","A172","E72","A91","A101",4,31,"A152",1,1,"A201",1,0,1,0,0,0,1,0,0,0,1,0,1,1,0,1,0,0,1,0.722958545680159
"3164","C18164",2302,"P43",36,"S11","A32","A173","E73","A91","A101",4,31,"A151",1,1,"A201",1,0,0,1,1,0,1,0,0,0,0,1,1,1,1,1,0,0,1,0.619945271613435
"2609","C17609",3590,"P49",18,"S12","A34","A171","E71","A94","A101",3,40,"A152",3,2,"A201",0,1,0,0,0,1,0,1,0,1,1,0,0,1,0,1,0,0,1,0.281255341622145
"4541","C19541",1525,"P40",24,"S14","A32","A173","E74","A92","A101",3,34,"A152",1,2,"A201",0,0,0,1,0,1,0,0,0,0,0,0,1,1,0,1,0,0,1,0.202439816386
"3368","C18368",1503,"P43",4,"S14","A34","A172","E74","A93","A101",1,42,"A152",2,2,"A201",0,0,1,0,1,0,0,0,0,1,0,0,0,1,0,1,0,0,0,0.0180677795122997
"851","C15851",1295,"P42",18,"S12","A34","A173","E72","A92","A101",1,27,"A152",2,1,"A201",0,0,0,1,0,0,0,1,0,1,1,0,1,1,0,1,1,0,0,0.270517511542588
"3750","C18750",3430,"P43",24,"S14","A32","A173","E75","A93","A101",2,31,"A152",1,2,"A201",0,0,0,1,1,0,0,0,0,0,0,0,0,1,0,1,0,0,1,0.0922732073318229
"4741","C19741",2659,"P42",18,"S11","A32","A173","E73","A93","A101",2,28,"A152",1,1,"A201",0,0,0,1,0,0,1,0,0,0,0,1,0,1,0,1,1,0,1,0.456954021341531
"3829","C18829",8613,"P41",27,"S14","A33","A173","E73","A93","A101",2,27,"A152",2,1,"A201",0,0,0,1,1,0,0,0,0,0,0,1,0,1,0,1,1,1,1,0.100985257604405
"2628","C17628",2238,"P43",18,"S14","A34","A173","E73","A92","A101",1,25,"A152",2,1,"A201",0,0,0,1,1,0,0,0,0,1,0,1,1,1,0,1,1,0,0,0.0387053273262598
"639","C15639",5842,"P41",36,"S14","A34","A173","E75","A93","A101",2,35,"A152",2,2,"A201",0,0,0,1,1,0,0,0,0,1,0,0,0,1,0,1,0,1,1,0.0718001806269258
"3431","C18431",3966,"P40",18,"S11","A34","A173","E75","A92","A101",4,33,"A151",3,1,"A201",1,0,0,1,0,1,1,0,0,1,0,0,1,1,1,1,0,0,1,0.454010420223655
"3015","C18015",2122,"P40",12,"S11","A34","A172","E73","A93","A101",2,39,"A151",2,2,"A202",0,0,1,0,0,1,1,0,0,1,0,1,0,1,1,0,0,0,1,0.126235115016795
"901","C15901",1655,"P43",12,"S14","A34","A172","E75","A93","A101",4,63,"A152",2,1,"A201",0,0,1,0,1,0,0,0,0,1,0,0,0,1,0,1,0,0,1,0.0336251372854894
"1598","C16598",3448,"P49",5,"S14","A32","A172","E74","A93","A101",4,74,"A152",1,1,"A201",0,0,1,0,0,1,0,0,0,0,0,0,0,1,0,1,0,0,1,0.0894275879516622
"2653","C17653",2299,"P43",36,"S14","A32","A173","E75","A93","A101",4,39,"A152",1,1,"A201",0,0,0,1,1,0,0,0,0,0,0,0,0,1,0,1,0,0,1,0.131617683018143
"4320","C19320",902,"P48",12,"S11","A32","A173","E74","A94","A101",4,21,"A151",1,1,"A201",1,0,0,1,1,0,1,0,0,0,0,0,0,1,1,1,1,0,1,0.348269432476528
"2756","C17756",1620,"P42",12,"S11","A32","A173","E73","A92","A102",3,30,"A152",1,1,"A201",0,0,0,1,0,0,1,0,0,0,0,1,1,1,0,1,0,0,1,0.48618157719108
"4888","C19888",7814,"P41",24,"S14","A32","A174","E74","A93","A101",3,38,"A152",1,1,"A201",0,0,0,0,1,0,0,0,0,0,0,0,0,1,0,1,0,1,1,0.0922732073318229
"3484","C18484",2848,"P41",10,"S14","A32","A173","E73","A93","A102",2,32,"A152",1,2,"A201",0,0,0,1,1,0,0,0,0,0,0,1,0,1,0,1,0,0,1,0.0599611113178653
"386","C15386",2406,"P42",30,"S11","A32","A173","E74","A92","A101",4,23,"A151",1,1,"A201",1,0,0,1,0,0,1,0,0,0,0,0,1,1,1,1,1,0,1,0.708396410851398
"1860","C16860",1597,"P46",24,"S14","A34","A173","E75","A93","A101",4,54,"A153",2,2,"A201",0,0,0,1,0,1,0,0,0,1,0,0,0,1,1,1,0,0,1,0.117420330026183
"2976","C17976",1778,"P40",15,"S12","A30","A171","E72","A92","A101",1,26,"A151",2,1,"A201",1,1,0,0,0,1,0,1,1,0,1,0,1,1,1,1,1,0,0,0.708303575180756
"174","C15174",1163,"P40",12,"S14","A34","A173","E73","A93","A101",4,44,"A152",1,1,"A201",0,0,0,1,0,1,0,0,0,1,0,1,0,1,0,1,0,0,1,0.059510045437248
"67","C15067",2611,"P43",24,"S14","A34","A173","E75","A94","A102",3,46,"A152",2,1,"A201",0,0,0,1,1,0,0,0,0,1,0,0,0,1,0,1,0,0,1,0.0493213537580633
"4611","C19611",3123,"P40",24,"S11","A32","A173","E72","A92","A101",1,27,"A152",1,1,"A201",1,0,0,1,0,1,1,0,0,0,1,0,1,1,0,1,1,0,0,0.595956961148823
"3568","C18568",1082,"P43",9,"S12","A32","A172","E75","A93","A101",4,27,"A152",2,1,"A201",0,0,1,0,1,0,0,1,0,0,0,0,0,1,0,1,1,0,1,0.171006005462675
"4681","C19681",717,"P40",24,"S14","A33","A173","E75","A94","A101",4,54,"A152",2,1,"A201",0,0,0,1,0,1,0,0,0,0,0,0,0,1,0,1,0,0,1,0.156016974968144
"1032","C16032",250,"P40",6,"S14","A34","A172","E73","A92","A101",2,41,"A152",2,1,"A201",0,0,1,0,0,1,0,0,0,1,0,1,1,1,0,1,0,0,1,0.0664259560930571
"3551","C18551",709,"P40",6,"S13","A32","A171","E72","A94","A101",2,27,"A152",1,1,"A202",0,1,0,0,0,1,0,0,0,0,1,0,0,1,0,0,1,0,1,0.0428819847964312
"816","C15816",4576,"P41",45,"S12","A34","A173","E71","A93","A101",4,27,"A152",1,1,"A201",0,0,0,1,1,0,0,1,0,1,1,0,0,1,0,1,1,0,1,0.345815803442264
"4992","C19992",1501,"P46",9,"S12","A34","A174","E75","A92","A101",3,34,"A152",2,1,"A201",1,0,0,0,0,1,0,1,0,1,0,0,1,1,0,1,0,0,1,0.208157316834181
"2155","C17155",932,"P43",6,"S14","A33","A173","E73","A92","A101",2,24,"A152",1,1,"A201",0,0,0,1,1,0,0,0,0,0,0,1,1,1,0,1,1,0,1,0.071204993488598
"3514","C18514",368,"P43",6,"S12","A32","A173","E75","A93","A101",4,38,"A152",1,1,"A201",0,0,0,1,1,0,0,1,0,0,0,0,0,1,0,1,0,0,1,0.157310239691742
"1689","C16689",3617,"P42",24,"S13","A34","A173","E75","A93","A102",4,20,"A151",2,1,"A201",0,0,0,1,0,0,0,0,0,1,0,0,0,1,1,1,1,0,1,0.117420330026183
"502","C15502",3966,"P40",18,"S11","A34","A173","E75","A92","A101",4,33,"A151",3,1,"A201",1,0,0,1,0,1,1,0,0,1,0,0,1,1,1,1,0,0,1,0.454010420223655
"2175","C17175",6361,"P42",18,"S12","A34","A173","E75","A93","A101",1,41,"A152",1,1,"A201",0,0,0,1,0,0,0,1,0,1,0,0,0,1,0,1,0,1,0,0.151313559710472
"3304","C18304",759,"P40",12,"S11","A32","A173","E74","A93","A101",2,26,"A152",1,1,"A201",1,0,0,1,0,1,1,0,0,0,0,0,0,1,0,1,1,0,1,0.407975552284858
"3285","C18285",6313,"P41",24,"S14","A32","A174","E75","A93","A101",4,41,"A152",1,2,"A201",0,0,0,0,1,0,0,0,0,0,0,0,0,1,0,1,0,1,1,0.0922732073318229
"4606","C19606",2323,"P43",36,"S12","A32","A173","E74","A93","A101",4,24,"A151",1,1,"A201",0,0,0,1,1,0,0,1,0,0,0,0,0,1,1,1,1,0,1,0.416775680614247
"4601","C19601",2333,"P43",30,"S14","A32","A174","E75","A93","A101",2,30,"A152",1,1,"A201",0,0,0,0,1,0,0,0,0,0,0,0,0,1,0,1,0,0,1,0.110419804040948
"2574","C17574",760,"P43",8,"S12","A32","A172","E74","A92","A103",2,44,"A152",1,1,"A201",0,0,1,0,1,0,0,1,0,0,0,0,1,0,0,1,0,0,1,0.132599074652591
"1348","C16348",2872,"P43",24,"S14","A34","A173","E75","A93","A101",4,36,"A152",1,2,"A201",0,0,0,1,1,0,0,0,0,1,0,0,0,1,0,1,0,0,1,0.0493213537580633
"3823","C18823",2235,"P40",20,"S11","A34","A173","E73","A94","A103",2,33,"A151",2,1,"A202",1,0,0,1,0,1,1,0,0,1,0,1,0,0,1,0,0,0,1,0.0951959634513573
"3175","C18175",2251,"P42",12,"S13","A32","A172","E73","A92","A101",2,46,"A152",1,1,"A201",0,0,1,0,0,0,0,0,0,0,0,1,1,1,0,1,0,0,1,0.14547101254588
"2910","C17910",2743,"P43",28,"S14","A34","A173","E75","A93","A101",2,29,"A152",2,1,"A201",0,0,0,1,1,0,0,0,0,1,0,0,0,1,0,1,1,0,1,0.0559528895224646
"2808","C17808",428,"P42",6,"S11","A32","A173","E75","A92","A101",1,49,"A152",1,1,"A201",0,0,0,1,0,0,1,0,0,0,0,0,1,1,0,1,0,0,0,0.348457704288415
"1426","C16426",3777,"P42",24,"S14","A34","A173","E73","A93","A101",4,50,"A152",1,1,"A201",0,0,0,1,0,0,0,0,0,1,0,1,0,1,0,1,0,0,1,0.0862113939182156
"2268","C17268",2899,"P40",18,"S12","A33","A173","E75","A93","A101",4,43,"A152",1,2,"A201",0,0,0,1,0,1,0,1,0,0,0,0,0,1,0,1,0,0,1,0.336060911421833
"1017","C16017",1537,"P43",15,"S12","A34","A173","E75","A93","A103",4,50,"A152",2,1,"A201",0,0,0,1,1,0,0,1,0,1,0,0,0,0,0,1,0,0,1,0.0669298240600406
"2499","C17499",5951,"P43",48,"S12","A32","A173","E73","A92","A101",2,22,"A152",1,1,"A201",0,0,0,1,1,0,0,1,0,0,0,1,1,1,0,1,1,1,1,0.509194010274079
"175","C15175",12749,"P43",48,"S14","A33","A174","E74","A93","A101",1,37,"A152",1,1,"A201",0,0,0,0,1,0,0,0,0,0,0,0,0,1,0,1,0,1,0,0.134927001534962
"2657","C17657",1382,"P49",24,"S11","A34","A173","E74","A93","A101",1,26,"A152",2,1,"A201",0,0,0,1,0,1,1,0,0,1,0,0,0,1,0,1,1,0,0,0.265744972178948
"493","C15493",3488,"P41",24,"S14","A32","A173","E74","A92","A101",4,23,"A152",1,1,"A201",0,0,0,1,1,0,0,0,0,0,0,0,1,1,0,1,1,0,1,0.122481642461881
"2110","C17110",2788,"P42",15,"S14","A34","A173","E74","A92","A102",3,24,"A152",2,1,"A201",0,0,0,1,0,0,0,0,0,1,0,0,1,1,0,1,1,0,1,0.0875967466201952
"4973","C19973",2247,"P40",12,"S13","A33","A173","E73","A92","A101",2,36,"A152",2,1,"A201",0,0,0,1,0,1,0,0,0,0,0,1,1,1,0,1,0,0,1,0.14547101254588
"3949","C18949",959,"P42",9,"S12","A32","A173","E73","A92","A101",2,29,"A152",1,1,"A202",1,0,0,1,0,0,0,1,0,0,0,1,1,1,0,0,1,0,1,0.130466278395522
"1873","C16873",1231,"P43",24,"S11","A34","A174","E75","A92","A101",4,57,"A151",2,1,"A201",0,0,0,0,1,0,1,0,0,1,0,0,1,1,1,1,0,0,1,0.358294929489869
"4771","C19771",2132,"P42",10,"S11","A34","A173","E72","A92","A102",3,27,"A151",2,1,"A202",0,0,0,1,0,0,1,0,0,1,1,0,1,1,1,0,1,0,1,0.219444818356808
"4404","C19404",2901,"P41",10,"S14","A32","A173","E72","A92","A101",4,31,"A151",1,1,"A201",0,0,0,1,1,0,0,0,0,0,1,0,1,1,1,1,0,0,1,0.157601948759338
"1144","C16144",1076,"P49",12,"S14","A32","A173","E73","A94","A101",2,26,"A152",1,1,"A202",0,0,0,1,0,1,0,0,0,0,0,1,0,1,0,0,1,0,1,0.0348567560931014
"1141","C16141",1437,"P40",9,"S12","A31","A173","E74","A93","A101",3,29,"A152",1,1,"A201",1,0,0,1,0,1,0,1,1,0,0,0,0,1,0,1,1,0,1,0.495548364253834
"2497","C17497",6458,"P40",18,"S14","A31","A174","E75","A93","A101",4,39,"A152",2,2,"A201",1,0,0,0,0,1,0,0,1,0,0,0,0,1,0,1,0,1,1,0.283897132217957
"154","C15154",1864,"P46",18,"S14","A34","A173","E73","A92","A101",2,30,"A152",2,1,"A201",1,0,0,1,0,1,0,0,0,1,0,1,1,1,0,1,0,0,1,0.0959139189949413
"2074","C17074",2073,"P43",12,"S14","A32","A173","E73","A92","A102",2,28,"A152",1,1,"A201",0,0,0,1,1,0,0,0,0,0,0,1,1,1,0,1,1,0,1,0.085598997180936
"3188","C18188",1393,"P40",11,"S14","A34","A174","E72","A92","A101",4,35,"A152",2,1,"A201",0,0,0,0,0,1,0,0,0,1,1,0,1,1,0,1,0,0,1,0.112924858969167
"680","C15680",846,"P43",7,"S14","A33","A173","E75","A93","A101",4,36,"A153",1,1,"A201",0,0,0,1,1,0,0,0,0,0,0,0,0,1,1,1,0,0,1,0.0752726655122679
"4600","C19600",874,"P44",15,"S14","A32","A173","E72","A92","A101",1,24,"A152",1,1,"A201",0,0,0,1,0,0,0,0,0,0,1,0,1,1,0,1,1,0,0,0.164347061300677
"4533","C19533",7409,"P49",36,"S14","A32","A173","E75","A93","A101",2,37,"A152",2,1,"A201",0,0,0,1,0,1,0,0,0,0,0,0,0,1,0,1,0,1,1,0.216071467193813
"2215","C17215",8487,"P40",48,"S12","A32","A173","E74","A92","A101",2,24,"A152",1,1,"A201",0,0,0,1,0,1,0,1,0,0,0,0,1,1,0,1,1,1,1,0.653577557343589
"3985","C18985",9398,"P41",36,"S12","A32","A174","E72","A94","A101",4,28,"A151",1,1,"A201",1,0,0,0,1,0,0,1,0,0,1,0,0,1,1,1,1,1,1,0.519804726733948
"1239","C16239",5943,"P43",24,"S14","A32","A173","E72","A92","A101",1,44,"A152",2,1,"A201",1,0,0,1,1,0,0,0,0,0,1,0,1,1,0,1,0,1,0,0.12734272483123
"2085","C17085",1987,"P43",24,"S11","A32","A172","E73","A93","A101",4,21,"A151",1,2,"A201",1,0,1,0,1,0,1,0,0,0,0,1,0,1,1,1,1,0,1,0.443444091625029
"1987","C16987",5800,"P41",36,"S12","A34","A173","E73","A93","A101",4,34,"A152",2,1,"A201",0,0,0,1,1,0,0,1,0,1,0,1,0,1,0,1,0,1,1,0.205484646234441
"2058","C17058",1437,"P40",9,"S12","A31","A173","E74","A93","A101",3,29,"A152",1,1,"A201",1,0,0,1,0,1,0,1,1,0,0,0,0,1,0,1,1,0,1,0.495548364253834
"1771","C16771",3863,"P49",24,"S14","A33","A173","E73","A93","A101",2,32,"A153",1,1,"A201",0,0,0,1,0,1,0,0,0,0,0,1,0,1,1,1,0,0,1,0.20677762631139
"380","C15380",385,"P43",12,"S11","A34","A172","E74","A92","A101",3,58,"A152",4,1,"A201",0,0,1,0,1,0,1,0,0,1,0,0,1,1,0,1,0,0,1,0.209831867234025
"4383","C19383",2284,"P43",24,"S14","A32","A173","E74","A93","A101",2,28,"A152",1,1,"A201",0,0,0,1,1,0,0,0,0,0,0,0,0,1,0,1,1,0,1,0.0922732073318229
"269","C15269",1240,"P43",12,"S14","A34","A173","E75","A92","A101",2,38,"A152",2,1,"A201",0,0,0,1,1,0,0,0,0,1,0,0,1,1,0,1,0,0,1,0.0455978313401185
"4152","C19152",2442,"P49",27,"S11","A34","A174","E75","A93","A101",4,43,"A152",4,2,"A201",0,0,0,0,0,1,1,0,0,1,0,0,0,1,0,1,0,0,1,0.366875074227521
"1764","C16764",1209,"P40",6,"S12","A33","A174","E71","A93","A101",4,47,"A152",1,1,"A201",1,0,0,0,0,1,0,1,0,0,1,0,0,1,0,1,0,0,1,0.339601000401777
"2550","C17550",1715,"P43",30,"S12","A32","A173","E73","A92","A101",1,26,"A152",1,1,"A201",0,0,0,1,1,0,0,1,0,0,0,1,1,1,0,1,1,0,0,0.28227262700841
"967","C15967",1217,"P44",18,"S11","A32","A172","E73","A94","A101",3,47,"A152",1,1,"A201",1,0,1,0,0,0,1,0,0,0,0,1,0,1,0,1,0,0,1,0.456954021341531
"1835","C16835",1275,"P44",15,"S11","A32","A173","E73","A92","A101",2,24,"A151",1,1,"A201",1,0,0,1,0,0,1,0,0,0,0,1,1,1,1,1,1,0,1,0.595869749016442
"1061","C16061",2687,"P49",15,"S13","A32","A173","E74","A93","A101",4,26,"A151",1,1,"A201",0,0,0,1,0,1,0,0,0,0,0,0,0,1,1,1,1,0,1,0.161914208802844
"4199","C19199",8358,"P40",48,"S12","A30","A173","E72","A92","A101",1,30,"A152",2,1,"A201",0,0,0,1,0,1,0,1,1,0,1,0,1,1,0,1,0,1,0,0.837801906877505
"4812","C19812",1837,"P46",24,"S12","A31","A172","E74","A92","A101",4,34,"A153",1,1,"A201",1,0,1,0,0,1,0,1,1,0,0,0,1,1,1,1,0,0,1,0.758097538822115
"1546","C16546",1552,"P43",24,"S14","A32","A173","E74","A93","A101",1,32,"A152",1,2,"A201",0,0,0,1,1,0,0,0,0,0,0,0,0,1,0,1,0,0,0,0.0655590087466866
"2632","C17632",1480,"P40",12,"S13","A34","A171","E71","A93","A101",4,66,"A153",3,1,"A201",0,1,0,0,0,1,0,0,0,1,1,0,0,1,1,1,0,0,1,0.119070293471697
"705","C15705",3195,"P40",9,"S12","A32","A172","E73","A92","A101",2,33,"A152",1,1,"A201",0,0,1,0,0,1,0,1,0,0,0,1,1,1,0,1,0,0,1,0.339967450902204
"413","C15413",3186,"P40",15,"S14","A32","A173","E74","A92","A101",3,20,"A151",1,1,"A201",0,0,0,1,0,1,0,0,0,0,0,0,1,1,1,1,1,0,1,0.209655877134545
"2757","C17757",6948,"P41",36,"S12","A32","A174","E73","A93","A101",2,35,"A151",1,1,"A201",0,0,0,0,1,0,0,1,0,0,0,1,0,1,1,1,0,1,1,0.416775680614247
"34","C15034",3617,"P42",24,"S13","A34","A173","E75","A93","A102",4,20,"A151",2,1,"A201",0,0,0,1,0,0,0,0,0,1,0,0,0,1,1,1,1,0,1,0.117420330026183
"2036","C17036",3079,"P40",36,"S14","A32","A173","E73","A93","A101",4,36,"A152",1,1,"A201",0,0,0,1,0,1,0,0,0,0,0,1,0,1,0,1,0,0,1,0.216071467193813
"3674","C18674",7758,"P41",24,"S12","A34","A173","E75","A92","A101",4,29,"A151",1,1,"A201",0,0,0,1,1,0,0,1,0,1,0,0,1,1,1,1,1,1,1,0.251418895062597
"2566","C17566",1766,"P42",6,"S14","A32","A173","E73","A94","A101",2,21,"A151",1,1,"A201",0,0,0,1,0,0,0,0,0,0,0,1,0,1,1,1,1,0,1,0.125247627356048
"230","C15230",2872,"P43",24,"S14","A34","A173","E75","A93","A101",4,36,"A152",1,2,"A201",0,0,0,1,1,0,0,0,0,1,0,0,0,1,0,1,0,0,1,0.0493213537580633
"4506","C19506",1740,"P43",6,"S14","A34","A173","E75","A94","A101",2,30,"A151",2,1,"A201",0,0,0,1,1,0,0,0,0,1,0,0,0,1,1,1,0,0,1,0.0386311410991077
"2382","C17382",4057,"P42",24,"S12","A32","A173","E74","A91","A101",3,43,"A152",1,1,"A201",1,0,0,1,0,0,0,1,0,0,0,0,1,1,0,1,0,0,1,0.459062938974264
"4279","C19279",3416,"P43",27,"S11","A32","A174","E73","A93","A101",2,27,"A152",1,1,"A201",0,0,0,0,1,0,1,0,0,0,0,1,0,1,0,1,1,0,1,0.384370337663197
"2806","C17806",1209,"P40",6,"S12","A33","A174","E71","A93","A101",4,47,"A152",1,1,"A201",1,0,0,0,0,1,0,1,0,0,1,0,0,1,0,1,0,0,1,0.339601000401777
"4896","C19896",3345,"P42",24,"S11","A32","A174","E75","A93","A101",2,39,"A151",1,1,"A201",1,0,0,0,0,0,1,0,0,0,0,0,0,1,1,1,0,0,1,0.591658592333925
"1241","C16241",433,"P46",6,"S12","A31","A173","E72","A92","A101",2,24,"A151",1,2,"A201",1,0,0,1,0,1,0,1,1,0,1,0,1,1,1,1,1,0,1,0.722795972012912
"653","C15653",4686,"P41",36,"S14","A32","A174","E73","A93","A101",2,32,"A153",1,1,"A201",0,0,0,0,1,0,0,0,0,0,0,1,0,1,1,1,0,0,1,0.176096280303628
"2617","C17617",3509,"P43",18,"S11","A32","A173","E74","A92","A103",1,25,"A152",1,1,"A201",0,0,0,1,1,0,1,0,0,0,0,0,1,0,0,1,1,0,0,0.196579672740137
"2984","C17984",3430,"P43",24,"S14","A32","A173","E75","A93","A101",2,31,"A152",1,2,"A201",0,0,0,1,1,0,0,0,0,0,0,0,0,1,0,1,0,0,1,0.0922732073318229
"2068","C17068",3749,"P42",24,"S13","A32","A173","E72","A92","A101",4,26,"A152",1,1,"A201",0,0,0,1,0,0,0,0,0,0,1,0,1,1,0,1,1,0,1,0.277713765566558
"4391","C19391",3652,"P49",21,"S12","A34","A173","E74","A93","A101",3,27,"A152",2,1,"A201",0,0,0,1,0,1,0,1,0,1,0,0,0,1,0,1,1,0,1,0.22206676980201
"1035","C16035",1393,"P40",24,"S14","A32","A173","E73","A93","A103",2,31,"A152",1,1,"A201",0,0,0,1,0,1,0,0,0,0,0,1,0,0,0,1,0,0,1,0.0935034241615197
"2873","C17873",5804,"P41",24,"S14","A34","A173","E73","A93","A101",2,27,"A152",2,1,"A201",0,0,0,1,1,0,0,0,0,1,0,1,0,1,0,1,1,1,1,0.0493213537580633
"2512","C17512",1149,"P43",18,"S14","A34","A173","E73","A93","A101",3,46,"A152",2,1,"A201",0,0,0,1,1,0,0,0,0,1,0,1,0,1,0,1,0,0,1,0.0407557644486945
"1485","C16485",1471,"P43",15,"S14","A34","A173","E73","A93","A101",4,35,"A153",2,1,"A201",0,0,0,1,1,0,0,0,0,1,0,1,0,1,1,1,0,0,1,0.0514313989216324
"3600","C18600",2862,"P40",36,"S12","A33","A173","E75","A93","A101",3,30,"A153",1,1,"A201",0,0,0,1,0,1,0,1,0,0,0,0,0,1,1,1,0,0,1,0.565127458883794
"4642","C19642",2775,"P40",18,"S14","A34","A173","E74","A93","A101",2,31,"A152",2,1,"A201",1,0,0,1,0,1,0,0,0,1,0,0,0,1,0,1,0,0,1,0.071722489173589
"923","C15923",9960,"P42",48,"S12","A32","A173","E72","A92","A101",2,26,"A152",1,1,"A201",1,0,0,1,0,0,0,1,0,0,1,0,1,1,0,1,1,1,1,0.74079148175482
"3416","C18416",2828,"P42",24,"S11","A31","A173","E73","A93","A101",4,22,"A152",1,1,"A201",0,0,0,1,0,0,1,0,1,0,0,1,0,1,0,1,1,0,1,0.729049091111075
"2643","C17643",1154,"P43",9,"S12","A34","A172","E75","A93","A101",4,37,"A152",3,1,"A201",0,0,1,0,1,0,0,1,0,1,0,0,0,1,0,1,0,0,1,0.0952508676706361
"3461","C18461",4795,"P43",36,"S12","A32","A174","E72","A92","A101",1,30,"A152",1,1,"A201",0,0,0,0,1,0,0,1,0,0,1,0,1,1,0,1,0,0,0,0.421113789473472
"4086","C19086",7865,"P42",12,"S11","A32","A174","E75","A93","A101",4,53,"A153",1,1,"A201",1,0,0,0,0,0,1,0,0,0,0,0,0,1,1,1,0,1,1,0.492842296808832
"2358","C17358",4611,"P42",6,"S14","A32","A173","E72","A92","A101",4,32,"A152",1,1,"A201",1,0,0,1,0,0,0,0,0,0,1,0,1,1,0,1,0,0,1,0.174362559758996
"809","C15809",6999,"P43",48,"S11","A32","A173","E74","A94","A103",1,34,"A152",2,1,"A201",1,0,0,1,1,0,1,0,0,0,0,0,0,0,0,1,0,1,0,0.326025691508532
"4522","C19522",1213,"P43",15,"S14","A32","A173","E75","A93","A101",3,47,"A152",1,1,"A201",0,0,0,1,1,0,0,0,0,0,0,0,0,1,0,1,0,0,1,0.070058972687681
"3290","C18290",3124,"P40",12,"S12","A34","A172","E72","A93","A101",3,49,"A152",2,2,"A201",0,0,1,0,0,1,0,1,0,1,1,0,0,1,0,1,0,0,1,0.242692774161895
"1213","C16213",2214,"P43",12,"S11","A32","A172","E73","A93","A101",3,24,"A152",1,1,"A201",0,0,1,0,1,0,1,0,0,0,0,1,0,1,0,1,1,0,1,0.274808207258382
"1921","C16921",1823,"P43",24,"S11","A32","A174","E71","A93","A101",2,30,"A152",1,2,"A201",1,0,0,0,1,0,1,0,0,0,1,0,0,1,0,1,0,0,1,0.461173401712056
"1703","C16703",2145,"P49",36,"S11","A33","A173","E74","A93","A101",1,24,"A152",2,1,"A201",1,0,0,1,0,1,1,0,0,0,0,0,0,1,0,1,1,0,0,0.513938625548174
"3066","C18066",2331,"P43",12,"S14","A34","A173","E75","A93","A102",4,49,"A152",1,1,"A201",0,0,0,1,1,0,0,0,0,1,0,0,0,1,0,1,0,0,1,0.0336251372854894
"3992","C18992",2032,"P40",24,"S14","A33","A173","E75","A93","A101",4,60,"A153",2,1,"A201",0,0,0,1,0,1,0,0,0,0,0,0,0,1,1,1,0,0,1,0.20677762631139
"2672","C17672",2462,"P42",18,"S11","A32","A173","E73","A93","A101",2,22,"A152",1,1,"A201",1,0,0,1,0,0,1,0,0,0,0,1,0,1,0,1,1,0,1,0.456954021341531
"3198","C18198",1366,"P43",9,"S11","A32","A173","E72","A92","A101",4,22,"A151",1,1,"A201",1,0,0,1,1,0,1,0,0,0,1,0,1,1,1,1,1,0,1,0.501454362368696
"1626","C16626",3868,"P41",24,"S14","A34","A174","E75","A92","A101",2,41,"A151",2,1,"A201",0,0,0,0,1,0,0,0,0,1,0,0,1,1,1,1,0,0,1,0.091283912057028
"314","C15314",3148,"P43",24,"S13","A34","A173","E73","A93","A101",2,31,"A152",2,1,"A201",0,0,0,1,1,0,0,0,0,1,0,1,0,1,0,1,0,0,1,0.0493213537580633
"3934","C18934",10722,"P40",47,"S11","A32","A172","E72","A92","A101",1,35,"A152",1,1,"A201",0,0,1,0,0,1,1,0,0,0,1,0,1,1,0,1,0,1,0,0.760291198813531
"1895","C16895",3913,"P43",36,"S13","A32","A173","E73","A93","A101",2,23,"A152",1,1,"A201",0,0,0,1,1,0,0,0,0,0,0,1,0,1,0,1,1,0,1,0.131617683018143
"2429","C17429",8858,"P41",48,"S14","A34","A173","E74","A93","A101",1,35,"A153",2,1,"A201",0,0,0,1,1,0,0,0,0,1,0,0,0,1,1,1,0,1,0,0.100923853429802
"1992","C16992",1190,"P45",18,"S11","A34","A171","E71","A92","A101",4,55,"A153",3,2,"A201",1,1,0,0,0,1,1,0,0,1,1,0,1,1,1,1,0,0,1,0.557446302469216
"4988","C19988",3905,"P40",11,"S11","A34","A173","E73","A93","A101",2,36,"A151",2,2,"A201",0,0,0,1,0,1,1,0,0,1,0,1,0,1,1,1,0,0,1,0.32419697815662
"1736","C16736",6361,"P42",18,"S12","A34","A173","E75","A93","A101",1,41,"A152",1,1,"A201",0,0,0,1,0,0,0,1,0,1,0,0,0,1,0,1,0,1,0,0.151313559710472
"2008","C17008",12749,"P43",48,"S14","A33","A174","E74","A93","A101",1,37,"A152",1,1,"A201",0,0,0,0,1,0,0,0,0,0,0,0,0,1,0,1,0,1,0,0.134927001534962
"4269","C19269",4712,"P49",24,"S12","A33","A174","E73","A93","A101",2,37,"A152",2,1,"A201",0,0,0,0,0,1,0,1,0,0,0,1,0,1,0,1,0,0,1,0.381976234220843
"4868","C19868",2463,"P40",24,"S14","A34","A173","E74","A94","A101",3,27,"A152",2,1,"A201",0,0,0,1,0,1,0,0,0,1,0,0,0,1,0,1,1,0,1,0.0862113939182156
"2399","C17399",1478,"P43",15,"S14","A33","A173","E73","A94","A101",3,33,"A152",2,1,"A201",0,0,0,1,1,0,0,0,0,0,0,1,0,1,0,1,0,0,1,0.070058972687681
"1028","C16028",12204,"P49",48,"S12","A30","A174","E73","A93","A101",2,48,"A152",1,1,"A201",0,0,0,0,0,1,0,1,1,0,0,1,0,1,0,1,0,1,1,0.782523728830962
"4796","C19796",802,"P43",15,"S12","A32","A173","E75","A93","A101",3,37,"A152",1,2,"A201",1,0,0,1,1,0,0,1,0,0,0,0,0,1,0,1,0,0,1,0.201204241649179
"3130","C18130",3031,"P43",45,"S12","A32","A173","E73","A93","A103",4,21,"A151",1,1,"A201",1,0,0,1,1,0,0,1,0,0,0,1,0,0,1,1,1,0,1,0.34981530078983
"2525","C17525",1768,"P42",12,"S14","A32","A172","E73","A93","A101",2,24,"A151",1,1,"A201",0,0,1,0,0,0,0,0,0,0,0,1,0,1,1,1,1,0,1,0.14881588529005
"1441","C16441",1743,"P43",24,"S12","A34","A172","E75","A93","A101",2,48,"A152",2,1,"A201",0,0,1,0,1,0,0,1,0,1,0,0,0,1,0,1,0,0,1,0.147817799794763
"630","C15630",1393,"P40",24,"S14","A32","A173","E73","A93","A103",2,31,"A152",1,1,"A201",0,0,0,1,0,1,0,0,0,0,0,1,0,0,0,1,0,0,1,0.0935034241615197
"2293","C17293",1288,"P45",9,"S11","A34","A173","E75","A93","A103",4,48,"A152",2,2,"A202",0,0,0,1,0,1,1,0,0,1,0,0,0,0,0,0,0,0,1,0.0491883379317303
"3928","C18928",1800,"P43",18,"S14","A34","A173","E73","A93","A101",2,24,"A152",2,1,"A201",0,0,0,1,1,0,0,0,0,1,0,1,0,1,0,1,1,0,1,0.0407557644486945
"3768","C18768",1979,"P43",15,"S14","A32","A173","E75","A93","A101",2,35,"A152",1,1,"A201",0,0,0,1,1,0,0,0,0,0,0,0,0,1,0,1,0,0,1,0.070058972687681
"556","C15556",1657,"P42",12,"S11","A32","A173","E73","A93","A101",2,27,"A152",1,1,"A201",0,0,0,1,0,0,1,0,0,0,0,1,0,1,0,1,1,0,1,0.407975552284858
"4502","C19502",2058,"P45",24,"S14","A34","A173","E73","A91","A101",2,33,"A152",2,1,"A201",0,0,0,1,0,1,0,0,0,1,0,1,1,1,0,1,0,0,1,0.114686042913361
"1675","C16675",3949,"P40",10,"S13","A32","A172","E72","A93","A103",1,37,"A152",1,2,"A201",0,0,1,0,0,1,0,0,0,0,1,0,0,0,0,1,0,0,0,0.0633788469729263
"4371","C19371",1028,"P40",18,"S14","A34","A173","E73","A92","A101",3,36,"A152",2,1,"A201",0,0,0,1,0,1,0,0,0,1,0,1,1,1,0,1,0,0,1,0.0959139189949413
"2378","C17378",3496,"P42",30,"S12","A31","A173","E73","A93","A101",2,34,"A152",1,2,"A201",0,0,0,1,0,0,0,1,1,0,0,1,0,1,0,1,0,0,1,0.664016759265556
"4832","C19832",3620,"P42",36,"S11","A32","A173","E73","A93","A103",2,37,"A152",1,2,"A201",0,0,0,1,0,0,1,0,0,0,0,1,0,0,0,1,0,0,1,0.460869072806667
"2280","C17280",1376,"P43",24,"S14","A32","A173","E74","A92","A101",1,28,"A152",1,1,"A201",0,0,0,1,1,0,0,0,0,0,0,0,1,1,0,1,1,0,0,0.0878683278599904
"3556","C18556",5866,"P40",18,"S12","A32","A173","E73","A93","A101",2,30,"A152",2,1,"A201",0,0,0,1,0,1,0,1,0,0,0,1,0,1,0,1,0,1,1,0.336060911421833
"4189","C19189",1053,"P43",15,"S11","A32","A173","E72","A94","A101",2,27,"A152",1,1,"A202",0,0,0,1,1,0,1,0,0,0,1,0,0,1,0,0,1,0,1,0.155957811918291
"848","C15848",6615,"P41",24,"S11","A34","A174","E71","A93","A101",4,75,"A153",2,1,"A201",0,0,0,0,1,0,1,0,0,1,1,0,0,1,1,1,0,1,1,0.381180378731305
"4439","C19439",7253,"P41",33,"S14","A34","A174","E74","A93","A101",2,35,"A152",2,1,"A201",0,0,0,0,1,0,0,0,0,1,0,0,0,1,0,1,0,1,1,0.0654227168880589
"3973","C18973",15653,"P43",60,"S14","A33","A173","E74","A93","A101",4,21,"A152",2,1,"A201",0,0,0,1,1,0,0,0,0,0,0,0,0,1,0,1,1,1,1,0.252030358321658
"4468","C19468",2302,"P43",36,"S11","A32","A173","E73","A91","A101",4,31,"A151",1,1,"A201",1,0,0,1,1,0,1,0,0,0,0,1,1,1,1,1,0,0,1,0.619945271613435
"286","C15286",1987,"P43",24,"S11","A32","A172","E73","A93","A101",4,21,"A151",1,2,"A201",1,0,1,0,1,0,1,0,0,0,0,1,0,1,1,1,1,0,1,0.443444091625029
"3700","C18700",11760,"P46",39,"S12","A33","A173","E74","A93","A101",3,32,"A151",1,1,"A201",0,0,0,1,0,1,0,1,0,0,0,0,0,1,1,1,0,1,1,0.589491350807343
"2158","C17158",1295,"P40",12,"S12","A32","A173","E72","A92","A101",1,25,"A151",1,1,"A201",1,0,0,1,0,1,0,1,0,0,1,0,1,1,1,1,1,0,0,0.456264374140192
"2526","C17526",1382,"P43",6,"S14","A34","A173","E73","A92","A101",1,28,"A152",2,1,"A201",0,0,0,1,1,0,0,0,0,1,0,1,1,1,0,1,1,0,0,0.026294152614619
"1551","C16551",1198,"P46",6,"S11","A31","A173","E75","A92","A101",4,35,"A153",1,1,"A201",1,0,0,1,0,1,1,0,1,0,0,0,1,1,1,1,0,0,1,0.74103901107774
"4638","C19638",2394,"P43",36,"S14","A32","A173","E73","A92","A101",4,25,"A152",1,1,"A201",0,0,0,1,1,0,0,0,0,0,0,1,1,1,0,1,1,0,1,0.172262330608823
"844","C15844",2353,"P40",21,"S12","A33","A173","E73","A91","A101",4,47,"A152",2,1,"A201",0,0,0,1,0,1,0,1,0,0,0,1,1,1,0,1,0,0,1,0.4343855046698
"1566","C16566",3656,"P43",30,"S13","A34","A172","E75","A93","A101",4,49,"A152",2,1,"A201",0,0,1,0,1,0,0,0,0,1,0,0,0,1,0,1,0,0,1,0.0595753570931899
"2261","C17261",6419,"P41",24,"S11","A34","A174","E75","A92","A101",4,44,"A153",2,2,"A201",0,0,0,0,1,0,1,0,0,1,0,0,1,1,1,1,0,1,1,0.358294929489869
"2664","C17664",3160,"P43",21,"S14","A32","A173","E75","A93","A101",3,41,"A152",1,1,"A201",0,0,0,1,1,0,0,0,0,0,0,0,0,1,0,1,0,0,1,0.0842423219804137
"799","C15799",2522,"P43",30,"S11","A32","A173","E75","A93","A103",3,39,"A152",1,2,"A201",0,0,0,1,1,0,1,0,0,0,0,0,0,0,0,1,0,0,1,0.277961474619713
"1718","C16718",2767,"P49",21,"S12","A32","A172","E75","A91","A101",2,61,"A151",2,1,"A201",1,0,1,0,0,1,0,1,0,0,0,0,1,1,1,1,0,0,1,0.519921340461186
"4939","C19939",4169,"P42",24,"S11","A32","A173","E73","A93","A101",4,28,"A152",1,1,"A201",0,0,0,1,0,0,1,0,0,0,0,1,0,1,0,1,1,0,1,0.506779146574888
"1349","C16349",1103,"P43",12,"S12","A32","A173","E74","A93","A103",3,29,"A152",2,1,"A202",0,0,0,1,1,0,0,1,0,0,0,0,0,0,0,0,1,0,1,0.0357267780261597
"821","C15821",1808,"P42",18,"S14","A33","A173","E74","A92","A101",1,22,"A152",1,1,"A201",1,0,0,1,0,0,0,0,0,0,0,0,1,1,0,1,1,0,0,0.125466441403602
"1311","C16311",1424,"P42",12,"S13","A32","A174","E75","A92","A101",4,55,"A152",1,1,"A201",0,0,0,0,0,0,0,0,0,0,0,0,1,1,0,1,0,0,1,0.14547101254588
"4097","C19097",2603,"P41",24,"S14","A32","A173","E73","A92","A101",4,28,"A151",1,1,"A201",0,0,0,1,1,0,0,0,0,0,0,1,1,1,1,1,1,0,1,0.164457531955865
"2586","C17586",4380,"P40",18,"S11","A32","A172","E73","A93","A101",4,35,"A152",1,2,"A201",0,0,1,0,0,1,1,0,0,0,0,1,0,1,0,1,0,0,1,0.456954021341531
"1765","C16765",790,"P43",9,"S12","A32","A172","E73","A92","A101",3,66,"A152",1,1,"A201",0,0,1,0,1,0,0,1,0,0,0,1,1,1,0,1,0,0,1,0.220722435575726
"2228","C17228",2503,"P49",30,"S12","A33","A173","E75","A93","A101",2,41,"A152",2,1,"A201",0,0,0,1,0,1,0,1,0,0,0,0,0,1,0,1,0,0,1,0.430101007556077
"4495","C19495",3676,"P40",6,"S11","A34","A173","E73","A93","A101",3,37,"A151",3,2,"A201",0,0,0,1,0,1,1,0,0,1,0,1,0,1,1,1,0,0,1,0.288846770606972
"2783","C17783",1569,"P43",15,"S14","A31","A172","E75","A93","A101",4,34,"A152",1,2,"A201",0,0,1,0,1,0,0,0,1,0,0,0,0,1,0,1,0,0,1,0.164777971319919
"1109","C16109",1546,"P40",10,"S14","A32","A172","E73","A93","A101",2,31,"A152",1,2,"A202",0,0,1,0,0,1,0,0,0,0,0,1,0,1,0,0,0,0,1,0.0326850600118024
"4007","C19007",3031,"P43",45,"S12","A32","A173","E73","A93","A103",4,21,"A151",1,1,"A201",1,0,0,1,1,0,0,1,0,0,0,1,0,0,1,1,1,0,1,0.34981530078983
"3980","C18980",522,"P43",12,"S14","A34","A173","E75","A93","A101",4,42,"A152",2,2,"A201",0,0,0,1,1,0,0,0,0,1,0,0,0,1,0,1,0,0,1,0.0336251372854894
"952","C15952",3872,"P45",18,"S12","A32","A173","E71","A92","A101",4,67,"A152",1,1,"A201",0,0,0,1,0,1,0,1,0,0,1,0,1,1,0,1,0,0,1,0.51285692496571
"2691","C17691",1275,"P44",15,"S11","A32","A173","E73","A92","A101",2,24,"A151",1,1,"A201",1,0,0,1,0,0,1,0,0,0,0,1,1,1,1,1,1,0,1,0.595869749016442
"1837","C16837",1168,"P40",12,"S11","A32","A172","E73","A94","A101",3,27,"A152",1,1,"A201",0,0,1,0,0,1,1,0,0,0,0,1,0,1,0,1,1,0,1,0.407975552284858
"1569","C16569",1047,"P46",6,"S13","A34","A172","E73","A92","A101",4,50,"A152",1,1,"A201",0,0,1,0,0,1,0,0,0,1,0,1,1,1,0,1,0,0,1,0.0664259560930571
"1327","C16327",1478,"P43",15,"S14","A33","A173","E73","A94","A101",3,33,"A152",2,1,"A201",0,0,0,1,1,0,0,0,0,0,0,1,0,1,0,1,0,0,1,0.070058972687681
"1509","C16509",1291,"P43",12,"S14","A34","A173","E73","A92","A101",2,35,"A152",2,1,"A201",0,0,0,1,1,0,0,0,0,1,0,1,1,1,0,1,0,0,1,0.0455978313401185
"4985","C19985",11998,"P45",30,"S11","A32","A174","E72","A91","A101",1,34,"A152",1,1,"A201",1,0,0,0,0,1,1,0,0,0,1,0,1,1,0,1,0,1,0,0.642992555318092
"2669","C17669",1533,"P43",24,"S14","A32","A173","E72","A92","A101",3,38,"A152",1,1,"A201",0,0,0,1,1,0,0,0,0,0,1,0,1,1,0,1,0,0,1,0.174530529349893
"595","C15595",1258,"P43",24,"S13","A32","A172","E73","A92","A101",3,57,"A152",1,1,"A201",0,0,1,0,1,0,0,0,0,0,0,1,1,1,0,1,0,0,1,0.122481642461881
"3940","C18940",7685,"P49",48,"S11","A31","A173","E74","A92","A103",4,37,"A151",1,1,"A201",1,0,0,1,0,1,1,0,1,0,0,0,1,0,1,1,0,1,1,0.866001781265604
"2028","C17028",8229,"P41",36,"S11","A32","A173","E73","A93","A101",2,26,"A152",1,2,"A201",1,0,0,1,1,0,1,0,0,0,0,1,0,1,0,1,1,1,1,0.457243458297937
"2598","C17598",2687,"P49",15,"S13","A32","A173","E74","A93","A101",4,26,"A151",1,1,"A201",0,0,0,1,0,1,0,0,0,0,0,0,0,1,1,1,1,0,1,0.161914208802844
"1071","C16071",3556,"P40",15,"S14","A32","A173","E73","A93","A101",2,29,"A152",1,1,"A201",0,0,0,1,0,1,0,0,0,0,0,1,0,1,0,1,1,0,1,0.120493858525528
"2907","C17907",3590,"P42",12,"S11","A32","A172","E73","A93","A102",2,29,"A152",1,2,"A201",0,0,1,0,0,0,1,0,0,0,0,1,0,1,0,1,1,0,1,0.407975552284858
"1721","C16721",2901,"P41",10,"S14","A32","A173","E72","A92","A101",4,31,"A151",1,1,"A201",0,0,0,1,1,0,0,0,0,0,1,0,1,1,1,1,0,0,1,0.157601948759338
"870","C15870",3124,"P40",12,"S12","A34","A172","E72","A93","A101",3,49,"A152",2,2,"A201",0,0,1,0,0,1,0,1,0,1,1,0,0,1,0,1,0,0,1,0.242692774161895
"987","C15987",1963,"P43",12,"S14","A32","A174","E74","A93","A101",2,31,"A151",2,2,"A201",0,0,0,0,1,0,0,0,0,0,0,0,0,1,1,1,0,0,1,0.087708508835187
"1996","C16996",7297,"P49",60,"S11","A32","A173","E75","A93","A102",4,36,"A151",1,1,"A201",1,0,0,1,0,1,1,0,0,0,0,0,0,1,1,1,0,1,1,0.827669951364863
"836","C15836",9629,"P41",36,"S11","A34","A173","E74","A93","A101",4,24,"A152",2,1,"A201",1,0,0,1,1,0,1,0,0,1,0,0,0,1,0,1,1,1,1,0.300677399425924
"3060","C18060",640,"P40",12,"S14","A32","A172","E73","A91","A101",2,49,"A152",1,1,"A201",0,0,1,0,0,1,0,0,0,0,0,1,1,1,0,1,0,0,1,0.14547101254588
"2836","C17836",458,"P43",9,"S12","A32","A173","E73","A93","A101",3,24,"A152",1,1,"A201",0,0,0,1,1,0,0,1,0,0,0,1,0,1,0,1,1,0,1,0.171006005462675
"2477","C17477",4281,"P42",33,"S11","A34","A173","E73","A92","A101",4,23,"A152",2,1,"A201",1,0,0,1,0,0,1,0,0,1,0,1,1,1,0,1,1,0,1,0.492784502837146
"121","C15121",3804,"P43",36,"S12","A30","A173","E73","A92","A101",1,42,"A152",1,1,"A201",1,0,0,1,1,0,0,1,1,0,0,1,1,1,0,1,0,0,0,0.557050023755356
"4960","C19960",1199,"P46",9,"S12","A32","A174","E74","A92","A101",4,67,"A152",2,1,"A201",0,0,0,0,0,1,0,1,0,0,0,0,1,1,0,1,0,0,1,0.339967450902204
"3269","C18269",2384,"P43",24,"S11","A32","A172","E75","A93","A101",4,64,"A151",1,1,"A201",0,0,1,0,1,0,1,0,0,0,0,0,0,1,1,1,0,0,1,0.443444091625029
"1640","C16640",1154,"P43",11,"S14","A34","A172","E71","A92","A101",4,57,"A152",3,1,"A201",0,0,1,0,1,0,0,0,0,1,1,0,1,1,0,1,0,0,1,0.0654224512995704
"3921","C18921",1445,"P43",18,"S13","A31","A172","E74","A93","A101",4,49,"A152",1,1,"A201",0,0,1,0,1,0,0,0,1,0,0,0,0,1,0,1,0,0,1,0.178985801652219
"3772","C18772",1204,"P40",6,"S14","A30","A173","E73","A93","A101",1,35,"A151",1,1,"A202",0,0,0,1,0,1,0,0,1,0,0,1,0,1,1,0,0,0,0,0.0700987027661843
"8","C15008",2142,"P49",11,"S14","A32","A173","E75","A91","A101",2,28,"A152",1,1,"A201",0,0,0,1,0,1,0,0,0,0,0,0,1,1,0,1,1,0,1,0.141381616894064
"2584","C17584",1318,"P40",12,"S12","A32","A173","E75","A93","A101",4,54,"A152",1,1,"A201",0,0,0,1,0,1,0,1,0,0,0,0,0,1,0,1,0,0,1,0.293047773292849
"1372","C16372",4221,"P49",30,"S12","A30","A173","E73","A92","A101",1,28,"A152",2,1,"A201",0,0,0,1,0,1,0,1,1,0,0,1,1,1,0,1,1,0,0,0.651920290005438
"4258","C19258",2848,"P41",10,"S14","A32","A173","E73","A93","A102",2,32,"A152",1,2,"A201",0,0,0,1,1,0,0,0,0,0,0,1,0,1,0,1,0,0,1,0.0599611113178653
"33","C15033",2728,"P43",15,"S12","A34","A173","E74","A93","A103",2,35,"A152",3,1,"A201",0,0,0,1,1,0,0,1,0,1,0,0,0,0,0,1,0,0,1,0.0669298240600406
"316","C15316",1747,"P42",24,"S11","A32","A172","E72","A93","A102",1,24,"A152",1,1,"A202",0,0,1,0,0,0,1,0,0,0,1,0,0,1,0,0,1,0,0,0.238338750980561
"3686","C18686",2141,"P43",12,"S14","A32","A173","E74","A93","A101",1,35,"A152",1,1,"A201",0,0,0,1,1,0,0,0,0,0,0,0,0,1,0,1,0,0,0,0.0449395332683648
"4837","C19837",766,"P43",12,"S12","A32","A172","E73","A93","A101",3,66,"A152",1,1,"A201",1,0,1,0,1,0,0,1,0,0,0,1,0,1,0,1,0,0,1,0.185631490468526
"691","C15691",3249,"P40",36,"S11","A32","A174","E74","A93","A101",4,39,"A153",1,2,"A201",0,0,0,0,0,1,1,0,0,0,0,0,0,1,1,1,0,0,1,0.683582560245265
"2346","C17346",1422,"P40",9,"S11","A32","A174","E72","A93","A101",2,27,"A153",1,1,"A201",1,0,0,0,0,1,1,0,0,0,1,0,0,1,1,1,1,0,1,0.571209261304109
"3967","C18967",763,"P42",12,"S14","A32","A173","E73","A92","A101",1,26,"A152",1,1,"A201",0,0,0,1,0,0,0,0,0,0,0,1,1,1,0,1,1,0,0,0.105139311087016
"2029","C17029",2622,"P49",18,"S12","A32","A173","E73","A93","A101",4,34,"A152",1,1,"A201",0,0,0,1,0,1,0,1,0,0,0,1,0,1,0,1,0,0,1,0.336060911421833
"1055","C16055",1498,"P43",12,"S11","A32","A173","E73","A92","A101",1,23,"A152",1,1,"A201",0,0,0,1,1,0,1,0,0,0,0,1,1,1,0,1,1,0,0,0.264226030906443
"3628","C18628",3051,"P44",48,"S11","A32","A173","E73","A93","A101",4,54,"A152",1,1,"A201",1,0,0,1,0,0,1,0,0,0,0,1,0,1,0,1,0,0,1,0.695516132764597
"4575","C19575",3378,"P41",18,"S14","A32","A173","E73","A93","A101",1,31,"A152",1,1,"A201",0,0,0,1,1,0,0,0,0,0,0,1,0,1,0,1,0,0,0,0.0543346139838681
"1290","C16290",1049,"P42",18,"S11","A34","A173","E72","A92","A101",4,21,"A151",1,1,"A201",0,0,0,1,0,0,1,0,0,1,1,0,1,1,1,1,1,0,1,0.557446302469216
"3005","C18005",2762,"P42",12,"S12","A32","A173","E75","A92","A101",2,25,"A152",1,1,"A201",1,0,0,1,0,0,0,1,0,0,0,0,1,1,0,1,1,0,1,0.362720784592558
"1944","C16944",1264,"P40",15,"S12","A31","A173","E73","A94","A101",2,25,"A151",1,1,"A201",1,0,0,1,0,1,0,1,1,0,0,1,0,1,1,1,1,0,1,0.628463387574902
"3477","C18477",3079,"P40",36,"S14","A32","A173","E73","A93","A101",4,36,"A152",1,1,"A201",0,0,0,1,0,1,0,0,0,0,0,1,0,1,0,1,0,0,1,0.216071467193813
"93","C15093",2578,"P42",12,"S11","A32","A174","E71","A92","A101",4,55,"A153",1,1,"A201",0,0,0,0,0,0,1,0,0,0,1,0,1,1,1,1,0,0,1,0.669008540669356
"1338","C16338",3621,"P43",24,"S14","A32","A173","E75","A93","A101",4,31,"A152",2,1,"A201",1,0,0,1,1,0,0,0,0,0,0,0,0,1,0,1,0,0,1,0.0922732073318229
"1801","C16801",9857,"P49",36,"S12","A33","A172","E74","A93","A101",3,31,"A152",2,2,"A201",0,0,1,0,0,1,0,1,0,0,0,0,0,1,0,1,0,1,1,0.479583959413556
"4448","C19448",1941,"P49",18,"S12","A32","A172","E73","A93","A101",2,35,"A152",1,1,"A201",0,0,1,0,0,1,0,1,0,0,0,1,0,1,0,1,0,0,1,0.336060911421833
"2211","C17211",1301,"P43",18,"S12","A32","A172","E75","A94","A103",2,32,"A152",1,1,"A201",0,0,1,0,1,0,0,1,0,0,0,0,0,0,0,1,0,0,1,0.134430344830141
"2534","C17534",8335,"P41",36,"S11","A32","A173","E75","A93","A101",4,47,"A153",1,1,"A201",1,0,0,1,1,0,1,0,0,0,0,0,0,1,1,1,0,1,1,0.542959575984832
"2801","C17801",2073,"P43",12,"S14","A32","A173","E73","A92","A102",2,28,"A152",1,1,"A201",0,0,0,1,1,0,0,0,0,0,0,1,1,1,0,1,1,0,1,0.085598997180936
"3311","C18311",1313,"P42",9,"S14","A32","A173","E75","A93","A101",4,20,"A152",1,1,"A201",0,0,0,1,0,0,0,0,0,0,0,0,0,1,0,1,1,0,1,0.100879418587663
"2171","C17171",1655,"P43",12,"S14","A34","A172","E75","A93","A101",4,63,"A152",2,1,"A201",0,0,1,0,1,0,0,0,0,1,0,0,0,1,0,1,0,0,1,0.0336251372854894
"1493","C16493",3990,"P44",36,"S12","A31","A171","E72","A92","A101",2,29,"A152",1,1,"A201",0,1,0,0,0,0,0,1,1,0,1,0,1,1,0,1,1,0,1,0.83387078891466
"3566","C18566",3973,"P40",14,"S11","A32","A173","E71","A93","A101",4,22,"A153",1,1,"A201",0,0,0,1,0,1,1,0,0,0,1,0,0,1,1,1,1,0,1,0.611406405520964
"4945","C19945",3394,"P45",42,"S11","A34","A171","E71","A93","A102",4,65,"A152",2,1,"A201",0,1,0,0,0,1,1,0,0,1,1,0,0,1,0,1,0,0,1,0.591207994178566
"3444","C18444",7511,"P41",18,"S11","A32","A173","E75","A93","A101",4,51,"A153",1,2,"A201",1,0,0,1,1,0,1,0,0,0,0,0,0,1,1,1,0,1,1,0.394860765356309
"2033","C17033",3077,"P43",30,"S14","A34","A173","E75","A93","A101",2,40,"A152",2,2,"A201",0,0,0,1,1,0,0,0,0,1,0,0,0,1,0,1,0,0,1,0.0595753570931899
"1177","C16177",1534,"P43",12,"S12","A32","A173","E72","A94","A101",1,23,"A151",1,1,"A201",1,0,0,1,1,0,0,1,0,0,1,0,0,1,1,1,1,0,0,0.251530593703177
"2114","C17114",2241,"P42",21,"S14","A32","A173","E75","A93","A101",2,50,"A152",2,1,"A201",0,0,0,1,0,0,0,0,0,0,0,0,0,1,0,1,0,0,1,0.143314138910187
"2152","C17152",7855,"P40",36,"S14","A34","A173","E73","A92","A101",2,25,"A152",2,1,"A201",1,0,0,1,0,1,0,0,0,1,0,1,1,1,0,1,1,1,1,0.161882834668549
"1682","C16682",1459,"P43",15,"S14","A34","A172","E73","A92","A101",2,43,"A152",1,1,"A201",0,0,1,0,1,0,0,0,0,1,0,1,1,1,0,1,0,0,1,0.0501464422049786
"4810","C19810",6560,"P40",48,"S12","A32","A173","E74","A93","A101",2,24,"A152",1,1,"A201",1,0,0,1,0,1,0,1,0,0,0,0,0,1,0,1,1,1,1,0.578775649954521
"1904","C16904",1553,"P42",18,"S11","A31","A173","E73","A93","A101",3,44,"A152",1,1,"A201",1,0,0,1,0,0,1,0,1,0,0,1,0,1,0,1,0,0,1,0.687847208868979
"830","C15830",1237,"P43",6,"S14","A34","A173","E73","A92","A101",1,27,"A152",2,1,"A201",0,0,0,1,1,0,0,0,0,1,0,1,1,1,0,1,1,0,0,0.026294152614619
"3729","C18729",1300,"P41",15,"S14","A32","A173","E75","A93","A101",4,45,"A153",1,2,"A201",0,0,0,1,1,0,0,0,0,0,0,0,0,1,1,1,0,0,1,0.096035175924538
"1530","C16530",3062,"P42",24,"S14","A32","A173","E75","A93","A101",3,32,"A151",1,1,"A201",0,0,0,1,0,0,0,0,0,0,0,0,0,1,1,1,0,0,1,0.20677762631139
"1453","C16453",975,"P42",15,"S11","A34","A173","E73","A91","A101",3,25,"A152",2,1,"A201",0,0,0,1,0,0,1,0,0,1,0,1,1,1,0,1,1,0,1,0.347952285056178
"910","C15910",1200,"P46",12,"S11","A32","A173","E73","A92","A101",4,23,"A151",1,1,"A201",0,0,0,1,0,1,1,0,0,0,0,1,1,1,1,1,1,0,1,0.571609313138525
"1687","C16687",6314,"P50",24,"S14","A34","A174","E71","A93","A102",2,27,"A152",2,1,"A201",0,0,0,0,0,1,0,0,0,1,1,0,0,1,0,1,1,1,1,0.125043466806953
"638","C15638",1569,"P43",15,"S14","A31","A172","E75","A93","A101",4,34,"A152",1,2,"A201",0,0,1,0,1,0,0,0,1,0,0,0,0,1,0,1,0,0,1,0.164777971319919
"2592","C17592",900,"P40",12,"S11","A32","A173","E73","A94","A101",2,23,"A152",1,1,"A201",1,0,0,1,0,1,1,0,0,0,0,1,0,1,0,1,1,0,1,0.407975552284858
"2491","C17491",2767,"P49",21,"S12","A32","A172","E75","A91","A101",2,61,"A151",2,1,"A201",1,0,1,0,0,1,0,1,0,0,0,0,1,1,1,1,0,0,1,0.519921340461186
"3046","C18046",9398,"P41",36,"S12","A32","A174","E72","A94","A101",4,28,"A151",1,1,"A201",1,0,0,0,1,0,0,1,0,0,1,0,0,1,1,1,1,1,1,0.519804726733948
"1494","C16494",1113,"P43",18,"S12","A32","A172","E73","A92","A103",4,26,"A152",1,2,"A201",0,0,1,0,1,0,0,1,0,0,0,1,1,0,0,1,1,0,1,0.175767759564461
"3236","C18236",7511,"P41",18,"S11","A32","A173","E75","A93","A101",4,51,"A153",1,2,"A201",1,0,0,1,1,0,1,0,0,0,0,0,0,1,1,1,0,1,1,0.394860765356309
"3485","C18485",1185,"P49",12,"S14","A34","A173","E73","A92","A101",2,27,"A152",2,1,"A201",0,0,0,1,0,1,0,0,0,1,0,1,1,1,0,1,1,0,1,0.0799370288159394
"401","C15401",2032,"P40",24,"S14","A33","A173","E75","A93","A101",4,60,"A153",2,1,"A201",0,0,0,1,0,1,0,0,0,0,0,0,0,1,1,1,0,0,1,0.20677762631139
"4414","C19414",6615,"P41",24,"S11","A34","A174","E71","A93","A101",4,75,"A153",2,1,"A201",0,0,0,0,1,0,1,0,0,1,1,0,0,1,1,1,0,1,1,0.381180378731305
"3074","C18074",1572,"P49",21,"S14","A32","A172","E75","A92","A101",4,36,"A152",1,1,"A201",0,0,1,0,0,1,0,0,0,0,0,0,1,1,0,1,0,0,1,0.18679379721218
"491","C15491",4675,"P41",12,"S14","A32","A173","E72","A92","A101",4,20,"A151",1,1,"A201",0,0,0,1,1,0,0,0,0,0,1,0,1,1,1,1,1,0,1,0.166643653409272
"1436","C16436",1347,"P43",10,"S13","A34","A173","E74","A93","A101",2,27,"A152",2,1,"A201",0,0,0,1,1,0,0,0,0,1,0,0,0,1,0,1,1,0,1,0.0315276686823389
"3341","C18341",3990,"P44",36,"S12","A31","A171","E72","A92","A101",2,29,"A152",1,1,"A201",0,1,0,0,0,0,0,1,1,0,1,0,1,1,0,1,1,0,1,0.83387078891466
"3199","C18199",3092,"P43",24,"S12","A32","A173","E72","A94","A101",2,22,"A151",1,1,"A201",1,0,0,1,1,0,0,1,0,0,1,0,0,1,1,1,1,0,1,0.420627359939678
"2493","C17493",790,"P43",9,"S12","A32","A172","E73","A92","A101",3,66,"A152",1,1,"A201",0,0,1,0,1,0,0,1,0,0,0,1,1,1,0,1,0,0,1,0.220722435575726
"3100","C18100",10127,"P40",48,"S14","A34","A173","E73","A93","A101",2,44,"A153",1,1,"A201",1,0,0,1,0,1,0,0,0,1,0,1,0,1,1,1,0,1,1,0.228258454914672
"1383","C16383",2820,"P40",36,"S12","A34","A173","E72","A91","A101",4,27,"A152",2,1,"A201",1,0,0,1,0,1,0,1,0,1,1,0,1,1,0,1,1,0,1,0.494499743157987
"2145","C17145",1526,"P41",12,"S11","A34","A174","E75","A93","A101",4,66,"A153",2,1,"A201",0,0,0,0,1,0,1,0,0,1,0,0,0,1,1,1,0,0,1,0.214285514660529
"3230","C18230",2028,"P42",24,"S14","A34","A172","E74","A93","A101",2,30,"A152",2,1,"A201",0,0,1,0,0,0,0,0,0,1,0,0,0,1,0,1,0,0,1,0.0862113939182156
"2324","C17324",625,"P43",12,"S12","A32","A172","E72","A94","A103",1,26,"A152",1,1,"A201",0,0,1,0,1,0,0,1,0,0,1,0,0,0,0,1,1,0,0,0.117367877078346
"4381","C19381",8588,"P41",39,"S14","A32","A174","E75","A93","A101",2,45,"A152",1,1,"A201",0,0,0,0,1,0,0,0,0,0,0,0,0,1,0,1,0,1,1,0.143457395438027
"1558","C16558",1366,"P43",9,"S11","A32","A173","E72","A92","A101",4,22,"A151",1,1,"A201",1,0,0,1,1,0,1,0,0,0,1,0,1,1,1,1,1,0,1,0.501454362368696
"3011","C18011",2346,"P41",24,"S14","A34","A173","E74","A93","A101",3,35,"A152",2,1,"A201",0,0,0,1,1,0,0,0,0,1,0,0,0,1,0,1,0,0,1,0.0493213537580633
"1173","C16173",1521,"P42",10,"S12","A32","A172","E73","A91","A101",2,31,"A152",1,1,"A201",0,0,1,0,0,0,0,1,0,0,0,1,1,1,0,1,0,0,1,0.347476293840844
"3804","C18804",976,"P40",18,"S11","A32","A172","E72","A92","A101",2,23,"A152",1,1,"A201",1,0,1,0,0,1,1,0,0,0,1,0,1,1,0,1,1,0,1,0.63638909498895
"420","C15420",10875,"P40",36,"S14","A33","A173","E75","A93","A101",2,45,"A152",2,2,"A201",0,0,0,1,0,1,0,0,0,0,0,0,0,1,0,1,0,1,1,0.216071467193813
"3506","C18506",7308,"P40",10,"S12","A32","A174","E71","A93","A101",4,70,"A153",1,1,"A201",0,0,0,0,0,1,0,1,0,0,1,0,0,1,1,1,0,1,1,0.453085431306549
"795","C15795",3850,"P41",18,"S14","A34","A173","E74","A93","A101",1,27,"A152",2,1,"A201",0,0,0,1,1,0,0,0,0,1,0,0,0,1,0,1,1,0,0,0.0284883880339289
"2506","C17506",250,"P40",6,"S14","A34","A172","E73","A92","A101",2,41,"A152",2,1,"A201",0,0,1,0,0,1,0,0,0,1,0,1,1,1,0,1,0,0,1,0.0664259560930571
"193","C15193",3632,"P41",24,"S11","A31","A173","E73","A92","A103",4,22,"A151",1,1,"A202",0,0,0,1,1,0,1,0,1,0,0,1,1,0,1,0,1,0,1,0.317717210491778
"131","C15131",3213,"P43",18,"S12","A32","A173","E72","A94","A101",3,25,"A151",1,1,"A201",0,0,0,1,1,0,0,1,0,0,1,0,0,1,1,1,1,0,1,0.372869066174564
"343","C15343",2631,"P40",15,"S12","A32","A173","E73","A92","A101",4,28,"A151",2,1,"A201",1,0,0,1,0,1,0,1,0,0,0,1,1,1,1,1,1,0,1,0.470035475858885
"1923","C16923",9857,"P49",36,"S12","A33","A172","E74","A93","A101",3,31,"A152",2,2,"A201",0,0,1,0,0,1,0,1,0,0,0,0,0,1,0,1,0,1,1,0.479583959413556
"909","C15909",4933,"P43",39,"S12","A34","A173","E74","A93","A103",2,25,"A152",2,1,"A201",1,0,0,1,1,0,0,1,0,1,0,0,0,0,0,1,1,0,1,0.137534792128403
"4679","C19679",1953,"P49",36,"S12","A30","A174","E75","A93","A101",4,61,"A153",1,1,"A201",1,0,0,0,0,1,0,1,1,0,0,0,0,1,1,1,0,0,1,0.772886705061983
"75","C15075",1237,"P42",8,"S12","A32","A173","E73","A92","A101",4,24,"A152",1,1,"A201",1,0,0,1,0,0,0,1,0,0,0,1,1,1,0,1,1,0,1,0.332538178979237
"2387","C17387",5711,"P41",36,"S14","A34","A174","E75","A93","A101",2,38,"A152",2,1,"A201",0,0,0,0,1,0,0,0,0,1,0,0,0,1,0,1,0,1,1,0.0718001806269258
"4967","C19967",7596,"P41",30,"S14","A34","A173","E75","A93","A101",4,63,"A152",2,1,"A201",0,0,0,1,1,0,0,0,0,1,0,0,0,1,0,1,0,1,1,0.0595753570931899
"1271","C16271",1198,"P46",6,"S11","A31","A173","E75","A92","A101",4,35,"A153",1,1,"A201",1,0,0,1,0,1,1,0,1,0,0,0,1,1,1,1,0,0,1,0.74103901107774
"1772","C16772",1867,"P43",30,"S14","A32","A173","E75","A93","A101",4,58,"A152",1,1,"A201",0,0,0,1,1,0,0,0,0,0,0,0,0,1,0,1,0,0,1,0.110419804040948
"2895","C17895",2375,"P49",24,"S14","A33","A173","E73","A93","A101",2,44,"A152",2,2,"A201",0,0,0,1,0,1,0,0,0,0,0,1,0,1,0,1,0,0,1,0.156016974968144
"3812","C18812",709,"P40",6,"S13","A32","A171","E72","A94","A101",2,27,"A152",1,1,"A202",0,1,0,0,0,1,0,0,0,0,1,0,0,1,0,0,1,0,1,0.0428819847964312
"1770","C16770",902,"P48",12,"S11","A32","A173","E74","A94","A101",4,21,"A151",1,1,"A201",1,0,0,1,1,0,1,0,0,0,0,0,0,1,1,1,1,0,1,0.348269432476528
"4822","C19822",1382,"P49",24,"S11","A34","A173","E74","A93","A101",1,26,"A152",2,1,"A201",0,0,0,1,0,1,1,0,0,1,0,0,0,1,0,1,1,0,0,0.265744972178948
"1599","C16599",2828,"P42",24,"S11","A31","A173","E73","A93","A101",4,22,"A152",1,1,"A201",0,0,0,1,0,0,1,0,1,0,0,1,0,1,0,1,1,0,1,0.729049091111075
"2850","C17850",4591,"P49",24,"S14","A32","A174","E73","A93","A101",3,54,"A152",3,1,"A201",1,0,0,0,0,1,0,0,0,0,0,1,0,1,0,1,0,0,1,0.156016974968144
"164","C15164",15653,"P43",60,"S14","A33","A173","E74","A93","A101",4,21,"A152",2,1,"A201",0,0,0,1,1,0,0,0,0,0,0,0,0,1,0,1,1,1,1,0.252030358321658
"1850","C16850",1371,"P40",24,"S11","A32","A173","E73","A92","A101",4,25,"A151",1,1,"A201",1,0,0,1,0,1,1,0,0,0,0,1,1,1,1,1,1,0,1,0.665494948733669
"2329","C17329",1249,"P40",24,"S14","A32","A173","E72","A94","A101",2,28,"A152",1,1,"A201",0,0,0,1,0,1,0,0,0,0,1,0,0,1,0,1,1,0,1,0.218764052120376
"3221","C18221",2675,"P43",22,"S14","A32","A173","E75","A93","A101",4,40,"A152",1,1,"A201",0,0,0,1,1,0,0,0,0,0,0,0,0,1,0,1,0,0,1,0.0868461582175457
"3462","C18462",3915,"P49",27,"S12","A32","A173","E73","A93","A101",2,36,"A152",1,2,"A201",1,0,0,1,0,1,0,1,0,0,0,1,0,1,0,1,0,0,1,0.405812477711021
"4609","C19609",7629,"P49",48,"S14","A34","A174","E75","A91","A101",2,46,"A152",2,2,"A201",0,0,0,0,0,1,0,0,0,1,0,0,1,1,0,1,0,1,1,0.223597042136655
"4871","C19871",10127,"P40",48,"S14","A34","A173","E73","A93","A101",2,44,"A153",1,1,"A201",1,0,0,1,0,1,0,0,0,1,0,1,0,1,1,1,0,1,1,0.228258454914672
"3312","C18312",3632,"P41",24,"S11","A31","A173","E73","A92","A103",4,22,"A151",1,1,"A202",0,0,0,1,1,0,1,0,1,0,0,1,1,0,1,0,1,0,1,0.317717210491778
"2644","C17644",11590,"P41",48,"S14","A34","A172","E73","A92","A101",4,24,"A151",2,1,"A201",1,0,1,0,1,0,0,0,0,1,0,1,1,1,1,1,1,1,1,0.182553780895861
"2504","C17504",2483,"P42",24,"S11","A31","A173","E73","A93","A101",4,22,"A152",1,1,"A201",0,0,0,1,0,0,1,0,1,0,0,1,0,1,0,1,1,0,1,0.729049091111075
"532","C15532",1240,"P43",12,"S14","A34","A173","E75","A92","A101",2,38,"A152",2,1,"A201",0,0,0,1,1,0,0,0,0,1,0,0,1,1,0,1,0,0,1,0.0455978313401185
"3204","C18204",4679,"P41",24,"S14","A33","A172","E74","A93","A101",3,35,"A152",2,1,"A201",0,0,1,0,1,0,0,0,0,0,0,0,0,1,0,1,0,0,1,0.0922732073318229
"784","C15784",5954,"P43",30,"S14","A34","A173","E74","A93","A102",2,38,"A152",1,1,"A201",0,0,0,1,1,0,0,0,0,1,0,0,0,1,0,1,0,1,1,0.0595753570931899
"565","C15565",790,"P43",9,"S12","A32","A172","E73","A92","A101",3,66,"A152",1,1,"A201",0,0,1,0,1,0,0,1,0,0,0,1,1,1,0,1,0,0,1,0.220722435575726
"3504","C18504",4455,"P49",36,"S12","A33","A174","E73","A91","A101",2,30,"A152",2,1,"A201",1,0,0,0,0,1,0,1,0,0,0,1,1,1,0,1,0,0,1,0.558565765564914
"1014","C16014",2978,"P42",6,"S14","A32","A173","E73","A93","A101",2,32,"A152",1,1,"A201",0,0,0,1,0,0,0,0,0,0,0,1,0,1,0,1,0,0,1,0.0921755629263623
"915","C15915",9283,"P41",42,"S12","A31","A174","E71","A93","A101",2,55,"A153",1,1,"A201",0,0,0,0,1,0,0,1,1,0,1,0,0,1,1,1,0,1,1,0.775855438413782
"2460","C17460",7685,"P49",48,"S11","A31","A173","E74","A92","A103",4,37,"A151",1,1,"A201",1,0,0,1,0,1,1,0,1,0,0,0,1,0,1,1,0,1,1,0.866001781265604
"3359","C18359",2299,"P43",36,"S14","A32","A173","E75","A93","A101",4,39,"A152",1,1,"A201",0,0,0,1,1,0,0,0,0,0,0,0,0,1,0,1,0,0,1,0.131617683018143
"2088","C17088",2301,"P42",9,"S14","A32","A173","E72","A92","A101",4,22,"A151",1,1,"A201",0,0,0,1,0,0,0,0,0,0,1,0,1,1,1,1,1,0,1,0.247601353254138
"60","C15060",1239,"P46",18,"S12","A32","A173","E73","A93","A101",4,61,"A153",1,1,"A201",0,0,0,1,0,1,0,1,0,0,0,1,0,1,1,1,0,0,1,0.416492202906117
"2513","C17513",4221,"P49",30,"S12","A30","A173","E73","A92","A101",1,28,"A152",2,1,"A201",0,0,0,1,0,1,0,1,1,0,0,1,1,1,0,1,1,0,0,0.651920290005438
"2406","C17406",3422,"P42",18,"S14","A32","A173","E75","A93","A101",4,47,"A152",3,2,"A201",0,0,0,1,0,0,0,0,0,0,0,0,0,1,0,1,0,0,1,0.131484434702704
"271","C15271",745,"P43",9,"S13","A32","A172","E73","A92","A101",2,28,"A152",1,1,"A201",1,0,1,0,1,0,0,0,0,0,0,1,1,1,0,1,1,0,1,0.07809901560845
"385","C15385",1262,"P42",12,"S11","A32","A172","E75","A91","A101",4,49,"A152",1,1,"A201",0,0,1,0,0,0,1,0,0,0,0,0,1,1,0,1,0,0,1,0.48618157719108
"3567","C18567",2779,"P41",18,"S12","A32","A173","E73","A94","A101",3,21,"A151",1,1,"A201",0,0,0,1,1,0,0,1,0,0,0,1,0,1,1,1,1,0,1,0.281868483839882
"1883","C16883",3108,"P42",30,"S11","A32","A172","E72","A91","A101",4,31,"A152",1,1,"A201",1,0,1,0,0,0,1,0,0,0,1,0,1,1,0,1,0,0,1,0.722958545680159
"3668","C18668",1216,"P43",24,"S12","A34","A173","E72","A93","A101",4,38,"A152",2,2,"A201",1,0,0,1,1,0,0,1,0,1,1,0,0,1,0,1,0,0,1,0.208080321046108
"4036","C19036",1817,"P42",18,"S14","A34","A173","E73","A92","A101",2,28,"A152",2,1,"A201",0,0,0,1,0,0,0,0,0,1,0,1,1,1,0,1,1,0,1,0.0959139189949413
"2272","C17272",1442,"P40",18,"S11","A31","A172","E74","A93","A101",4,32,"A153",2,2,"A201",1,0,1,0,0,1,1,0,1,0,0,0,0,1,1,1,0,0,1,0.756536152571389
"1330","C16330",4272,"P42",20,"S11","A34","A173","E75","A92","A101",4,24,"A152",2,1,"A201",0,0,0,1,0,0,1,0,0,1,0,0,1,1,0,1,1,0,1,0.386603680746969
"3669","C18669",1819,"P46",36,"S14","A32","A173","E73","A93","A101",4,37,"A153",1,1,"A201",1,0,0,1,0,1,0,0,0,0,0,1,0,1,1,1,0,0,1,0.279891326240207
"4872","C19872",5003,"P40",21,"S14","A30","A173","E73","A92","A101",4,29,"A152",2,1,"A201",1,0,0,1,0,1,0,0,1,0,0,1,1,1,0,1,1,1,1,0.375593484282728
"3531","C18531",9566,"P43",36,"S14","A34","A173","E73","A92","A101",2,31,"A152",2,1,"A201",0,0,0,1,1,0,0,0,0,1,0,1,1,1,0,1,0,1,1,0.0960151047141202
"3021","C18021",8487,"P40",48,"S12","A32","A173","E74","A92","A101",2,24,"A152",1,1,"A201",0,0,0,1,0,1,0,1,0,0,0,0,1,1,0,1,1,1,1,0.653577557343589
"3103","C18103",2760,"P41",24,"S12","A32","A173","E75","A93","A101",4,36,"A153",1,1,"A201",0,0,0,1,1,0,0,1,0,0,0,0,0,1,1,1,0,0,1,0.32399274908175
"2908","C17908",3029,"P41",15,"S14","A32","A173","E74","A93","A101",2,33,"A152",1,1,"A201",0,0,0,1,1,0,0,0,0,0,0,0,0,1,0,1,0,0,1,0.070058972687681
"1728","C16728",11998,"P45",30,"S11","A32","A172","E72","A91","A101",1,34,"A152",1,1,"A201",1,0,1,0,0,1,1,0,0,0,1,0,1,1,0,1,0,1,0,0.642992555318092
"3616","C18616",1239,"P46",18,"S12","A32","A173","E73","A93","A101",4,61,"A153",1,1,"A201",0,0,0,1,0,1,0,1,0,0,0,1,0,1,1,1,0,0,1,0.416492202906117
"872","C15872",5771,"P43",30,"S14","A34","A173","E74","A92","A101",2,25,"A152",2,1,"A201",0,0,0,1,1,0,0,0,0,1,0,0,1,1,0,1,1,1,1,0.0800228513738534
"3565","C18565",3104,"P49",18,"S11","A30","A173","E74","A93","A101",1,31,"A152",1,1,"A201",0,0,0,1,0,1,1,0,1,0,0,0,0,1,0,1,0,0,0,0.603307531381451
"4550","C19550",1424,"P42",12,"S13","A32","A174","E75","A92","A101",4,55,"A152",1,1,"A201",0,0,0,0,0,0,0,0,0,0,0,0,1,1,0,1,0,0,1,0.14547101254588
"1885","C16885",2030,"P42",9,"S12","A32","A173","E74","A93","A101",1,24,"A152",1,1,"A201",0,0,0,1,0,0,0,1,0,0,0,0,0,1,0,1,1,0,0,0.205657853247889
"4647","C19647",1024,"P43",24,"S11","A33","A173","E72","A94","A101",4,48,"A152",1,1,"A201",1,0,0,1,1,0,1,0,0,0,1,0,0,1,0,1,0,0,1,0.461173401712056
"4919","C19919",1207,"P40",24,"S11","A32","A173","E72","A92","A101",4,24,"A151",1,1,"A201",1,0,0,1,0,1,1,0,0,0,1,0,1,1,1,1,1,0,1,0.750852321160588
"367","C15367",2424,"P43",24,"S14","A34","A173","E75","A93","A101",4,53,"A152",2,1,"A201",0,0,0,1,1,0,0,0,0,1,0,0,0,1,0,1,0,0,1,0.0493213537580633
"2954","C17954",2116,"P42",6,"S13","A32","A173","E73","A93","A101",2,41,"A152",1,1,"A201",0,0,0,1,0,0,0,0,0,0,0,1,0,1,0,1,0,0,1,0.0921755629263623
"3516","C18516",6416,"P49",48,"S12","A31","A173","E75","A92","A101",3,59,"A151",1,1,"A201",1,0,0,1,0,1,0,1,1,0,0,0,1,1,1,1,0,1,1,0.874483403043177
"4588","C19588",1503,"P41",12,"S14","A33","A173","E73","A94","A101",4,41,"A151",1,1,"A201",0,0,0,1,1,0,0,0,0,0,0,1,0,1,1,1,0,0,1,0.087708508835187
"1731","C16731",2442,"P49",27,"S11","A34","A174","E75","A93","A101",4,43,"A152",4,2,"A201",0,0,0,0,0,1,1,0,0,1,0,0,0,1,0,1,0,0,1,0.366875074227521
"3524","C18524",1138,"P43",9,"S11","A34","A172","E73","A93","A101",4,25,"A152",2,1,"A201",0,0,1,0,1,0,1,0,0,1,0,1,0,1,0,1,1,0,1,0.148950429754358
"1957","C16957",4057,"P42",24,"S12","A32","A173","E74","A91","A101",3,43,"A152",1,1,"A201",1,0,0,1,0,0,0,1,0,0,0,0,1,1,0,1,0,0,1,0.459062938974264
"4028","C19028",6948,"P41",36,"S12","A32","A174","E73","A93","A101",2,35,"A151",1,1,"A201",0,0,0,0,1,0,0,1,0,0,0,1,0,1,1,1,0,1,1,0.416775680614247
"1279","C16279",1377,"P43",24,"S13","A32","A173","E75","A92","A101",2,47,"A153",1,1,"A201",0,0,0,1,1,0,0,0,0,0,0,0,1,1,1,1,0,0,1,0.164457531955865
"90","C15090",1275,"P42",10,"S13","A32","A173","E72","A92","A101",2,23,"A152",1,1,"A201",0,0,0,1,0,0,0,0,0,0,1,0,1,1,0,1,1,0,1,0.194369226750663
"2273","C17273",2064,"P42",24,"S12","A33","A174","E71","A92","A101",2,34,"A152",1,1,"A201",1,0,0,0,0,0,0,1,0,0,1,0,1,1,0,1,0,0,1,0.562464088287585
"65","C15065",937,"P48",24,"S14","A32","A172","E72","A94","A101",3,27,"A152",2,1,"A201",0,0,1,0,1,0,0,0,0,0,1,0,0,1,0,1,1,0,1,0.133436982360318
"1681","C16681",9566,"P43",36,"S14","A34","A173","E73","A92","A101",2,31,"A152",2,1,"A201",0,0,0,1,1,0,0,0,0,1,0,1,1,1,0,1,0,1,1,0.0960151047141202
"842","C15842",2132,"P42",10,"S11","A34","A173","E72","A92","A102",3,27,"A151",2,1,"A202",0,0,0,1,0,0,1,0,0,1,1,0,1,1,1,0,1,0,1,0.219444818356808
"2596","C17596",1469,"P40",24,"S14","A32","A172","E75","A94","A101",4,41,"A151",1,1,"A201",0,0,1,0,0,1,0,0,0,0,0,0,0,1,1,1,0,0,1,0.20677762631139
"2396","C17396",1884,"P40",12,"S14","A32","A174","E75","A93","A101",4,39,"A152",1,1,"A201",0,0,0,0,0,1,0,0,0,0,0,0,0,1,0,1,0,0,1,0.110305290232065
"2389","C17389",4380,"P40",18,"S11","A32","A172","E73","A93","A101",4,35,"A152",1,2,"A201",0,0,1,0,0,1,1,0,0,0,0,1,0,1,0,1,0,0,1,0.456954021341531
"1430","C16430",5595,"P43",72,"S12","A32","A173","E73","A94","A101",2,24,"A152",1,1,"A201",1,0,0,1,1,0,0,1,0,0,0,1,0,1,0,1,1,1,1,0.626830898409281
"3315","C18315",1743,"P49",6,"S14","A33","A172","E73","A93","A101",2,34,"A152",2,1,"A201",0,0,1,0,0,1,0,0,0,0,0,1,0,1,0,1,0,0,1,0.0921755629263623
"654","C15654",1285,"P40",24,"S11","A32","A173","E74","A92","A101",4,32,"A151",1,1,"A201",1,0,0,1,0,1,1,0,0,0,0,0,1,1,1,1,0,0,1,0.665494948733669
"1535","C16535",846,"P43",7,"S14","A33","A173","E75","A93","A101",4,36,"A153",1,1,"A201",0,0,0,1,1,0,0,0,0,0,0,0,0,1,1,1,0,0,1,0.0752726655122679
"2377","C17377",795,"P46",12,"S11","A32","A173","E72","A92","A101",4,53,"A152",1,1,"A201",1,0,0,1,0,1,1,0,0,0,1,0,1,1,0,1,0,0,1,0.589039548953361
"3448","C18448",3535,"P40",36,"S14","A34","A173","E74","A93","A101",4,37,"A152",2,1,"A201",0,0,0,1,0,1,0,0,0,1,0,0,0,1,0,1,0,0,1,0.123322319923173
"2303","C17303",1474,"P42",12,"S13","A32","A174","E72","A92","A101",1,33,"A152",1,1,"A201",0,0,0,0,0,0,0,0,0,0,1,0,1,1,0,1,0,0,0,0.151087408295773
"2186","C17186",3029,"P41",15,"S14","A32","A173","E74","A93","A101",2,33,"A152",1,1,"A201",0,0,0,1,1,0,0,0,0,0,0,0,0,1,0,1,0,0,1,0.070058972687681
"4363","C19363",1887,"P49",18,"S12","A34","A173","E73","A94","A101",4,28,"A152",2,1,"A201",0,0,0,1,0,1,0,1,0,1,0,1,0,1,0,1,1,0,1,0.205294295048216
"1388","C16388",338,"P43",6,"S11","A34","A173","E75","A93","A101",4,52,"A152",2,1,"A201",0,0,0,1,1,0,1,0,0,1,0,0,0,1,0,1,0,0,1,0.136729738227268
"3599","C18599",2284,"P43",24,"S14","A32","A173","E74","A93","A101",2,28,"A152",1,1,"A201",0,0,0,1,1,0,0,0,0,0,0,0,0,1,0,1,1,0,1,0.0922732073318229
"4485","C19485",1055,"P40",18,"S14","A34","A173","E72","A92","A101",1,30,"A152",2,1,"A201",0,0,0,1,0,1,0,0,0,1,1,0,1,1,0,1,0,0,0,0.0998405432928034
"3050","C18050",639,"P45",12,"S12","A32","A173","E73","A93","A101",2,30,"A152",1,1,"A201",1,0,0,1,0,1,0,1,0,0,0,1,0,1,0,1,0,0,1,0.293047773292849
"2761","C17761",1056,"P40",18,"S12","A34","A173","E75","A93","A103",3,30,"A152",2,1,"A201",1,0,0,1,0,1,0,1,0,1,0,0,0,0,0,1,0,0,1,0.125983428567776
"875","C15875",15653,"P43",60,"S14","A33","A173","E74","A93","A101",4,21,"A152",2,1,"A201",0,0,0,1,1,0,0,0,0,0,0,0,0,1,0,1,1,1,1,0.252030358321658
"891","C15891",5433,"P41",24,"S14","A32","A174","E71","A92","A101",4,26,"A151",1,1,"A201",0,0,0,0,1,0,0,0,0,0,1,0,1,1,1,1,1,1,1,0.22967545075133
"2041","C17041",4439,"P49",18,"S12","A32","A174","E75","A93","A102",1,33,"A152",1,1,"A201",0,0,0,0,0,1,0,1,0,0,0,0,0,1,0,1,0,0,0,0.258897596872192
"3224","C18224",2359,"P42",24,"S11","A32","A173","E71","A91","A101",1,33,"A152",1,1,"A201",1,0,0,1,0,0,1,0,0,0,1,0,1,1,0,1,0,0,0,0.595956961148823
"1756","C16756",1924,"P42",18,"S12","A32","A173","E72","A92","A101",3,27,"A151",1,1,"A201",1,0,0,1,0,0,0,1,0,0,1,0,1,1,1,1,1,0,1,0.597521106137724
"3972","C18972",5595,"P43",72,"S12","A32","A173","E73","A94","A101",2,24,"A152",1,1,"A201",1,0,0,1,1,0,0,1,0,0,0,1,0,1,0,1,1,1,1,0.626830898409281
"61","C15061",2622,"P49",18,"S12","A32","A173","E73","A93","A101",4,34,"A152",1,1,"A201",0,0,0,1,0,1,0,1,0,0,0,1,0,1,0,1,0,0,1,0.336060911421833
"761","C15761",3552,"P42",24,"S11","A31","A173","E74","A93","A101",4,27,"A152",1,1,"A201",1,0,0,1,0,0,1,0,1,0,0,0,0,1,0,1,1,0,1,0.729049091111075
"222","C15222",2753,"P43",9,"S14","A32","A173","E75","A93","A102",4,35,"A152",1,1,"A201",0,0,0,1,1,0,0,0,0,0,0,0,0,1,0,1,0,0,1,0.0581120496264644
"4602","C19602",5117,"P49",27,"S14","A33","A173","E74","A93","A101",4,26,"A152",2,1,"A201",0,0,0,1,0,1,0,0,0,0,0,0,0,1,0,1,1,1,1,0.169622810177035
"1407","C16407",1478,"P42",15,"S11","A34","A173","E75","A93","A101",4,44,"A152",2,2,"A201",0,0,0,1,0,0,1,0,0,1,0,0,0,1,0,1,0,0,1,0.279870251845495
"4266","C19266",3863,"P49",24,"S14","A33","A173","E73","A93","A101",2,32,"A153",1,1,"A201",0,0,0,1,0,1,0,0,0,0,0,1,0,1,1,1,0,0,1,0.20677762631139
"1240","C16240",1255,"P40",12,"S14","A34","A172","E75","A93","A101",4,61,"A152",2,1,"A201",0,0,1,0,0,1,0,0,0,1,0,0,0,1,0,1,0,0,1,0.059510045437248
"2334","C17334",802,"P40",14,"S14","A33","A172","E73","A93","A101",2,27,"A152",2,1,"A201",0,0,1,0,0,1,0,0,0,0,0,1,0,1,0,1,1,0,1,0.117010461661472
"1576","C16576",2825,"P49",24,"S12","A34","A173","E74","A93","A101",3,34,"A152",2,2,"A201",0,0,0,1,0,1,0,1,0,1,0,0,0,1,0,1,0,0,1,0.239796071390021
"1136","C16136",2753,"P43",9,"S14","A32","A173","E75","A93","A102",4,35,"A152",1,1,"A201",0,0,0,1,1,0,0,0,0,0,0,0,0,1,0,1,0,0,1,0.0581120496264644
"3646","C18646",7409,"P49",36,"S14","A32","A173","E75","A93","A101",2,37,"A152",2,1,"A201",0,0,0,1,0,1,0,0,0,0,0,0,0,1,0,1,0,1,1,0.216071467193813
"1826","C16826",717,"P40",24,"S14","A33","A173","E75","A94","A101",4,54,"A152",2,1,"A201",0,0,0,1,0,1,0,0,0,0,0,0,0,1,0,1,0,0,1,0.156016974968144
"2366","C17366",1042,"P40",18,"S12","A32","A173","E73","A92","A101",2,33,"A152",1,1,"A201",1,0,0,1,0,1,0,1,0,0,0,1,1,1,0,1,0,0,1,0.410029101454804
"2101","C17101",1893,"P40",12,"S11","A32","A173","E73","A92","A103",4,29,"A152",1,1,"A201",0,0,0,1,0,1,1,0,0,0,0,1,1,0,0,1,1,0,1,0.345538339795413
"1637","C16637",951,"P42",12,"S12","A32","A173","E72","A92","A101",4,27,"A151",4,1,"A201",1,0,0,1,0,0,0,1,0,0,1,0,1,1,1,1,1,0,1,0.54869949200642
"2481","C17481",2360,"P41",15,"S13","A34","A173","E73","A93","A101",2,36,"A152",1,1,"A201",0,0,0,1,1,0,0,0,0,1,0,1,0,1,0,1,0,0,1,0.0370257461679233
"1395","C16395",1308,"P45",15,"S12","A32","A172","E75","A93","A101",4,38,"A152",2,1,"A201",0,0,1,0,0,1,0,1,0,0,0,0,0,1,0,1,0,0,1,0.314155526700482
"4849","C19849",1282,"P43",24,"S11","A32","A172","E73","A92","A101",2,32,"A152",1,1,"A201",1,0,1,0,1,0,1,0,0,0,0,1,1,1,0,1,0,0,1,0.436875889591206
"2573","C17573",2569,"P41",39,"S14","A32","A173","E73","A93","A101",4,24,"A152",1,1,"A201",0,0,0,1,1,0,0,0,0,0,0,1,0,1,0,1,1,0,1,0.143457395438027
"3888","C18888",3566,"P49",48,"S12","A31","A173","E74","A93","A101",2,30,"A152",1,1,"A201",0,0,0,1,0,1,0,1,1,0,0,0,0,1,0,1,0,0,1,0.782523728830962
"2005","C17005",2415,"P43",7,"S12","A32","A173","E73","A93","A103",2,34,"A152",1,1,"A201",0,0,0,1,1,0,0,1,0,0,0,1,0,0,0,1,0,0,1,0.097219130049188
"3428","C18428",930,"P43",12,"S14","A34","A173","E75","A93","A101",4,65,"A152",4,1,"A201",0,0,0,1,1,0,0,0,0,1,0,0,0,1,0,1,0,0,1,0.0336251372854894
"1985","C16985",1346,"P43",6,"S14","A32","A173","E75","A93","A101",4,42,"A153",1,2,"A201",0,0,0,1,1,0,0,0,0,0,0,0,0,1,1,1,0,0,1,0.0729880922234015
"958","C15958",1743,"P49",6,"S14","A33","A172","E73","A93","A101",2,34,"A152",2,1,"A201",0,0,1,0,0,1,0,0,0,0,0,1,0,1,0,1,0,0,1,0.0921755629263623
"3186","C18186",894,"P48",10,"S14","A32","A173","E74","A92","A101",3,40,"A152",1,1,"A201",0,0,0,1,1,0,0,0,0,0,0,0,1,1,0,1,0,0,1,0.0805296669569846
"4572","C19572",10722,"P40",47,"S11","A32","A172","E72","A92","A101",1,35,"A152",1,1,"A201",0,0,1,0,0,1,1,0,0,0,1,0,1,1,0,1,0,1,0,0.760291198813531
"3733","C18733",1374,"P40",6,"S11","A32","A174","E71","A92","A101",3,75,"A152",1,1,"A201",0,0,0,0,0,1,1,0,0,0,1,0,1,1,0,1,0,0,1,0.539981178665056
"2575","C17575",1597,"P46",24,"S14","A34","A173","E75","A93","A101",4,54,"A153",2,2,"A201",0,0,0,1,0,1,0,0,0,1,0,0,0,1,1,1,0,0,1,0.117420330026183
"3595","C18595",6070,"P43",18,"S14","A34","A173","E75","A93","A101",4,33,"A152",2,1,"A201",0,0,0,1,1,0,0,0,0,1,0,0,0,1,0,1,0,1,1,0.0407557644486945
"1619","C16619",975,"P42",15,"S11","A34","A173","E73","A91","A101",3,25,"A152",2,1,"A201",0,0,0,1,0,0,1,0,0,1,0,1,1,1,0,1,1,0,1,0.347952285056178
"3132","C18132",3509,"P43",18,"S11","A32","A173","E74","A92","A103",1,25,"A152",1,1,"A201",0,0,0,1,1,0,1,0,0,0,0,0,1,0,0,1,1,0,0,0.196579672740137
"824","C15824",1163,"P40",12,"S14","A34","A173","E73","A93","A101",4,44,"A152",1,1,"A201",0,0,0,1,0,1,0,0,0,1,0,1,0,1,0,1,0,0,1,0.059510045437248
"3848","C18848",3595,"P43",36,"S14","A32","A173","E75","A93","A101",2,28,"A152",1,1,"A201",0,0,0,1,1,0,0,0,0,0,0,0,0,1,0,1,1,0,1,0.131617683018143
"2361","C17361",3049,"P42",18,"S13","A32","A172","E72","A92","A101",1,45,"A152",1,1,"A201",0,0,1,0,0,0,0,0,0,0,1,0,1,1,0,1,0,0,0,0.178525678518202
"2803","C17803",697,"P40",12,"S11","A31","A173","E72","A93","A101",2,46,"A152",2,1,"A201",1,0,0,1,0,1,1,0,1,0,1,0,0,1,0,1,0,0,1,0.732163788343648
"1128","C16128",1736,"P42",12,"S14","A32","A172","E74","A92","A101",4,31,"A152",1,1,"A201",0,0,1,0,0,0,0,0,0,0,0,0,1,1,0,1,0,0,1,0.14547101254588
"4255","C19255",2462,"P42",18,"S11","A32","A173","E73","A93","A101",2,22,"A152",1,1,"A201",1,0,0,1,0,0,1,0,0,0,0,1,0,1,0,1,1,0,1,0.456954021341531
"4019","C19019",1237,"P43",6,"S14","A34","A173","E73","A92","A101",1,27,"A152",2,1,"A201",0,0,0,1,1,0,0,0,0,1,0,1,1,1,0,1,1,0,0,0.026294152614619
"2195","C17195",6468,"P43",12,"S12","A32","A174","E71","A93","A101",1,52,"A152",1,1,"A201",1,0,0,0,1,0,0,1,0,0,1,0,0,1,0,1,0,1,0,0.192449219834364
"2299","C17299",3422,"P42",18,"S14","A32","A173","E75","A93","A101",4,47,"A152",3,2,"A201",0,0,0,1,0,0,0,0,0,0,0,0,0,1,0,1,0,0,1,0.131484434702704
"182","C15182",2578,"P42",12,"S11","A32","A174","E71","A92","A101",4,55,"A153",1,1,"A201",0,0,0,0,0,0,1,0,0,0,1,0,1,1,1,1,0,0,1,0.669008540669356
"1170","C16170",2058,"P45",24,"S14","A34","A173","E73","A91","A101",2,33,"A152",2,1,"A201",0,0,0,1,0,1,0,0,0,1,0,1,1,1,0,1,0,0,1,0.114686042913361
"2019","C17019",3905,"P40",11,"S11","A34","A173","E73","A93","A101",2,36,"A151",2,2,"A201",0,0,0,1,0,1,1,0,0,1,0,1,0,1,1,1,0,0,1,0.32419697815662
"2766","C17766",1829,"P43",15,"S14","A34","A173","E75","A93","A101",4,46,"A152",2,1,"A201",0,0,0,1,1,0,0,0,0,1,0,0,0,1,0,1,0,0,1,0.0370257461679233
"544","C15544",6742,"P43",30,"S14","A34","A173","E74","A93","A101",3,36,"A152",2,1,"A201",0,0,0,1,1,0,0,0,0,1,0,0,0,1,0,1,0,1,1,0.0595753570931899
"3261","C18261",1549,"P40",9,"S12","A32","A171","E72","A93","A101",2,35,"A152",1,1,"A201",0,1,0,0,0,1,0,1,0,0,1,0,0,1,0,1,0,0,1,0.362343272418159
"4396","C19396",2647,"P43",6,"S11","A32","A173","E73","A93","A101",3,44,"A151",1,2,"A201",0,0,0,1,1,0,1,0,0,0,0,1,0,1,1,1,0,0,1,0.304410135662704
"1081","C16081",1393,"P40",24,"S14","A32","A173","E73","A93","A103",2,31,"A152",1,1,"A201",0,0,0,1,0,1,0,0,0,0,0,1,0,0,0,1,0,0,1,0.0935034241615197
"155","C15155",6110,"P46",48,"S14","A34","A173","E73","A93","A101",3,31,"A153",1,1,"A201",0,0,0,1,0,1,0,0,0,1,0,1,0,1,1,1,0,1,1,0.228258454914672
"2832","C17832",4576,"P41",45,"S12","A34","A173","E71","A93","A101",4,27,"A152",1,1,"A201",0,0,0,1,1,0,0,1,0,1,1,0,0,1,0,1,1,0,1,0.345815803442264
"1405","C16405",8065,"P46",36,"S11","A34","A174","E73","A92","A101",2,25,"A152",2,1,"A201",1,0,0,0,0,1,1,0,0,1,0,1,1,1,0,1,1,1,1,0.517742731883966
"907","C15907",1237,"P43",6,"S14","A34","A173","E73","A92","A101",1,27,"A152",2,1,"A201",0,0,0,1,1,0,0,0,0,1,0,1,1,1,0,1,1,0,0,0.026294152614619
"2417","C17417",1355,"P40",24,"S12","A32","A172","E72","A92","A101",4,25,"A152",1,1,"A201",1,0,1,0,0,1,0,1,0,0,1,0,1,1,0,1,1,0,1,0.562464088287585
"1393","C16393",3711,"P46",36,"S12","A32","A173","E73","A94","A101",2,27,"A152",1,1,"A201",0,0,0,1,0,1,0,1,0,0,0,1,0,1,0,1,1,0,1,0.479583959413556
"2606","C17606",1278,"P43",24,"S14","A32","A174","E75","A93","A101",1,36,"A152",1,1,"A201",0,0,0,0,1,0,0,0,0,0,0,0,0,1,0,1,0,0,0,0.0655590087466866
"117","C15117",1922,"P42",12,"S12","A32","A172","E73","A93","A101",2,37,"A152",1,1,"A201",1,0,1,0,0,0,0,1,0,0,0,1,0,1,0,1,0,0,1,0.293047773292849
"3424","C18424",3378,"P41",18,"S14","A32","A173","E73","A93","A101",1,31,"A152",1,1,"A201",0,0,0,1,1,0,0,0,0,0,0,1,0,1,0,1,0,0,0,0.0543346139838681
"3363","C18363",1913,"P49",18,"S12","A32","A173","E72","A94","A101",3,36,"A152",1,1,"A201",0,0,0,1,0,1,0,1,0,0,1,0,0,1,0,1,0,0,1,0.433984198854283
"4364","C19364",5866,"P40",18,"S12","A32","A173","E73","A93","A101",2,30,"A152",2,1,"A201",0,0,0,1,0,1,0,1,0,0,0,1,0,1,0,1,0,1,1,0.336060911421833
"2538","C17538",6761,"P40",18,"S14","A32","A173","E73","A93","A101",4,68,"A151",2,1,"A201",1,0,0,1,0,1,0,0,0,0,0,1,0,1,1,1,0,1,1,0.175927124975663
"3227","C18227",1533,"P42",18,"S14","A32","A172","E72","A94","A102",1,43,"A152",1,2,"A201",1,0,1,0,0,0,0,0,0,0,1,0,0,1,0,1,0,0,0,0.136647182606115
"4530","C19530",5045,"P40",15,"S14","A34","A173","E75","A92","A101",4,59,"A152",1,1,"A201",0,0,0,1,0,1,0,0,0,1,0,0,1,1,0,1,0,1,1,0.0875967466201952
"1352","C16352",3651,"P40",12,"S11","A32","A173","E73","A93","A101",3,31,"A152",1,2,"A201",0,0,0,1,0,1,1,0,0,0,0,1,0,1,0,1,0,0,1,0.407975552284858
"4186","C19186",1413,"P43",24,"S14","A32","A173","E73","A94","A101",2,28,"A152",1,1,"A201",0,0,0,1,1,0,0,0,0,0,0,1,0,1,0,1,1,0,1,0.0922732073318229
"2626","C17626",1823,"P43",24,"S11","A32","A174","E71","A93","A101",2,30,"A152",1,2,"A201",1,0,0,0,1,0,1,0,0,0,1,0,0,1,0,1,0,0,1,0.461173401712056
"4118","C19118",1549,"P40",9,"S12","A32","A171","E72","A93","A101",2,35,"A152",1,1,"A201",0,1,0,0,0,1,0,1,0,0,1,0,0,1,0,1,0,0,1,0.362343272418159
"241","C15241",3021,"P42",24,"S11","A32","A172","E73","A91","A101",2,24,"A151",1,1,"A201",0,0,1,0,0,0,1,0,0,0,0,1,1,1,1,1,1,0,1,0.665494948733669
"3559","C18559",3077,"P43",12,"S14","A32","A173","E73","A93","A101",4,52,"A152",1,1,"A201",0,0,0,1,1,0,0,0,0,0,0,1,0,1,0,1,0,0,1,0.0638255324815497
"4603","C19603",2760,"P41",24,"S12","A32","A173","E75","A93","A101",4,36,"A153",1,1,"A201",0,0,0,1,1,0,0,1,0,0,0,0,0,1,1,1,0,0,1,0.32399274908175
"184","C15184",3643,"P42",15,"S11","A33","A172","E75","A92","A101",4,27,"A152",2,1,"A201",0,0,1,0,0,0,1,0,0,0,0,0,1,1,0,1,1,0,1,0.511142395346445
"4419","C19419",1330,"P40",12,"S13","A32","A173","E72","A93","A101",1,26,"A152",1,1,"A201",0,0,0,1,0,1,0,0,0,0,1,0,0,1,0,1,1,0,0,0.114746306397475
"1255","C16255",2221,"P42",15,"S14","A32","A173","E73","A92","A101",4,20,"A151",1,1,"A201",0,0,0,1,0,0,0,0,0,0,0,1,1,1,1,1,1,0,1,0.209655877134545
"1988","C16988",2397,"P43",24,"S14","A32","A173","E75","A93","A101",2,35,"A152",2,1,"A201",1,0,0,1,1,0,0,0,0,0,0,0,0,1,0,1,0,0,1,0.0922732073318229
"2407","C17407",709,"P40",6,"S13","A32","A171","E72","A94","A101",2,27,"A152",1,1,"A202",0,1,0,0,0,1,0,0,0,0,1,0,0,1,0,0,1,0,1,0.0428819847964312
"1847","C16847",2528,"P49",27,"S12","A32","A173","E72","A92","A101",1,32,"A152",1,2,"A201",0,0,0,1,0,1,0,1,0,0,1,0,1,1,0,1,0,0,0,0.495056413889214
"277","C15277",1657,"P42",12,"S11","A32","A173","E73","A93","A101",2,27,"A152",1,1,"A201",0,0,0,1,0,0,1,0,0,0,0,1,0,1,0,1,1,0,1,0.407975552284858
"3961","C18961",2993,"P41",21,"S14","A33","A172","E73","A93","A101",2,28,"A152",2,1,"A201",0,0,1,0,1,0,0,0,0,0,0,1,0,1,0,1,1,0,1,0.0842423219804137
"2095","C17095",6527,"P40",60,"S14","A32","A173","E73","A93","A101",4,34,"A153",1,2,"A201",0,0,0,1,0,1,0,0,0,0,0,1,0,1,1,1,0,1,1,0.463544089646843
"4833","C19833",1823,"P43",24,"S11","A32","A174","E71","A93","A101",2,30,"A152",1,2,"A201",1,0,0,0,1,0,1,0,0,0,1,0,0,1,0,1,0,0,1,0.461173401712056
"464","C15464",4272,"P49",30,"S14","A33","A172","E73","A93","A101",2,26,"A152",2,1,"A201",0,0,1,0,0,1,0,0,0,0,0,1,0,1,0,1,1,0,1,0.184156275345094
"4038","C19038",4473,"P43",36,"S13","A32","A173","E75","A93","A101",2,31,"A152",1,1,"A201",0,0,0,1,1,0,0,0,0,0,0,0,0,1,0,1,0,0,1,0.131617683018143
"3490","C18490",1514,"P45",15,"S12","A32","A173","E73","A93","A103",2,22,"A152",1,1,"A201",0,0,0,1,0,1,0,1,0,0,0,1,0,0,0,1,1,0,1,0.203561078321473
"3076","C18076",9034,"P42",36,"S12","A32","A174","E72","A93","A102",1,29,"A151",1,1,"A201",1,0,0,0,0,0,0,1,0,0,1,0,0,1,1,1,1,1,0,0.576024422845614
"4399","C19399",909,"P40",36,"S14","A32","A173","E75","A93","A101",4,36,"A152",1,1,"A201",0,0,0,1,0,1,0,0,0,0,0,0,0,1,0,1,0,0,1,0.216071467193813
"3478","C18478",362,"P40",6,"S14","A34","A172","E73","A92","A101",4,52,"A152",2,1,"A201",0,0,1,0,0,1,0,0,0,1,0,1,1,1,0,1,0,0,1,0.0664259560930571
"4943","C19943",2647,"P43",6,"S11","A32","A173","E73","A93","A101",3,44,"A151",1,2,"A201",0,0,0,1,1,0,1,0,0,0,0,1,0,1,1,1,0,0,1,0.304410135662704
"794","C15794",1374,"P40",6,"S11","A32","A174","E71","A92","A101",3,75,"A152",1,1,"A201",0,0,0,0,0,1,1,0,0,0,1,0,1,1,0,1,0,0,1,0.539981178665056
"563","C15563",2108,"P43",6,"S14","A32","A173","E74","A94","A101",2,29,"A151",1,1,"A201",0,0,0,1,1,0,0,0,0,0,0,0,0,1,1,1,1,0,1,0.0729880922234015
"3742","C18742",1193,"P40",24,"S11","A31","A171","E71","A92","A102",4,29,"A151",2,1,"A201",1,1,0,0,0,1,1,0,1,0,1,0,1,1,1,1,1,0,1,0.887539237308
"234","C15234",3979,"P43",48,"S12","A32","A173","E74","A93","A101",1,41,"A152",2,2,"A201",0,0,0,1,1,0,0,1,0,0,0,0,0,1,0,1,0,0,0,0.342745990137153
"3609","C18609",5954,"P43",30,"S14","A34","A173","E74","A93","A102",2,38,"A152",1,1,"A201",0,0,0,1,1,0,0,0,0,1,0,0,0,1,0,1,0,1,1,0.0595753570931899
"1935","C16935",7685,"P49",48,"S11","A31","A173","E74","A92","A103",4,37,"A151",1,1,"A201",1,0,0,1,0,1,1,0,1,0,0,0,1,0,1,1,0,1,1,0.866001781265604
"404","C15404",731,"P40",8,"S11","A34","A172","E75","A93","A101",4,47,"A152",2,1,"A201",0,0,1,0,0,1,1,0,0,1,0,0,0,1,0,1,0,0,1,0.23538985373071
"2163","C17163",7408,"P40",60,"S12","A32","A174","E72","A92","A101",2,24,"A152",1,1,"A201",1,0,0,0,0,1,0,1,0,0,1,0,1,1,0,1,1,1,1,0.809928442916449
"302","C15302",13756,"P40",60,"S14","A34","A174","E75","A93","A101",4,63,"A153",1,1,"A201",0,0,0,0,0,1,0,0,0,1,0,0,0,1,1,1,0,1,1,0.306037088304749
"4956","C19956",3430,"P43",24,"S14","A32","A173","E75","A93","A101",2,31,"A152",1,2,"A201",0,0,0,1,1,0,0,0,0,0,0,0,0,1,0,1,0,0,1,0.0922732073318229
"2393","C17393",1361,"P40",6,"S11","A34","A172","E72","A93","A101",4,40,"A152",1,2,"A202",0,0,1,0,0,1,1,0,0,1,1,0,0,1,0,0,0,0,1,0.112763544212031
"2166","C17166",3835,"P43",36,"S14","A32","A172","E75","A92","A101",4,45,"A152",1,1,"A201",0,0,1,0,1,0,0,0,0,0,0,0,1,1,0,1,0,0,1,0.172262330608823
"2770","C17770",1346,"P43",6,"S14","A32","A173","E75","A93","A101",4,42,"A153",1,2,"A201",0,0,0,1,1,0,0,0,0,0,0,0,0,1,1,1,0,0,1,0.0729880922234015
"2315","C17315",2445,"P41",12,"S14","A32","A173","E72","A94","A101",4,26,"A151",1,1,"A201",0,0,0,1,1,0,0,0,0,0,1,0,0,1,1,1,1,0,1,0.127121114186549
"619","C15619",2670,"P41",24,"S14","A32","A174","E75","A93","A101",4,35,"A152",1,1,"A201",0,0,0,0,1,0,0,0,0,0,0,0,0,1,0,1,0,0,1,0.0922732073318229
"3908","C18908",3149,"P42",24,"S11","A32","A173","E72","A93","A101",1,22,"A153",1,1,"A201",0,0,0,1,0,0,1,0,0,0,1,0,0,1,1,1,1,0,0,0.602358526731793
"576","C15576",1169,"P43",18,"S14","A34","A173","E73","A93","A101",3,29,"A152",2,1,"A201",0,0,0,1,1,0,0,0,0,1,0,1,0,1,0,1,1,0,1,0.0407557644486945
"3541","C18541",2631,"P45",15,"S12","A32","A172","E73","A92","A101",2,25,"A152",1,1,"A201",0,0,1,0,0,1,0,1,0,0,0,1,1,1,0,1,1,0,1,0.386106124439895
"4032","C19032",1346,"P43",6,"S14","A32","A173","E75","A93","A101",4,42,"A153",1,2,"A201",0,0,0,1,1,0,0,0,0,0,0,0,0,1,1,1,0,0,1,0.0729880922234015
"3200","C18200",639,"P45",12,"S12","A32","A173","E73","A93","A101",2,30,"A152",1,1,"A201",1,0,0,1,0,1,0,1,0,0,0,1,0,1,0,1,0,0,1,0.293047773292849
"3808","C18808",866,"P43",18,"S12","A32","A172","E73","A94","A103",2,25,"A152",1,1,"A201",0,0,1,0,1,0,0,1,0,0,0,1,0,0,0,1,1,0,1,0.134430344830141
"1947","C16947",2394,"P43",36,"S14","A32","A173","E73","A92","A101",4,25,"A152",1,1,"A201",0,0,0,1,1,0,0,0,0,0,0,1,1,1,0,1,1,0,1,0.172262330608823
"929","C15929",2779,"P41",18,"S12","A32","A173","E73","A94","A101",3,21,"A151",1,1,"A201",0,0,0,1,1,0,0,1,0,0,0,1,0,1,1,1,1,0,1,0.281868483839882
"1469","C16469",1323,"P40",6,"S13","A34","A173","E75","A91","A101",4,28,"A152",2,2,"A201",0,0,0,1,0,1,0,0,0,1,0,0,1,1,0,1,1,0,1,0.0664259560930571
"1550","C16550",1200,"P46",12,"S11","A32","A173","E73","A92","A101",4,23,"A151",1,1,"A201",0,0,0,1,0,1,1,0,0,0,0,1,1,1,1,1,1,0,1,0.571609313138525
"3205","C18205",2315,"P43",10,"S11","A32","A172","E75","A93","A101",4,52,"A152",1,1,"A201",0,0,1,0,1,0,1,0,0,0,0,0,0,1,0,1,0,0,1,0.261741004461704
"447","C15447",1224,"P40",9,"S14","A34","A173","E73","A93","A101",1,30,"A152",2,1,"A201",0,0,0,1,0,1,0,0,0,1,0,1,0,1,0,1,0,0,0,0.0380182638379526
"4229","C19229",2427,"P49",18,"S12","A33","A173","E75","A93","A101",2,42,"A152",2,1,"A201",0,0,0,1,0,1,0,1,0,0,0,0,0,1,0,1,0,0,1,0.336060911421833
"3085","C18085",6419,"P41",24,"S11","A34","A174","E75","A92","A101",4,44,"A153",2,2,"A201",0,0,0,0,1,0,1,0,0,1,0,0,1,1,1,1,0,1,1,0.358294929489869
"2884","C17884",708,"P42",12,"S11","A32","A172","E73","A93","A103",3,38,"A152",1,2,"A201",0,0,1,0,0,0,1,0,0,0,0,1,0,0,0,1,0,0,1,0.277727453208082
"173","C15173",1747,"P42",24,"S11","A32","A172","E72","A93","A102",1,24,"A152",1,1,"A202",0,0,1,0,0,0,1,0,0,0,1,0,0,1,0,0,1,0,0,0.238338750980561
"562","C15562",3384,"P42",6,"S11","A34","A174","E73","A91","A101",4,44,"A151",1,1,"A201",1,0,0,0,0,0,1,0,0,1,0,1,1,1,1,1,0,0,1,0.358026810587305
"4604","C19604",1287,"P40",10,"S14","A32","A172","E75","A93","A102",2,45,"A152",1,1,"A202",0,0,1,0,0,1,0,0,0,0,0,0,0,1,0,0,0,0,1,0.0326850600118024
"378","C15378",10127,"P40",48,"S14","A34","A173","E73","A93","A101",2,44,"A153",1,1,"A201",1,0,0,1,0,1,0,0,0,1,0,1,0,1,1,1,0,1,1,0.228258454914672
"727","C15727",654,"P40",9,"S11","A32","A172","E73","A93","A101",3,28,"A152",1,1,"A201",1,0,1,0,0,1,1,0,0,0,0,1,0,1,0,1,1,0,1,0.384094385433064
"1476","C16476",5190,"P45",27,"S14","A32","A173","E75","A93","A101",4,48,"A152",4,2,"A201",0,0,0,1,0,1,0,0,0,0,0,0,0,1,0,1,0,1,1,0.169622810177035
"2062","C17062",1333,"P40",24,"S11","A33","A173","E71","A93","A101",2,43,"A153",2,2,"A201",1,0,0,1,0,1,1,0,0,0,1,0,0,1,1,1,0,0,1,0.686995521020931
"2553","C17553",3213,"P43",18,"S12","A32","A173","E72","A94","A101",3,25,"A151",1,1,"A201",0,0,0,1,1,0,0,1,0,0,1,0,0,1,1,1,1,0,1,0.372869066174564
"4637","C19637",9572,"P49",36,"S14","A33","A173","E72","A91","A101",1,28,"A152",2,1,"A201",1,0,0,1,0,1,0,0,0,0,1,0,1,1,0,1,1,1,0,0.283497213926093
"3427","C18427",1549,"P40",9,"S12","A32","A171","E72","A93","A101",2,35,"A152",1,1,"A201",0,1,0,0,0,1,0,1,0,0,1,0,0,1,0,1,0,0,1,0.362343272418159
"937","C15937",1478,"P43",15,"S14","A33","A173","E73","A94","A101",3,33,"A152",2,1,"A201",0,0,0,1,1,0,0,0,0,0,0,1,0,1,0,1,0,0,1,0.070058972687681
"393","C15393",1569,"P43",15,"S14","A31","A172","E75","A93","A101",4,34,"A152",1,2,"A201",0,0,1,0,1,0,0,0,1,0,0,0,0,1,0,1,0,0,1,0.164777971319919
"4158","C19158",7824,"P41",28,"S14","A31","A173","E72","A93","A103",4,40,"A151",2,2,"A201",0,0,0,1,1,0,0,0,1,0,1,0,0,0,1,1,0,1,1,0.266045227580619
"4299","C19299",10297,"P41",48,"S11","A32","A173","E74","A93","A101",4,39,"A153",3,2,"A201",1,0,0,1,1,0,1,0,0,0,0,0,0,1,1,1,0,1,1,0.639160412605876
"3022","C18022",951,"P42",12,"S12","A32","A173","E72","A92","A101",4,27,"A151",4,1,"A201",1,0,0,1,0,0,0,1,0,0,1,0,1,1,1,1,1,0,1,0.54869949200642
"3325","C18325",458,"P43",9,"S12","A32","A173","E73","A93","A101",3,24,"A152",1,1,"A201",0,0,0,1,1,0,0,1,0,0,0,1,0,1,0,1,1,0,1,0.171006005462675
"2217","C17217",3913,"P43",36,"S13","A32","A173","E73","A93","A101",2,23,"A152",1,1,"A201",0,0,0,1,1,0,0,0,0,0,0,1,0,1,0,1,1,0,1,0.131617683018143
"549","C15549",3077,"P43",12,"S14","A32","A173","E73","A93","A101",4,52,"A152",1,1,"A201",0,0,0,1,1,0,0,0,0,0,0,1,0,1,0,1,0,0,1,0.0638255324815497
"4284","C19284",7476,"P46",48,"S11","A32","A174","E74","A93","A101",1,50,"A153",1,1,"A201",0,0,0,0,0,1,1,0,0,0,0,0,0,1,1,1,0,1,0,0.689746790166031
"1754","C16754",639,"P45",12,"S12","A32","A173","E73","A93","A101",2,30,"A152",1,1,"A201",1,0,0,1,0,1,0,1,0,0,0,1,0,1,0,1,0,0,1,0.293047773292849
"4738","C19738",4308,"P49",48,"S11","A32","A173","E72","A92","A101",4,24,"A151",1,1,"A201",1,0,0,1,0,1,1,0,0,0,1,0,1,1,1,1,1,0,1,0.870126876525925
"1363","C16363",5152,"P43",24,"S13","A32","A173","E74","A93","A101",2,25,"A152",1,1,"A201",0,0,0,1,1,0,0,0,0,0,0,0,0,1,0,1,1,1,1,0.0922732073318229
"1523","C16523",1442,"P40",18,"S11","A31","A172","E74","A93","A101",4,32,"A153",2,2,"A201",1,0,1,0,0,1,1,0,1,0,0,0,0,1,1,1,0,0,1,0.756536152571389
"3278","C18278",2828,"P42",24,"S11","A31","A173","E73","A93","A101",4,22,"A152",1,1,"A201",0,0,0,1,0,0,1,0,1,0,0,1,0,1,0,1,1,0,1,0.729049091111075
"1552","C16552",1216,"P43",24,"S12","A34","A173","E72","A93","A101",4,38,"A152",2,2,"A201",1,0,0,1,1,0,0,1,0,1,1,0,0,1,0,1,0,0,1,0.208080321046108
"1001","C16001",1371,"P40",24,"S11","A32","A173","E73","A92","A101",4,25,"A151",1,1,"A201",1,0,0,1,0,1,1,0,0,0,0,1,1,1,1,1,1,0,1,0.665494948733669
"4773","C19773",1047,"P46",6,"S13","A34","A172","E73","A92","A101",4,50,"A152",1,1,"A201",0,0,1,0,0,1,0,0,0,1,0,1,1,1,0,1,0,0,1,0.0664259560930571
"3964","C18964",13756,"P40",60,"S14","A34","A174","E75","A93","A101",4,63,"A153",1,1,"A201",0,0,0,0,0,1,0,0,0,1,0,0,0,1,1,1,0,1,1,0.306037088304749
"4854","C19854",2476,"P41",21,"S14","A32","A174","E75","A93","A101",4,46,"A152",1,1,"A201",0,0,0,0,1,0,0,0,0,0,0,0,0,1,0,1,0,0,1,0.0842423219804137
"3529","C18529",3357,"P43",21,"S11","A32","A173","E72","A92","A101",2,29,"A152",1,1,"A201",0,0,0,1,1,0,1,0,0,0,1,0,1,1,0,1,1,0,1,0.515387260312424
"2150","C17150",888,"P40",12,"S12","A32","A172","E75","A93","A101",4,41,"A152",1,2,"A201",1,0,1,0,0,1,0,1,0,0,0,0,0,1,0,1,0,0,1,0.293047773292849
"1057","C16057",4605,"P41",48,"S11","A30","A173","E75","A93","A101",4,24,"A153",2,2,"A201",1,0,0,1,1,0,1,0,1,0,0,0,0,1,1,1,1,0,1,0.82265021394726
"4262","C19262",12169,"P40",48,"S12","A31","A174","E71","A93","A102",4,36,"A153",1,1,"A201",0,0,0,0,0,1,0,1,1,0,1,0,0,1,1,1,0,1,1,0.884874860084862
"999","C15999",2679,"P41",24,"S14","A32","A174","E72","A92","A101",1,29,"A152",1,1,"A201",0,0,0,0,1,0,0,0,0,0,1,0,1,1,0,1,1,0,0,0.12734272483123
"1245","C16245",1374,"P40",6,"S11","A32","A174","E71","A92","A101",3,75,"A152",1,1,"A201",0,0,0,0,0,1,1,0,0,0,1,0,1,1,0,1,0,0,1,0.539981178665056
"2489","C17489",454,"P45",6,"S12","A32","A172","E72","A94","A101",1,22,"A152",1,1,"A201",0,0,1,0,0,1,0,1,0,0,1,0,0,1,0,1,1,0,0,0.261945535384495
"4420","C19420",1204,"P40",6,"S14","A30","A173","E73","A93","A101",1,35,"A151",1,1,"A202",0,0,0,1,0,1,0,0,1,0,0,1,0,1,1,0,0,0,0,0.0700987027661843
"3838","C18838",3398,"P40",8,"S11","A34","A172","E74","A93","A101",4,39,"A152",2,1,"A202",0,0,1,0,0,1,1,0,0,1,0,0,0,1,0,0,0,0,1,0.0822979892965397
"2071","C17071",2923,"P40",21,"S13","A32","A174","E73","A92","A101",1,28,"A152",1,1,"A201",0,0,0,0,0,1,0,0,0,0,0,1,1,1,0,1,1,0,0,0.136840011889528
"23","C15023",1995,"P40",12,"S12","A34","A173","E72","A93","A101",1,27,"A152",1,1,"A201",0,0,0,1,0,1,0,1,0,1,1,0,0,1,0,1,1,0,0,0.181119533784234
"4862","C19862",1957,"P43",6,"S11","A34","A173","E74","A92","A101",4,31,"A152",1,1,"A201",0,0,0,1,1,0,1,0,0,1,0,0,1,1,0,1,0,0,1,0.178628300315061
"1440","C16440",1366,"P43",9,"S11","A32","A173","E72","A92","A101",4,22,"A151",1,1,"A201",1,0,0,1,1,0,1,0,0,0,1,0,1,1,1,1,1,0,1,0.501454362368696
"2990","C17990",1591,"P42",21,"S14","A33","A174","E74","A93","A101",3,34,"A152",2,1,"A201",0,0,0,0,0,0,0,0,0,0,0,0,0,1,0,1,0,0,1,0.143314138910187
"4885","C19885",3161,"P49",24,"S11","A31","A173","E73","A93","A101",2,31,"A151",1,1,"A201",1,0,0,1,0,1,1,0,1,0,0,1,0,1,1,1,0,0,1,0.791420855800797
"3264","C18264",3711,"P46",36,"S12","A32","A173","E73","A94","A101",2,27,"A152",1,1,"A201",0,0,0,1,0,1,0,1,0,0,0,1,0,1,0,1,1,0,1,0.479583959413556
"1339","C16339",2746,"P42",36,"S11","A31","A173","E75","A93","A101",4,31,"A152",1,1,"A201",1,0,0,1,0,0,1,0,1,0,0,0,0,1,0,1,0,0,1,0.800474453950963
"3793","C18793",6403,"P43",24,"S12","A33","A173","E72","A93","A101",2,33,"A152",1,1,"A201",0,0,0,1,1,0,0,1,0,0,1,0,0,1,0,1,0,1,1,0.339862625674981
"584","C15584",754,"P48",12,"S12","A32","A173","E75","A93","A101",4,38,"A152",2,1,"A201",0,0,0,1,1,0,0,1,0,0,0,0,0,1,0,1,0,0,1,0.185631490468526
"4698","C19698",996,"P45",12,"S14","A34","A173","E74","A92","A101",4,23,"A152",2,1,"A201",0,0,0,1,0,1,0,0,0,1,0,0,1,1,0,1,1,0,1,0.0799370288159394
"496","C15496",1076,"P49",12,"S14","A32","A173","E73","A94","A101",2,26,"A152",1,1,"A202",0,0,0,1,0,1,0,0,0,0,0,1,0,1,0,0,1,0,1,0.0348567560931014
"2583","C17583",10722,"P40",47,"S11","A32","A172","E72","A92","A101",1,35,"A152",1,1,"A201",0,0,1,0,0,1,1,0,0,0,1,0,1,1,0,1,0,1,0,0.760291198813531
"2147","C17147",1543,"P42",6,"S14","A32","A173","E73","A91","A101",2,33,"A152",1,1,"A201",0,0,0,1,0,0,0,0,0,0,0,1,1,1,0,1,0,0,1,0.12235634014503
"3538","C18538",1934,"P43",12,"S14","A34","A173","E75","A93","A101",2,26,"A152",2,1,"A201",0,0,0,1,1,0,0,0,0,1,0,0,0,1,0,1,1,0,1,0.0336251372854894
"747","C15747",7721,"P42",24,"S11","A32","A173","E72","A92","A101",2,30,"A152",1,1,"A202",0,0,0,1,0,0,1,0,0,0,1,0,1,1,0,0,0,1,1,0.383682282607725
"4280","C19280",1249,"P40",24,"S14","A32","A173","E72","A94","A101",2,28,"A152",1,1,"A201",0,0,0,1,0,1,0,0,0,0,1,0,0,1,0,1,1,0,1,0.218764052120376
"1777","C16777",2579,"P40",12,"S11","A32","A172","E72","A93","A101",1,33,"A152",1,2,"A201",1,0,1,0,0,1,1,0,0,0,1,0,0,1,0,1,0,0,0,0.418760243525794
"2661","C17661",3757,"P40",24,"S14","A32","A173","E75","A92","A102",4,62,"A153",1,1,"A201",0,0,0,1,0,1,0,0,0,0,0,0,1,1,1,1,0,0,1,0.263587169048441
"1499","C16499",2670,"P41",24,"S14","A32","A174","E75","A93","A101",4,35,"A152",1,1,"A201",0,0,0,0,1,0,0,0,0,0,0,0,0,1,0,1,0,0,1,0.0922732073318229
"4861","C19861",707,"P43",12,"S14","A32","A173","E73","A93","A101",2,30,"A152",2,1,"A201",0,0,0,1,1,0,0,0,0,0,0,1,0,1,0,1,0,0,1,0.0638255324815497
"1701","C16701",6999,"P43",48,"S11","A32","A173","E74","A94","A103",1,34,"A152",2,1,"A201",1,0,0,1,1,0,1,0,0,0,0,0,0,0,0,1,0,1,0,0.326025691508532
"675","C15675",15653,"P43",60,"S14","A33","A173","E74","A93","A101",4,21,"A152",2,1,"A201",0,0,0,1,1,0,0,0,0,0,0,0,0,1,0,1,1,1,1,0.252030358321658
"3959","C18959",3780,"P42",18,"S14","A34","A174","E72","A91","A101",2,35,"A152",2,1,"A201",0,0,0,0,0,0,0,0,0,1,1,0,1,1,0,1,0,0,1,0.138454114162756
"13","C15013",1935,"P49",24,"S12","A34","A173","E75","A91","A101",4,31,"A152",2,1,"A201",1,0,0,1,0,1,0,1,0,1,0,0,1,1,0,1,0,0,1,0.302220776444304
"1556","C16556",1442,"P40",24,"S11","A32","A173","E74","A92","A101",4,23,"A151",2,1,"A201",1,0,0,1,0,1,1,0,0,0,0,0,1,1,1,1,1,0,1,0.665494948733669
"132","C15132",6314,"P50",24,"S14","A34","A174","E71","A93","A102",2,27,"A152",2,1,"A201",0,0,0,0,0,1,0,0,0,1,1,0,0,1,0,1,1,1,1,0.125043466806953
"2090","C17090",1533,"P42",18,"S14","A32","A172","E72","A94","A102",1,43,"A152",1,2,"A201",1,0,1,0,0,0,0,0,0,0,1,0,0,1,0,1,0,0,0,0.136647182606115
"1042","C16042",804,"P43",12,"S14","A32","A173","E75","A93","A101",4,38,"A152",1,1,"A201",0,0,0,1,1,0,0,0,0,0,0,0,0,1,0,1,0,0,1,0.0638255324815497
"3627","C18627",2302,"P43",36,"S11","A32","A173","E73","A91","A101",4,31,"A151",1,1,"A201",1,0,0,1,1,0,1,0,0,0,0,1,1,1,1,1,0,0,1,0.619945271613435
"2929","C17929",4605,"P41",48,"S11","A30","A173","E75","A93","A101",4,24,"A153",2,2,"A201",1,0,0,1,1,0,1,0,1,0,0,0,0,1,1,1,1,0,1,0.82265021394726
"1854","C16854",1936,"P43",18,"S11","A32","A172","E74","A94","A101",4,23,"A151",2,1,"A201",0,0,1,0,1,0,1,0,0,0,0,0,0,1,1,1,1,0,1,0.394860765356309
"4847","C19847",1872,"P42",6,"S11","A34","A174","E71","A93","A101",4,36,"A153",3,1,"A201",0,0,0,0,0,0,1,0,0,1,1,0,0,1,1,1,0,0,1,0.380905299689187
"2828","C17828",1532,"P46",15,"S14","A34","A173","E73","A92","A101",3,31,"A152",1,1,"A201",0,0,0,1,0,1,0,0,0,1,0,1,1,1,0,1,0,0,1,0.0875967466201952
"1012","C16012",7485,"P41",30,"S14","A31","A174","E71","A92","A101",1,53,"A152",1,1,"A201",1,0,0,0,1,0,0,0,1,0,1,0,1,1,0,1,0,1,0,0.318158791892893
"4061","C19061",1603,"P43",24,"S11","A32","A173","E75","A92","A101",4,55,"A152",1,1,"A201",0,0,0,1,1,0,1,0,0,0,0,0,1,1,0,1,0,0,1,0.436875889591206
"615","C15615",5842,"P41",36,"S14","A34","A173","E75","A93","A101",2,35,"A152",2,2,"A201",0,0,0,1,1,0,0,0,0,1,0,0,0,1,0,1,0,1,1,0.0718001806269258
"4870","C19870",1568,"P49",18,"S14","A32","A172","E73","A92","A101",4,24,"A151",1,1,"A201",0,0,1,0,0,1,0,0,0,0,0,1,1,1,1,1,1,0,1,0.226683048779547
"3802","C18802",3844,"P49",48,"S12","A30","A172","E74","A93","A101",4,34,"A153",1,2,"A201",1,0,1,0,0,1,0,1,1,0,0,0,0,1,1,1,0,0,1,0.835365626780607
"4867","C19867",2064,"P42",24,"S12","A33","A174","E71","A92","A101",2,34,"A152",1,1,"A201",1,0,0,0,0,0,0,1,0,0,1,0,1,1,0,1,0,0,1,0.562464088287585
"2336","C17336",1546,"P40",10,"S14","A32","A172","E73","A93","A101",2,31,"A152",1,2,"A202",0,0,1,0,0,1,0,0,0,0,0,1,0,1,0,0,0,0,1,0.0326850600118024
"3079","C18079",2325,"P40",24,"S11","A31","A173","E74","A93","A101",3,32,"A152",1,1,"A201",0,0,0,1,0,1,1,0,1,0,0,0,0,1,0,1,0,0,1,0.729049091111075
"1048","C16048",2538,"P40",24,"S14","A33","A172","E75","A93","A101",4,47,"A152",2,2,"A201",1,0,1,0,0,1,0,0,0,0,0,0,0,1,0,1,0,0,1,0.156016974968144
"948","C15948",2503,"P49",30,"S12","A33","A173","E75","A93","A101",2,41,"A152",2,1,"A201",0,0,0,1,0,1,0,1,0,0,0,0,0,1,0,1,0,0,1,0.430101007556077
"1105","C16105",1216,"P43",24,"S12","A34","A173","E72","A93","A101",4,38,"A152",2,2,"A201",1,0,0,1,1,0,0,1,0,1,1,0,0,1,0,1,0,0,1,0.208080321046108
"4986","C19986",2384,"P43",24,"S11","A32","A172","E75","A93","A101",4,64,"A151",1,1,"A201",0,0,1,0,1,0,1,0,0,0,0,0,0,1,1,1,0,0,1,0.443444091625029
"998","C15998",2375,"P49",24,"S14","A33","A173","E73","A93","A101",2,44,"A152",2,2,"A201",0,0,0,1,0,1,0,0,0,0,0,1,0,1,0,1,0,0,1,0.156016974968144
"1914","C16914",1188,"P49",21,"S12","A32","A173","E75","A92","A101",4,39,"A152",1,2,"A201",1,0,0,1,0,1,0,1,0,0,0,0,1,1,0,1,0,0,1,0.4343855046698
"1618","C16618",662,"P40",6,"S11","A32","A172","E72","A93","A101",4,41,"A152",1,2,"A201",0,0,1,0,0,1,1,0,0,0,1,0,0,1,0,1,0,0,1,0.460883589499202
"2864","C17864",4351,"P42",24,"S12","A32","A172","E73","A92","A101",4,48,"A152",1,1,"A201",0,0,1,0,0,0,0,1,0,0,0,1,1,1,0,1,0,0,1,0.459062938974264
"2551","C17551",6458,"P40",18,"S14","A31","A174","E75","A93","A101",4,39,"A152",2,2,"A201",1,0,0,0,0,1,0,0,1,0,0,0,0,1,0,1,0,1,1,0.283897132217957
"1757","C16757",1503,"P41",12,"S14","A33","A173","E73","A94","A101",4,41,"A151",1,1,"A201",0,0,0,1,1,0,0,0,0,0,0,1,0,1,1,1,0,0,1,0.087708508835187
"3143","C18143",926,"P40",12,"S14","A34","A171","E71","A92","A101",2,38,"A152",1,1,"A201",0,1,0,0,0,1,0,0,0,1,1,0,1,1,0,1,0,0,1,0.116302647819615
"4146","C19146",1546,"P43",24,"S11","A31","A172","E74","A93","A103",4,24,"A151",1,1,"A201",1,0,1,0,1,0,1,0,1,0,0,0,0,0,1,1,1,0,1,0.537943818422217
"3530","C18530",1386,"P40",12,"S14","A32","A173","E73","A92","A101",2,26,"A152",1,1,"A201",1,0,0,1,0,1,0,0,0,0,0,1,1,1,0,1,1,0,1,0.14547101254588
"3930","C18930",1155,"P43",12,"S12","A32","A172","E75","A94","A103",3,40,"A152",2,1,"A201",0,0,1,0,1,0,0,1,0,0,0,0,0,0,0,1,0,0,1,0.112838331340695
"9","C15009",2251,"P42",12,"S13","A32","A172","E73","A92","A101",2,46,"A152",1,1,"A201",0,0,1,0,0,0,0,0,0,0,0,1,1,1,0,1,0,0,1,0.14547101254588
"2099","C17099",10297,"P41",48,"S11","A32","A173","E74","A93","A101",4,39,"A153",3,2,"A201",1,0,0,1,1,0,1,0,0,0,0,0,0,1,1,1,0,1,1,0.639160412605876
"706","C15706",1901,"P43",24,"S14","A32","A174","E73","A93","A101",4,29,"A151",1,1,"A201",0,0,0,0,1,0,0,0,0,0,0,1,0,1,1,1,1,0,1,0.125375467595293
"2409","C17409",1418,"P40",10,"S14","A32","A172","E73","A93","A101",2,35,"A151",1,1,"A202",0,0,1,0,0,1,0,0,0,0,0,1,0,1,1,0,0,0,1,0.0454816410196382
"235","C15235",1275,"P49",24,"S13","A34","A173","E73","A91","A101",4,36,"A152",2,1,"A201",0,0,0,1,0,1,0,0,0,1,0,1,1,1,0,1,0,0,1,0.114686042913361
"2509","C17509",9629,"P41",36,"S11","A34","A173","E74","A93","A101",4,24,"A152",2,1,"A201",1,0,0,1,1,0,1,0,0,1,0,0,0,1,0,1,1,1,1,0.300677399425924
"2905","C17905",626,"P43",12,"S11","A31","A172","E73","A92","A101",4,24,"A152",1,1,"A201",1,0,1,0,1,0,1,0,1,0,0,1,1,1,0,1,1,0,1,0.576732781148913
"1400","C16400",3017,"P42",12,"S12","A32","A174","E72","A92","A101",1,34,"A151",1,1,"A201",0,0,0,0,0,0,0,1,0,0,1,0,1,1,1,1,0,0,0,0.456264374140192
"882","C15882",1715,"P43",30,"S12","A32","A173","E73","A92","A101",1,26,"A152",1,1,"A201",0,0,0,1,1,0,0,1,0,0,0,1,1,1,0,1,1,0,0,0.28227262700841
"3528","C18528",1602,"P40",21,"S11","A34","A173","E75","A94","A101",3,30,"A152",2,1,"A201",0,0,0,1,0,1,1,0,0,1,0,0,0,1,0,1,0,0,1,0.321829718386664
"2851","C17851",1295,"P42",18,"S12","A34","A173","E72","A92","A101",1,27,"A152",2,1,"A201",0,0,0,1,0,0,0,1,0,1,1,0,1,1,0,1,1,0,0,0.270517511542588
"2031","C17031",3594,"P41",15,"S14","A33","A172","E72","A92","A101",2,46,"A152",2,1,"A201",0,0,1,0,1,0,0,0,0,0,1,0,1,1,0,1,0,0,1,0.135468711415615
"4961","C19961",601,"P42",4,"S14","A32","A172","E72","A92","A101",3,23,"A151",1,2,"A201",0,0,1,0,0,0,0,0,0,0,1,0,1,1,1,1,1,0,1,0.217910030285944
"4079","C19079",3650,"P42",18,"S11","A32","A173","E72","A92","A101",4,22,"A151",1,1,"A201",0,0,0,1,0,0,1,0,0,0,1,0,1,1,1,1,1,0,1,0.711654621196058
"3867","C18867",2473,"P42",18,"S11","A32","A171","E71","A93","A101",1,25,"A152",1,1,"A201",1,1,0,0,0,0,1,0,0,0,1,0,0,1,0,1,1,0,0,0.468009926319775
"2631","C17631",3556,"P40",15,"S14","A32","A173","E73","A93","A101",2,29,"A152",1,1,"A201",0,0,0,1,0,1,0,0,0,0,0,1,0,1,0,1,1,0,1,0.120493858525528
"4589","C19589",1412,"P49",12,"S14","A34","A174","E73","A92","A103",2,29,"A152",2,1,"A201",0,0,0,0,0,1,0,0,0,1,0,1,1,0,0,1,1,0,1,0.0462374547212916
"2433","C17433",1313,"P42",9,"S14","A32","A173","E75","A93","A101",4,20,"A152",1,1,"A201",0,0,0,1,0,0,0,0,0,0,0,0,0,1,0,1,1,0,1,0.100879418587663
"3626","C18626",1953,"P49",36,"S12","A30","A174","E75","A93","A101",4,61,"A153",1,1,"A201",1,0,0,0,0,1,0,1,1,0,0,0,0,1,1,1,0,0,1,0.772886705061983
"603","C15603",1418,"P40",10,"S14","A32","A172","E73","A93","A101",2,35,"A151",1,1,"A202",0,0,1,0,0,1,0,0,0,0,0,1,0,1,1,0,0,0,1,0.0454816410196382
"526","C15526",4679,"P41",24,"S14","A33","A172","E74","A93","A101",3,35,"A152",2,1,"A201",0,0,1,0,1,0,0,0,0,0,0,0,0,1,0,1,0,0,1,0.0922732073318229
"4674","C19674",2764,"P49",33,"S14","A33","A173","E73","A92","A101",2,26,"A152",2,1,"A201",0,0,0,1,0,1,0,0,0,0,0,1,1,1,0,1,1,0,1,0.255114041811429
"490","C15490",7629,"P49",48,"S14","A34","A174","E75","A91","A101",2,46,"A152",2,2,"A201",0,0,0,0,0,1,0,0,0,1,0,0,1,1,0,1,0,1,1,0.223597042136655
"2269","C17269",1101,"P40",12,"S14","A32","A173","E73","A94","A101",2,27,"A152",2,1,"A201",0,0,0,1,0,1,0,0,0,0,0,1,0,1,0,1,1,0,1,0.110305290232065
"1409","C16409",1223,"P40",12,"S12","A32","A173","E75","A91","A101",1,46,"A151",2,1,"A201",1,0,0,1,0,1,0,1,0,0,0,0,1,1,1,1,0,0,0,0.356480027043993
"319","C15319",6078,"P40",12,"S12","A32","A173","E74","A93","A101",2,32,"A152",1,1,"A201",0,0,0,1,0,1,0,1,0,0,0,0,0,1,0,1,0,1,1,0.293047773292849
"3093","C18093",999,"P43",24,"S14","A32","A173","E75","A93","A101",2,25,"A152",2,1,"A201",0,0,0,1,1,0,0,0,0,0,0,0,0,1,0,1,1,0,1,0.0922732073318229
"2180","C17180",983,"P42",12,"S12","A32","A172","E72","A92","A101",4,19,"A151",1,1,"A201",0,0,1,0,0,0,0,1,0,0,1,0,1,1,1,1,1,0,1,0.54869949200642
"806","C15806",618,"P43",12,"S14","A34","A173","E75","A93","A101",4,56,"A152",1,1,"A201",0,0,0,1,1,0,0,0,0,1,0,0,0,1,0,1,0,0,1,0.0336251372854894
"189","C15189",629,"P43",18,"S14","A34","A174","E75","A93","A101",3,32,"A152",2,1,"A201",0,0,0,0,1,0,0,0,0,1,0,0,0,1,0,1,0,0,1,0.0407557644486945
"2350","C17350",14782,"P50",60,"S12","A31","A174","E75","A92","A101",4,60,"A153",2,1,"A201",1,0,0,0,0,1,0,1,1,0,0,0,1,1,1,1,0,1,1,0.912188504839501
"2400","C17400",10144,"P43",60,"S14","A32","A173","E74","A92","A101",4,21,"A152",1,1,"A201",0,0,0,1,1,0,0,0,0,0,0,0,1,1,0,1,1,1,1,0.316314740524133
"1043","C16043",4716,"P40",6,"S11","A34","A172","E72","A93","A101",3,44,"A152",2,2,"A201",0,0,1,0,0,1,1,0,0,1,1,0,0,1,0,1,0,0,1,0.30376870056044
"2461","C17461",3990,"P44",36,"S12","A31","A171","E72","A92","A101",2,29,"A152",1,1,"A201",0,1,0,0,0,0,0,1,1,0,1,0,1,1,0,1,1,0,1,0.83387078891466
"725","C15725",1056,"P40",18,"S12","A34","A173","E75","A93","A103",3,30,"A152",2,1,"A201",1,0,0,1,0,1,0,1,0,1,0,0,0,0,0,1,0,0,1,0.125983428567776
"1589","C16589",1371,"P40",24,"S11","A32","A173","E73","A92","A101",4,25,"A151",1,1,"A201",1,0,0,1,0,1,1,0,0,0,0,1,1,1,1,1,1,0,1,0.665494948733669
"4034","C19034",1311,"P43",24,"S14","A32","A173","E74","A94","A101",3,26,"A152",1,1,"A201",0,0,0,1,1,0,0,0,0,0,0,0,0,1,0,1,1,0,1,0.0922732073318229
"3185","C18185",7253,"P41",33,"S14","A34","A174","E74","A93","A101",2,35,"A152",2,1,"A201",0,0,0,0,1,0,0,0,0,1,0,0,0,1,0,1,0,1,1,0.0654227168880589
"4933","C19933",3612,"P42",18,"S12","A34","A173","E75","A92","A101",4,37,"A152",1,1,"A201",0,0,0,1,0,0,0,1,0,1,0,0,1,1,0,1,0,0,1,0.261830829654139
"4691","C19691",1592,"P42",12,"S14","A34","A173","E74","A92","A101",2,35,"A152",1,1,"A202",0,0,0,1,0,0,0,0,0,1,0,0,1,1,0,0,0,0,1,0.0246840066344317
"3122","C18122",1240,"P43",12,"S14","A34","A173","E75","A92","A101",2,38,"A152",2,1,"A201",0,0,0,1,1,0,0,0,0,1,0,0,1,1,0,1,0,0,1,0.0455978313401185
"3173","C18173",4153,"P42",18,"S11","A32","A173","E73","A93","A102",3,42,"A152",1,1,"A201",1,0,0,1,0,0,1,0,0,0,0,1,0,1,0,1,0,0,1,0.456954021341531
"4477","C19477",5943,"P43",24,"S14","A32","A173","E72","A92","A101",1,44,"A152",2,1,"A201",1,0,0,1,1,0,0,0,0,0,1,0,1,1,0,1,0,1,0,0.12734272483123
"3056","C18056",2759,"P42",12,"S14","A30","A173","E75","A93","A101",4,34,"A152",2,1,"A201",0,0,0,1,0,0,0,0,1,0,0,0,0,1,0,1,0,0,1,0.245095868641083
"2327","C17327",1924,"P42",18,"S12","A32","A173","E72","A92","A101",3,27,"A151",1,1,"A201",1,0,0,1,0,0,0,1,0,0,1,0,1,1,1,1,1,0,1,0.597521106137724
"2951","C17951",1503,"P43",4,"S14","A34","A172","E74","A93","A101",1,42,"A152",2,2,"A201",0,0,1,0,1,0,0,0,0,1,0,0,0,1,0,1,0,0,0,0.0180677795122997
"4797","C19797",874,"P44",15,"S14","A32","A173","E72","A92","A101",1,24,"A152",1,1,"A201",0,0,0,1,0,0,0,0,0,0,1,0,1,1,0,1,1,0,0,0.164347061300677
"4122","C19122",2058,"P45",24,"S14","A34","A173","E73","A91","A101",2,33,"A152",2,1,"A201",0,0,0,1,0,1,0,0,0,1,0,1,1,1,0,1,0,0,1,0.114686042913361
"4222","C19222",1158,"P43",12,"S12","A32","A173","E73","A91","A101",1,26,"A152",1,1,"A201",0,0,0,1,1,0,0,1,0,0,0,1,1,1,0,1,1,0,0,0.17764210463751
"2434","C17434",672,"P40",6,"S14","A32","A171","E71","A92","A101",4,54,"A152",1,1,"A201",0,1,0,0,0,1,0,0,0,0,1,0,1,1,0,1,0,0,1,0.174362559758996
"2048","C17048",4370,"P43",42,"S11","A33","A173","E74","A93","A101",2,26,"A152",2,2,"A201",1,0,0,1,1,0,1,0,0,0,0,0,0,1,0,1,1,0,1,0.507070674260342
"728","C15728",3244,"P42",18,"S12","A30","A173","E73","A92","A101",4,33,"A152",2,1,"A201",0,0,0,1,0,0,0,1,1,0,0,1,1,1,0,1,0,0,1,0.645390892448045
"954","C15954",1842,"P40",36,"S11","A32","A173","E72","A92","A101",4,34,"A152",1,1,"A201",1,0,0,1,0,1,1,0,0,0,1,0,1,1,0,1,0,0,1,0.761135362977902
"1562","C16562",2463,"P40",24,"S14","A34","A173","E74","A94","A101",3,27,"A152",2,1,"A201",0,0,0,1,0,1,0,0,0,1,0,0,0,1,0,1,1,0,1,0.0862113939182156
"2159","C17159",1552,"P43",24,"S14","A32","A173","E74","A93","A101",1,32,"A152",1,2,"A201",0,0,0,1,1,0,0,0,0,0,0,0,0,1,0,1,0,0,0,0.0655590087466866
"1254","C16254",458,"P43",9,"S12","A32","A173","E73","A93","A101",3,24,"A152",1,1,"A201",0,0,0,1,1,0,0,1,0,0,0,1,0,1,0,1,1,0,1,0.171006005462675
"3769","C18769",1919,"P43",30,"S12","A33","A174","E72","A93","A101",3,30,"A152",2,1,"A201",1,0,0,0,1,0,0,1,0,0,1,0,0,1,0,1,0,0,1,0.385995392611086
"4929","C19929",6742,"P43",30,"S14","A34","A173","E74","A93","A101",3,36,"A152",2,1,"A201",0,0,0,1,1,0,0,0,0,1,0,0,0,1,0,1,0,1,1,0.0595753570931899
"2892","C17892",2969,"P42",12,"S12","A30","A173","E72","A92","A101",3,25,"A151",2,1,"A201",1,0,0,1,0,0,0,1,1,0,1,0,1,1,1,1,1,0,1,0.760987785778133
"104","C15104",6758,"P43",48,"S11","A32","A173","E73","A92","A101",2,31,"A152",1,1,"A201",1,0,0,1,1,0,1,0,0,0,0,1,1,1,0,1,0,1,1,0.632990331371455
"1751","C16751",15672,"P49",48,"S12","A32","A173","E73","A93","A101",2,23,"A152",1,1,"A201",1,0,0,1,0,1,0,1,0,0,0,1,0,1,0,1,1,1,1,0.578775649954521
"1901","C16901",1262,"P44",15,"S14","A32","A173","E74","A93","A101",3,36,"A152",2,1,"A201",0,0,0,1,0,0,0,0,0,0,0,0,0,1,0,1,0,0,1,0.120493858525528
"1446","C16446",841,"P49",12,"S12","A32","A172","E74","A92","A101",4,23,"A151",1,1,"A201",0,0,1,0,0,1,0,1,0,0,0,0,1,1,1,1,1,0,1,0.44525370788776
"3465","C18465",1123,"P42",12,"S14","A32","A172","E73","A92","A101",4,29,"A151",1,1,"A201",1,0,1,0,0,0,0,0,0,0,0,1,1,1,1,1,1,0,1,0.193587518245133
"424","C15424",3565,"P46",12,"S14","A34","A172","E72","A93","A101",1,37,"A152",2,2,"A201",0,0,1,0,0,1,0,0,0,1,1,0,0,1,0,1,0,0,0,0.0620486138759529
"1369","C16369",882,"P43",13,"S12","A34","A173","E72","A93","A103",4,23,"A152",2,1,"A201",0,0,0,1,1,0,0,1,0,1,1,0,0,0,0,1,1,0,1,0.0922783589633826
"3209","C18209",5951,"P43",48,"S12","A32","A173","E73","A92","A101",2,22,"A152",1,1,"A201",0,0,0,1,1,0,0,1,0,0,0,1,1,1,0,1,1,1,1,0.509194010274079
"4531","C19531",7127,"P42",36,"S14","A34","A173","E72","A92","A101",4,23,"A151",2,1,"A201",1,0,0,1,0,0,0,0,0,1,1,0,1,1,1,1,1,1,1,0.292082130655292
"4488","C19488",3394,"P45",42,"S11","A34","A171","E71","A93","A102",4,65,"A152",2,1,"A201",0,1,0,0,0,1,1,0,0,1,1,0,0,1,0,1,0,0,1,0.591207994178566
"1423","C16423",2578,"P43",24,"S14","A34","A173","E75","A93","A101",2,34,"A152",1,1,"A201",0,0,0,1,1,0,0,0,0,1,0,0,0,1,0,1,0,0,1,0.0493213537580633
"3437","C18437",8358,"P40",48,"S12","A30","A173","E72","A92","A101",1,30,"A152",2,1,"A201",0,0,0,1,0,1,0,1,1,0,1,0,1,1,0,1,0,1,0,0.837801906877505
"4785","C19785",484,"P43",6,"S12","A32","A172","E74","A94","A103",3,28,"A152",1,1,"A201",0,0,1,0,1,0,0,1,0,0,0,0,0,0,0,1,1,0,1,0.0943364189437495
"4722","C19722",2108,"P43",6,"S14","A32","A173","E74","A94","A101",2,29,"A151",1,1,"A201",0,0,0,1,1,0,0,0,0,0,0,0,0,1,1,1,1,0,1,0.0729880922234015
"1200","C16200",2101,"P43",13,"S12","A32","A172","E72","A92","A103",4,23,"A152",1,1,"A201",0,0,1,0,1,0,0,1,0,0,1,0,1,0,0,1,1,0,1,0.214763779641121
"2227","C17227",1346,"P43",6,"S14","A32","A173","E75","A93","A101",4,42,"A153",1,2,"A201",0,0,0,1,1,0,0,0,0,0,0,0,0,1,1,1,0,0,1,0.0729880922234015
"4104","C19104",3021,"P42",24,"S11","A32","A172","E73","A91","A101",2,24,"A151",1,1,"A201",0,0,1,0,0,0,1,0,0,0,0,1,1,1,1,1,1,0,1,0.665494948733669
"2445","C17445",3552,"P42",24,"S11","A31","A173","E74","A93","A101",4,27,"A152",1,1,"A201",1,0,0,1,0,0,1,0,1,0,0,0,0,1,0,1,1,0,1,0.729049091111075
"423","C15423",783,"P40",6,"S14","A31","A172","E73","A93","A103",2,26,"A152",1,2,"A201",0,0,1,0,0,1,0,0,1,0,0,1,0,0,0,1,1,0,1,0.129195310498102
"2002","C17002",1386,"P43",15,"S14","A32","A173","E73","A94","A101",2,40,"A151",1,1,"A201",0,0,0,1,1,0,0,0,0,0,0,1,0,1,1,1,0,0,1,0.096035175924538
"4730","C19730",2134,"P40",9,"S14","A34","A173","E73","A93","A101",4,48,"A152",3,1,"A201",0,0,0,1,0,1,0,0,0,1,0,1,0,1,0,1,0,0,1,0.0541605236726375
"4376","C19376",4057,"P42",24,"S12","A32","A173","E74","A91","A101",3,43,"A152",1,1,"A201",1,0,0,1,0,0,0,1,0,0,0,0,1,1,0,1,0,0,1,0.459062938974264
"1421","C16421",2462,"P42",18,"S11","A32","A173","E73","A93","A101",2,22,"A152",1,1,"A201",1,0,0,1,0,0,1,0,0,0,0,1,0,1,0,1,1,0,1,0.456954021341531
"1788","C16788",3349,"P42",36,"S14","A32","A174","E73","A92","A101",2,28,"A152",1,1,"A201",1,0,0,0,0,0,0,0,0,0,0,1,1,1,0,1,1,0,1,0.274550603014661
"4106","C19106",9857,"P49",36,"S12","A33","A172","E74","A93","A101",3,31,"A152",2,2,"A201",0,0,1,0,0,1,0,1,0,0,0,0,0,1,0,1,0,1,1,0.479583959413556
"3508","C18508",2578,"P43",24,"S14","A34","A173","E75","A93","A101",2,34,"A152",1,1,"A201",0,0,0,1,1,0,0,0,0,1,0,0,0,1,0,1,0,0,1,0.0493213537580633
"3981","C18981",1038,"P40",10,"S11","A34","A173","E74","A93","A102",3,49,"A152",2,1,"A201",0,0,0,1,0,1,1,0,0,1,0,0,0,1,0,1,0,0,1,0.247582683410096
"2447","C17447",3161,"P49",24,"S11","A31","A173","E73","A93","A101",2,31,"A151",1,1,"A201",1,0,0,1,0,1,1,0,1,0,0,1,0,1,1,1,0,0,1,0.791420855800797
"3136","C18136",2327,"P43",15,"S13","A32","A172","E72","A92","A101",3,25,"A152",1,1,"A201",1,0,1,0,1,0,0,0,0,0,1,0,1,1,0,1,1,0,1,0.135468711415615
"965","C15965",3446,"P42",36,"S11","A32","A173","E75","A93","A101",2,42,"A152",1,2,"A201",1,0,0,1,0,0,1,0,0,0,0,0,0,1,0,1,0,0,1,0.605056033985848
"504","C15504",3758,"P43",24,"S12","A32","A171","E71","A92","A101",4,23,"A151",1,1,"A201",0,1,0,0,1,0,0,1,0,0,1,0,1,1,1,1,1,0,1,0.499213589824432
"1892","C16892",2284,"P43",24,"S14","A32","A173","E74","A93","A101",2,28,"A152",1,1,"A201",0,0,0,1,1,0,0,0,0,0,0,0,0,1,0,1,1,0,1,0.0922732073318229
"4579","C19579",11054,"P41",36,"S14","A34","A174","E73","A93","A101",2,30,"A152",1,1,"A201",0,0,0,0,1,0,0,0,0,1,0,1,0,1,0,1,0,1,1,0.0718001806269258
"3503","C18503",2406,"P42",9,"S14","A34","A174","E71","A93","A101",3,31,"A152",1,1,"A201",0,0,0,0,0,0,0,0,0,1,1,0,0,1,0,1,0,0,1,0.079816970072083
"805","C15805",1372,"P40",12,"S11","A32","A173","E74","A91","A101",3,36,"A152",1,1,"A201",1,0,0,1,0,1,1,0,0,0,0,0,1,1,0,1,0,0,1,0.48618157719108
"1869","C16869",7685,"P49",48,"S11","A31","A173","E74","A92","A103",4,37,"A151",1,1,"A201",1,0,0,1,0,1,1,0,1,0,0,0,1,0,1,1,0,1,1,0.866001781265604
"2357","C17357",2122,"P40",12,"S11","A34","A172","E73","A93","A101",2,39,"A151",2,2,"A202",0,0,1,0,0,1,1,0,0,1,0,1,0,1,1,0,0,0,1,0.126235115016795
"3442","C18442",3749,"P42",24,"S13","A32","A173","E72","A92","A101",4,26,"A152",1,1,"A201",0,0,0,1,0,0,0,0,0,0,1,0,1,1,0,1,1,0,1,0.277713765566558
"1359","C16359",1337,"P43",9,"S13","A30","A174","E72","A93","A101",2,34,"A152",2,1,"A201",1,0,0,0,1,0,0,0,1,0,1,0,0,1,0,1,0,0,1,0.196621720677224
"690","C15690",1275,"P44",15,"S11","A32","A173","E73","A92","A101",2,24,"A151",1,1,"A201",1,0,0,1,0,0,1,0,0,0,0,1,1,1,1,1,1,0,1,0.595869749016442
"1513","C16513",1291,"P43",12,"S14","A34","A173","E73","A92","A101",2,35,"A152",2,1,"A201",0,0,0,1,1,0,0,0,0,1,0,1,1,1,0,1,0,0,1,0.0455978313401185
"2747","C17747",1845,"P42",15,"S11","A32","A173","E72","A92","A103",1,46,"A151",1,1,"A201",0,0,0,1,0,0,1,0,0,0,1,0,1,0,1,1,0,0,0,0.462405868078464
"1336","C16336",1216,"P40",18,"S11","A32","A173","E72","A92","A101",3,23,"A151",1,1,"A201",1,0,0,1,0,1,1,0,0,0,1,0,1,1,1,1,1,0,1,0.711654621196058
"2165","C17165",1602,"P40",21,"S11","A34","A173","E75","A94","A101",3,30,"A152",2,1,"A201",0,0,0,1,0,1,1,0,0,1,0,0,0,1,0,1,0,0,1,0.321829718386664
"503","C15503",2389,"P43",18,"S11","A32","A173","E72","A92","A101",1,27,"A152",1,1,"A201",0,0,0,1,1,0,1,0,0,0,1,0,1,1,0,1,1,0,0,0.399126871311046
"3739","C18739",2241,"P40",10,"S11","A34","A172","E72","A93","A101",3,48,"A151",2,2,"A202",0,0,1,0,0,1,1,0,0,1,1,0,0,1,1,0,0,0,1,0.16995340270996
"525","C15525",6967,"P49",24,"S12","A33","A174","E74","A93","A101",4,36,"A151",1,1,"A201",0,0,0,0,0,1,0,1,0,0,0,0,0,1,1,1,0,1,1,0.465688857505822
"3569","C18569",3275,"P41",21,"S14","A34","A174","E75","A93","A101",4,36,"A152",1,1,"A201",0,0,0,0,1,0,0,0,0,1,0,0,0,1,0,1,0,0,1,0.0448440504657087
"3645","C18645",1393,"P40",24,"S14","A32","A173","E73","A93","A103",2,31,"A152",1,1,"A201",0,0,0,1,0,1,0,0,0,0,0,1,0,0,0,1,0,0,1,0.0935034241615197
"3662","C18662",1574,"P42",12,"S14","A32","A173","E73","A93","A101",2,50,"A152",1,1,"A201",0,0,0,1,0,0,0,0,0,0,0,1,0,1,0,1,0,0,1,0.110305290232065
"1693","C16693",8318,"P49",27,"S12","A30","A174","E75","A92","A101",4,42,"A153",2,1,"A201",1,0,0,0,0,1,0,1,1,0,0,0,1,1,1,1,0,1,1,0.775936674433687
"3939","C18939",3108,"P42",30,"S11","A32","A172","E72","A91","A101",4,31,"A152",1,1,"A201",1,0,1,0,0,0,1,0,0,0,1,0,1,1,0,1,0,0,1,0.722958545680159
"3792","C18792",4605,"P41",48,"S11","A30","A173","E75","A93","A101",4,24,"A153",2,2,"A201",1,0,0,1,1,0,1,0,1,0,0,0,0,1,1,1,1,0,1,0.82265021394726
"1412","C16412",2171,"P40",12,"S11","A34","A172","E73","A93","A101",4,38,"A152",2,1,"A202",0,0,1,0,0,1,1,0,0,1,0,1,0,1,0,0,0,0,1,0.0929300020188221
"602","C15602",4591,"P49",24,"S14","A32","A174","E73","A93","A101",3,54,"A152",3,1,"A201",1,0,0,0,0,1,0,0,0,0,0,1,0,1,0,1,0,0,1,0.156016974968144
"4292","C19292",522,"P43",12,"S14","A34","A173","E75","A93","A101",4,42,"A152",2,2,"A201",0,0,0,1,1,0,0,0,0,1,0,0,0,1,0,1,0,0,1,0.0336251372854894
"1994","C16994",2600,"P43",18,"S11","A32","A173","E73","A93","A101",4,65,"A153",2,1,"A201",1,0,0,1,1,0,1,0,0,0,0,1,0,1,1,1,0,0,1,0.394860765356309
"1972","C16972",343,"P44",6,"S11","A32","A173","E72","A92","A101",1,27,"A152",1,1,"A201",0,0,0,1,0,0,1,0,0,0,1,0,1,1,0,1,1,0,0,0.447558239585575
"342","C15342",639,"P45",12,"S12","A32","A173","E73","A93","A101",2,30,"A152",1,1,"A201",1,0,0,1,0,1,0,1,0,0,0,1,0,1,0,1,0,0,1,0.293047773292849
"2427","C17427",4686,"P41",36,"S14","A32","A174","E73","A93","A101",2,32,"A153",1,1,"A201",0,0,0,0,1,0,0,0,0,0,0,1,0,1,1,1,0,0,1,0.176096280303628
"1197","C16197",1345,"P43",18,"S11","A32","A173","E73","A94","A101",3,26,"A152",1,1,"A201",1,0,0,1,1,0,1,0,0,0,0,1,0,1,0,1,1,0,1,0.316342132781353
"3654","C18654",4249,"P40",30,"S12","A34","A174","E71","A94","A101",2,28,"A152",2,1,"A201",1,0,0,0,0,1,0,1,0,1,1,0,0,1,0,1,1,0,1,0.36847043331136
"337","C15337",5507,"P45",24,"S14","A34","A173","E75","A93","A101",4,44,"A153",2,1,"A201",0,0,0,1,0,1,0,0,0,1,0,0,0,1,1,1,0,1,1,0.117420330026183
"4211","C19211",1554,"P43",6,"S14","A34","A173","E74","A92","A101",2,24,"A151",2,1,"A201",0,0,0,1,1,0,0,0,0,1,0,0,1,1,1,1,1,0,1,0.0522898444357195
"12","C15012",3077,"P43",30,"S14","A34","A173","E75","A93","A101",2,40,"A152",2,2,"A201",0,0,0,1,1,0,0,0,0,1,0,0,0,1,0,1,0,0,1,0.0595753570931899
"4666","C19666",8072,"P49",30,"S11","A30","A173","E72","A93","A101",3,25,"A152",3,1,"A201",0,0,0,1,0,1,1,0,1,0,1,0,0,1,0,1,1,1,1,0.83269054976689
"4563","C19563",1424,"P44",12,"S12","A34","A173","E74","A93","A101",3,26,"A152",1,1,"A201",0,0,0,1,0,0,0,1,0,1,0,0,0,1,0,1,1,0,1,0.17461638385841
"1652","C16652",3079,"P40",36,"S14","A32","A173","E73","A93","A101",4,36,"A152",1,1,"A201",0,0,0,1,0,1,0,0,0,0,0,1,0,1,0,1,0,0,1,0.216071467193813
"1735","C16735",1126,"P43",18,"S14","A32","A173","E72","A92","A101",2,21,"A151",1,1,"A201",0,0,0,1,1,0,0,0,0,0,1,0,1,1,1,1,1,0,1,0.196253906429319
"3868","C18868",3049,"P42",18,"S13","A32","A172","E72","A92","A101",1,45,"A152",1,1,"A201",0,0,1,0,0,0,0,0,0,0,1,0,1,1,0,1,0,0,0,0.178525678518202
"4616","C19616",1766,"P42",6,"S14","A32","A173","E73","A94","A101",2,21,"A151",1,1,"A201",0,0,0,1,0,0,0,0,0,0,0,1,0,1,1,1,1,0,1,0.125247627356048
"1898","C16898",5842,"P41",36,"S14","A34","A173","E75","A93","A101",2,35,"A152",2,2,"A201",0,0,0,1,1,0,0,0,0,1,0,0,0,1,0,1,0,1,1,0.0718001806269258
"4321","C19321",5096,"P42",48,"S12","A34","A174","E73","A92","A101",3,30,"A152",1,1,"A201",1,0,0,0,0,0,0,1,0,1,0,1,1,1,0,1,0,1,1,0.490544352067905
"4173","C19173",1935,"P42",12,"S14","A34","A173","E75","A93","A101",4,43,"A152",3,1,"A201",0,0,0,1,0,0,0,0,0,1,0,0,0,1,0,1,0,0,1,0.059510045437248
"4839","C19839",1355,"P40",24,"S12","A32","A172","E72","A92","A101",4,25,"A152",1,1,"A201",1,0,1,0,0,1,0,1,0,0,1,0,1,1,0,1,1,0,1,0.562464088287585
"1709","C16709",3959,"P42",36,"S11","A32","A174","E71","A93","A101",3,30,"A152",1,1,"A201",0,0,0,0,0,0,1,0,0,0,1,0,0,1,0,1,0,0,1,0.698857080144844
"4326","C19326",846,"P43",7,"S14","A33","A173","E75","A93","A101",4,36,"A153",1,1,"A201",0,0,0,1,1,0,0,0,0,0,0,0,0,1,1,1,0,0,1,0.0752726655122679
"313","C15313",6403,"P43",24,"S12","A33","A173","E72","A93","A101",2,33,"A152",1,1,"A201",0,0,0,1,1,0,0,1,0,0,1,0,0,1,0,1,0,1,1,0.339862625674981
"3238","C18238",1979,"P43",15,"S14","A32","A173","E75","A93","A101",2,35,"A152",1,1,"A201",0,0,0,1,1,0,0,0,0,0,0,0,0,1,0,1,0,0,1,0.070058972687681
"3115","C18115",6836,"P49",60,"S11","A33","A173","E75","A93","A101",4,63,"A152",2,1,"A201",1,0,0,1,0,1,1,0,0,0,0,0,0,1,0,1,0,1,1,0.773029126604782
"3406","C18406",1056,"P40",18,"S12","A34","A173","E75","A93","A103",3,30,"A152",2,1,"A201",1,0,0,1,0,1,0,1,0,1,0,0,0,0,0,1,0,0,1,0.125983428567776
"461","C15461",18424,"P50",48,"S12","A30","A174","E73","A92","A101",2,32,"A152",1,1,"A202",1,0,0,0,0,1,0,1,1,0,0,1,1,1,0,0,0,1,1,0.590028780026911
"481","C15481",931,"P40",6,"S12","A31","A172","E72","A92","A101",1,32,"A152",1,1,"A201",1,0,1,0,0,1,0,1,1,0,1,0,1,1,0,1,0,0,0,0.56066393958226
"2397","C17397",3590,"P42",12,"S11","A32","A172","E73","A93","A102",2,29,"A152",1,2,"A201",0,0,1,0,0,0,1,0,0,0,0,1,0,1,0,1,1,0,1,0.407975552284858
"1769","C16769",3578,"P43",48,"S14","A34","A173","E75","A93","A101",1,47,"A152",1,1,"A201",0,0,0,1,1,0,0,0,0,1,0,0,0,1,0,1,0,0,0,0.0737331866735052
"1456","C16456",448,"P46",6,"S11","A32","A173","E72","A92","A101",4,23,"A152",1,1,"A201",1,0,0,1,0,1,1,0,0,0,1,0,1,1,0,1,1,0,1,0.539981178665056
"4214","C19214",1442,"P40",24,"S11","A32","A173","E74","A92","A101",4,23,"A151",2,1,"A201",1,0,0,1,0,1,1,0,0,0,0,0,1,1,1,1,1,0,1,0.665494948733669
"974","C15974",707,"P43",12,"S14","A32","A173","E73","A93","A101",2,30,"A152",2,1,"A201",0,0,0,1,1,0,0,0,0,0,0,1,0,1,0,1,0,0,1,0.0638255324815497
"2229","C17229",846,"P43",7,"S14","A33","A173","E75","A93","A101",4,36,"A153",1,1,"A201",0,0,0,1,1,0,0,0,0,0,0,0,0,1,1,1,0,0,1,0.0752726655122679
"2663","C17663",6078,"P40",12,"S12","A32","A173","E74","A93","A101",2,32,"A152",1,1,"A201",0,0,0,1,0,1,0,1,0,0,0,0,0,1,0,1,0,1,1,0.293047773292849
"4951","C19951",1244,"P46",9,"S14","A34","A172","E75","A92","A101",4,41,"A151",2,1,"A201",0,0,1,0,0,1,0,0,0,1,0,0,1,1,1,1,0,0,1,0.0998079984084067
"348","C15348",2611,"P43",24,"S14","A34","A173","E75","A94","A102",3,46,"A152",2,1,"A201",0,0,0,1,1,0,0,0,0,1,0,0,0,1,0,1,0,0,1,0.0493213537580633
"4844","C19844",1919,"P42",9,"S12","A34","A173","E74","A93","A101",3,35,"A151",1,1,"A201",0,0,0,1,0,0,0,1,0,1,0,0,0,1,1,1,0,0,1,0.212584984352372
"2039","C17039",2333,"P42",24,"S12","A33","A172","E72","A93","A101",2,29,"A152",1,1,"A201",0,0,1,0,0,0,0,1,0,0,1,0,0,1,0,1,1,0,1,0.483534853956164
"2","C15002",1795,"P43",18,"S12","A34","A172","E75","A92","A103",4,48,"A151",2,1,"A201",0,0,1,0,1,0,0,1,0,1,0,0,1,0,1,1,0,0,1,0.133055319178189
"3417","C18417",1199,"P46",9,"S12","A32","A174","E74","A92","A101",4,67,"A152",2,1,"A201",0,0,0,0,0,1,0,1,0,0,0,0,1,1,0,1,0,0,1,0.339967450902204
"1545","C16545",1455,"P40",4,"S14","A34","A172","E74","A93","A101",1,42,"A152",3,2,"A201",0,0,1,0,0,1,0,0,0,1,0,0,0,1,0,1,0,0,0,0.0323777594528475
"2221","C17221",1410,"P49",14,"S12","A32","A173","E75","A94","A101",2,35,"A152",1,1,"A201",0,0,0,1,0,1,0,1,0,0,0,0,0,1,0,1,0,0,1,0.307027933255192
"1534","C16534",1445,"P43",18,"S13","A31","A172","E74","A93","A101",4,49,"A152",1,1,"A201",0,0,1,0,1,0,0,0,1,0,0,0,0,1,0,1,0,0,1,0.178985801652219
"3294","C18294",1311,"P43",24,"S14","A32","A173","E74","A94","A101",3,26,"A152",1,1,"A201",0,0,0,1,1,0,0,0,0,0,0,0,0,1,0,1,1,0,1,0.0922732073318229
"216","C15216",4716,"P40",6,"S11","A34","A172","E72","A93","A101",3,44,"A152",2,2,"A201",0,0,1,0,0,1,1,0,0,1,1,0,0,1,0,1,0,0,1,0.30376870056044
"894","C15894",6403,"P43",24,"S12","A33","A173","E72","A93","A101",2,33,"A152",1,1,"A201",0,0,0,1,1,0,0,1,0,0,1,0,0,1,0,1,0,1,1,0.339862625674981
"4678","C19678",3711,"P46",36,"S12","A32","A173","E73","A94","A101",2,27,"A152",1,1,"A201",0,0,0,1,0,1,0,1,0,0,0,1,0,1,0,1,1,0,1,0.479583959413556
"2352","C17352",958,"P40",12,"S12","A34","A172","E74","A93","A101",3,47,"A152",2,2,"A201",0,0,1,0,0,1,0,1,0,1,0,0,0,1,0,1,0,0,1,0.17461638385841
"2640","C17640",1185,"P49",12,"S14","A34","A173","E73","A92","A101",2,27,"A152",2,1,"A201",0,0,0,1,0,1,0,0,0,1,0,1,1,1,0,1,1,0,1,0.0799370288159394
"4050","C19050",2751,"P41",48,"S14","A34","A173","E75","A93","A101",3,38,"A152",2,2,"A201",0,0,0,1,1,0,0,0,0,1,0,0,0,1,0,1,0,0,1,0.103409619486763
"1333","C16333",894,"P48",10,"S14","A32","A173","E74","A92","A101",3,40,"A152",1,1,"A201",0,0,0,1,1,0,0,0,0,0,0,0,1,1,0,1,0,0,1,0.0805296669569846
"2698","C17698",1858,"P42",12,"S11","A32","A173","E72","A92","A101",1,22,"A151",1,1,"A201",0,0,0,1,0,0,1,0,0,0,1,0,1,1,1,1,1,0,0,0.582463858416481
"4428","C19428",3973,"P40",14,"S11","A32","A173","E71","A93","A101",4,22,"A153",1,1,"A201",0,0,0,1,0,1,1,0,0,0,1,0,0,1,1,1,1,0,1,0.611406405520964
"4293","C19293",1155,"P43",12,"S12","A32","A172","E75","A94","A103",3,40,"A152",2,1,"A201",0,0,1,0,1,0,0,1,0,0,0,0,0,0,0,1,0,0,1,0.112838331340695
"3147","C18147",6350,"P42",30,"S11","A32","A173","E75","A93","A101",4,31,"A152",1,1,"A201",1,0,0,1,0,0,1,0,0,0,0,0,0,1,0,1,0,1,1,0.556469973828527
"3743","C18743",1555,"P45",12,"S14","A33","A173","E75","A93","A101",4,55,"A153",2,2,"A201",1,0,0,1,0,1,0,0,0,0,0,0,0,1,1,1,0,0,1,0.14881588529005
"1571","C16571",4380,"P40",18,"S11","A32","A172","E73","A93","A101",4,35,"A152",1,2,"A201",0,0,1,0,0,1,1,0,0,0,0,1,0,1,0,1,0,0,1,0.456954021341531
"1983","C16983",4716,"P40",6,"S11","A34","A172","E72","A93","A101",3,44,"A152",2,2,"A201",0,0,1,0,0,1,1,0,0,1,1,0,0,1,0,1,0,0,1,0.30376870056044
"203","C15203",3186,"P40",15,"S14","A32","A173","E74","A92","A101",3,20,"A151",1,1,"A201",0,0,0,1,0,1,0,0,0,0,0,0,1,1,1,1,1,0,1,0.209655877134545
"3821","C18821",1108,"P45",12,"S11","A30","A173","E74","A93","A101",3,28,"A152",2,1,"A201",1,0,0,1,0,1,1,0,1,0,0,0,0,1,0,1,1,0,1,0.643444182976917
"3113","C18113",5742,"P49",36,"S14","A32","A173","E74","A93","A101",2,31,"A152",2,1,"A201",0,0,0,1,0,1,0,0,0,0,0,0,0,1,0,1,0,1,1,0.216071467193813
"1024","C16024",1595,"P43",6,"S14","A32","A173","E74","A93","A101",2,51,"A152",1,2,"A201",0,0,0,1,1,0,0,0,0,0,0,0,0,1,0,1,0,0,1,0.0528811314959595
"1965","C16965",3488,"P41",24,"S14","A32","A173","E74","A92","A101",4,23,"A152",1,1,"A201",0,0,0,1,1,0,0,0,0,0,0,0,1,1,0,1,1,0,1,0.122481642461881
"2927","C17927",14555,"P40",6,"S12","A32","A171","E71","A93","A101",2,23,"A152",1,1,"A201",1,1,0,0,0,1,0,1,0,0,1,0,0,1,0,1,1,1,1,0.339601000401777
"3026","C18026",8386,"P42",30,"S12","A34","A173","E74","A93","A101",2,49,"A152",1,1,"A201",1,0,0,1,0,0,0,1,0,1,0,0,0,1,0,1,0,1,1,0.278067370123009
"2353","C17353",4169,"P42",24,"S11","A32","A173","E73","A93","A101",4,28,"A152",1,1,"A201",0,0,0,1,0,0,1,0,0,0,0,1,0,1,0,1,1,0,1,0.506779146574888
"553","C15553",1409,"P43",13,"S14","A32","A173","E71","A92","A101",4,64,"A152",1,1,"A201",0,0,0,1,1,0,0,0,0,0,1,0,1,1,0,1,0,0,1,0.127858969936445
"2658","C17658",1553,"P42",18,"S11","A31","A173","E73","A93","A101",3,44,"A152",1,1,"A201",1,0,0,1,0,0,1,0,1,0,0,1,0,1,0,1,0,0,1,0.687847208868979
"3218","C18218",1740,"P43",6,"S14","A34","A173","E75","A94","A101",2,30,"A151",2,1,"A201",0,0,0,1,1,0,0,0,0,1,0,0,0,1,1,1,0,0,1,0.0386311410991077
"2141","C17141",1082,"P40",12,"S11","A30","A173","E73","A93","A101",4,48,"A152",2,1,"A201",1,0,0,1,0,1,1,0,1,0,0,1,0,1,0,1,0,0,1,0.643444182976917
"1483","C16483",2124,"P42",18,"S11","A34","A173","E73","A92","A101",4,24,"A151",2,1,"A201",1,0,0,1,0,0,1,0,0,1,0,1,1,1,1,1,1,0,1,0.454010420223655
"1594","C16594",4006,"P40",28,"S11","A32","A172","E73","A93","A101",2,45,"A152",1,1,"A201",1,0,1,0,0,1,1,0,0,0,0,1,0,1,0,1,0,0,1,0.539982257662508
"837","C15837",18424,"P50",48,"S12","A30","A174","E73","A92","A101",2,32,"A152",1,1,"A202",1,0,0,0,0,1,0,1,1,0,0,1,1,1,0,0,0,1,1,0.590028780026911
"4472","C19472",4020,"P42",24,"S11","A32","A173","E73","A93","A101",2,27,"A152",1,1,"A201",0,0,0,1,0,0,1,0,0,0,0,1,0,1,0,1,1,0,1,0.506779146574888
"1767","C16767",3832,"P42",30,"S12","A32","A173","E72","A94","A101",1,22,"A152",1,1,"A201",0,0,0,1,0,0,0,1,0,0,1,0,0,1,0,1,1,0,0,0.441034865926959
"1126","C16126",11054,"P41",36,"S14","A34","A174","E73","A93","A101",2,30,"A152",1,1,"A201",0,0,0,0,1,0,0,0,0,1,0,1,0,1,0,1,0,1,1,0.0718001806269258
"3799","C18799",1287,"P40",24,"S14","A34","A173","E75","A92","A101",4,37,"A152",2,1,"A201",0,0,0,1,0,1,0,0,0,1,0,0,1,1,0,1,0,0,1,0.114686042913361
"820","C15820",7119,"P42",48,"S11","A30","A173","E73","A93","A101",4,53,"A153",2,2,"A201",1,0,0,1,0,0,1,0,1,0,0,1,0,1,1,1,0,1,1,0.89401539790385
"551","C15551",2969,"P42",12,"S12","A30","A173","E72","A92","A101",3,25,"A151",2,1,"A201",1,0,0,1,0,0,0,1,1,0,1,0,1,1,1,1,1,0,1,0.760987785778133
"3339","C18339",7629,"P49",48,"S14","A34","A174","E75","A91","A101",2,46,"A152",2,2,"A201",0,0,0,0,0,1,0,0,0,1,0,0,1,1,0,1,0,1,1,0.223597042136655
"200","C15200",4210,"P43",36,"S13","A32","A173","E73","A93","A101",2,26,"A152",1,1,"A201",1,0,0,1,1,0,0,0,0,0,0,1,0,1,0,1,1,0,1,0.131617683018143
"4191","C19191",2991,"P43",30,"S12","A32","A173","E75","A92","A101",4,25,"A152",1,1,"A201",0,0,0,1,1,0,0,1,0,0,0,0,1,1,0,1,1,0,1,0.362990431107034
"3151","C18151",1323,"P40",6,"S13","A34","A173","E75","A91","A101",4,28,"A152",2,2,"A201",0,0,0,1,0,1,0,0,0,1,0,0,1,1,0,1,1,0,1,0.0664259560930571
"3360","C18360",3850,"P41",18,"S14","A34","A173","E74","A93","A101",1,27,"A152",2,1,"A201",0,0,0,1,1,0,0,0,0,1,0,0,0,1,0,1,1,0,0,0.0284883880339289
"4023","C19023",5152,"P43",24,"S13","A32","A173","E74","A93","A101",2,25,"A152",1,1,"A201",0,0,0,1,1,0,0,0,0,0,0,0,0,1,0,1,1,1,1,0.0922732073318229
"2947","C17947",1126,"P43",18,"S14","A32","A173","E72","A92","A101",2,21,"A151",1,1,"A201",0,0,0,1,1,0,0,0,0,0,1,0,1,1,1,1,1,0,1,0.196253906429319
"4195","C19195",1919,"P43",30,"S12","A33","A174","E72","A93","A101",3,30,"A152",2,1,"A201",1,0,0,0,1,0,0,1,0,0,1,0,0,1,0,1,0,0,1,0.385995392611086
"389","C15389",1238,"P48",6,"S14","A32","A174","E71","A93","A101",4,36,"A152",1,2,"A201",0,0,0,0,1,0,0,0,0,0,1,0,0,1,0,1,0,0,1,0.0779814834325773
"218","C15218",802,"P43",15,"S12","A32","A173","E75","A93","A101",3,37,"A152",1,2,"A201",1,0,0,1,1,0,0,1,0,0,0,0,0,1,0,1,0,0,1,0.201204241649179
"572","C15572",902,"P48",12,"S11","A32","A173","E74","A94","A101",4,21,"A151",1,1,"A201",1,0,0,1,1,0,1,0,0,0,0,0,0,1,1,1,1,0,1,0.348269432476528
"217","C15217",3499,"P40",12,"S11","A34","A173","E73","A92","A102",2,29,"A152",2,1,"A201",1,0,0,1,0,1,1,0,0,1,0,1,1,1,0,1,1,0,1,0.325651968508011
"4057","C19057",1403,"P40",15,"S11","A32","A173","E73","A92","A101",4,28,"A151",1,1,"A201",0,0,0,1,0,1,1,0,0,0,0,1,1,1,1,1,1,0,1,0.595869749016442
"2744","C17744",3556,"P40",15,"S14","A32","A173","E73","A93","A101",2,29,"A152",1,1,"A201",0,0,0,1,0,1,0,0,0,0,0,1,0,1,0,1,1,0,1,0.120493858525528
"3844","C18844",4746,"P43",45,"S12","A34","A172","E72","A93","A101",2,25,"A152",2,1,"A201",1,0,1,0,1,0,0,1,0,1,1,0,0,1,0,1,1,0,1,0.345815803442264
"1605","C16605",1391,"P49",9,"S12","A32","A173","E73","A94","A101",1,27,"A152",1,1,"A201",0,0,0,1,0,1,0,1,0,0,0,1,0,1,0,1,1,0,0,0.205657853247889
"964","C15964",4151,"P42",24,"S14","A33","A173","E73","A93","A101",3,35,"A152",2,1,"A201",0,0,0,1,0,0,0,0,0,0,0,1,0,1,0,1,0,0,1,0.156016974968144
"2813","C17813",2069,"P42",10,"S14","A34","A173","E73","A94","A101",1,26,"A152",2,1,"A202",0,0,0,1,0,0,0,0,0,1,0,1,0,1,0,0,1,0,0,0.0117620692585657
"3120","C18120",2279,"P43",12,"S14","A32","A173","E73","A93","A101",4,37,"A153",1,1,"A201",0,0,0,1,1,0,0,0,0,0,0,1,0,1,1,1,0,0,1,0.087708508835187
"1026","C16026",996,"P45",12,"S14","A34","A173","E74","A92","A101",4,23,"A152",2,1,"A201",0,0,0,1,0,1,0,0,0,1,0,0,1,1,0,1,1,0,1,0.0799370288159394
"1392","C16392",3123,"P40",24,"S11","A32","A173","E72","A92","A101",1,27,"A152",1,1,"A201",1,0,0,1,0,1,1,0,0,0,1,0,1,1,0,1,1,0,0,0.595956961148823
"1252","C16252",1316,"P43",15,"S14","A34","A172","E73","A94","A101",2,47,"A152",2,1,"A201",0,0,1,0,1,0,0,0,0,1,0,1,0,1,0,1,0,0,1,0.0370257461679233
"4278","C19278",1193,"P40",24,"S11","A31","A171","E71","A92","A102",4,29,"A151",2,1,"A201",1,1,0,0,0,1,1,0,1,0,1,0,1,1,1,1,1,0,1,0.887539237308
"247","C15247",3496,"P42",30,"S12","A31","A173","E73","A93","A101",2,34,"A152",1,2,"A201",0,0,0,1,0,0,0,1,1,0,0,1,0,1,0,1,0,0,1,0.664016759265556
"1845","C16845",2273,"P46",36,"S12","A32","A173","E74","A93","A101",1,32,"A152",2,2,"A201",0,0,0,1,0,1,0,1,0,0,0,0,0,1,0,1,0,0,0,0.388762299723953
"733","C15733",2957,"P41",24,"S11","A34","A173","E75","A93","A101",4,63,"A152",2,1,"A201",0,0,0,1,1,0,1,0,0,1,0,0,0,1,0,1,0,0,1,0.22382158814772
"606","C15606",250,"P40",6,"S14","A34","A172","E73","A92","A101",2,41,"A152",2,1,"A201",0,0,1,0,0,1,0,0,0,1,0,1,1,1,0,1,0,0,1,0.0664259560930571
"3684","C18684",3077,"P43",12,"S14","A32","A173","E73","A93","A101",4,52,"A152",1,1,"A201",0,0,0,1,1,0,0,0,0,0,0,1,0,1,0,1,0,0,1,0.0638255324815497
"4892","C19892",1602,"P40",21,"S11","A34","A173","E75","A94","A101",3,30,"A152",2,1,"A201",0,0,0,1,0,1,1,0,0,1,0,0,0,1,0,1,0,0,1,0.321829718386664
"610","C15610",1255,"P40",12,"S14","A34","A172","E75","A93","A101",4,61,"A152",2,1,"A201",0,0,1,0,0,1,0,0,0,1,0,0,0,1,0,1,0,0,1,0.059510045437248
"962","C15962",1567,"P43",12,"S12","A32","A173","E73","A92","A101",1,22,"A152",1,1,"A201",0,0,0,1,1,0,0,1,0,0,0,1,1,1,0,1,1,0,0,0.17764210463751
"629","C15629",1381,"P40",24,"S11","A32","A173","E73","A92","A101",2,35,"A152",1,1,"A201",1,0,0,1,0,1,1,0,0,0,0,1,1,1,0,1,0,0,1,0.585203389657111
"4883","C19883",1278,"P43",24,"S14","A32","A174","E75","A93","A101",1,36,"A152",1,1,"A201",0,0,0,0,1,0,0,0,0,0,0,0,0,1,0,1,0,0,0,0.0655590087466866
"945","C15945",2288,"P42",21,"S14","A34","A173","E72","A92","A101",4,23,"A152",1,1,"A201",0,0,0,1,0,0,0,0,0,1,1,0,1,1,0,1,1,0,1,0.15080200462989
"3148","C18148",4370,"P43",42,"S11","A33","A173","E74","A93","A101",2,26,"A152",2,2,"A201",1,0,0,1,1,0,1,0,0,0,0,0,0,1,0,1,1,0,1,0.507070674260342
"2983","C17983",1936,"P43",18,"S11","A32","A172","E74","A94","A101",4,23,"A151",2,1,"A201",0,0,1,0,1,0,1,0,0,0,0,0,0,1,1,1,1,0,1,0.394860765356309
"4924","C19924",2214,"P43",12,"S11","A32","A172","E73","A93","A101",3,24,"A152",1,1,"A201",0,0,1,0,1,0,1,0,0,0,0,1,0,1,0,1,1,0,1,0.274808207258382
"440","C15440",2848,"P41",10,"S14","A32","A173","E73","A93","A102",2,32,"A152",1,2,"A201",0,0,0,1,1,0,0,0,0,0,0,1,0,1,0,1,0,0,1,0.0599611113178653
"1859","C16859",1228,"P40",12,"S11","A32","A172","E73","A92","A101",2,24,"A152",1,1,"A201",1,0,1,0,0,1,1,0,0,0,0,1,1,1,0,1,1,0,1,0.48618157719108
"1783","C16783",1950,"P49",18,"S14","A32","A173","E74","A93","A101",1,34,"A152",2,1,"A201",0,0,0,1,0,1,0,0,0,0,0,0,0,1,0,1,0,0,0,0.0946012081483947
"4815","C19815",2028,"P42",24,"S14","A34","A172","E74","A93","A101",2,30,"A152",2,1,"A201",0,0,1,0,0,0,0,0,0,1,0,0,0,1,0,1,0,0,1,0.0862113939182156
"3546","C18546",6468,"P43",12,"S12","A32","A174","E71","A93","A101",1,52,"A152",1,1,"A201",1,0,0,0,1,0,0,1,0,0,1,0,0,1,0,1,0,1,0,0.192449219834364
"4285","C19285",790,"P43",9,"S12","A32","A172","E73","A92","A101",3,66,"A152",1,1,"A201",0,0,1,0,1,0,0,1,0,0,0,1,1,1,0,1,0,0,1,0.220722435575726
"2623","C17623",7596,"P41",30,"S14","A34","A173","E75","A93","A101",4,63,"A152",2,1,"A201",0,0,0,1,1,0,0,0,0,1,0,0,0,1,0,1,0,1,1,0.0595753570931899
"2148","C17148",2273,"P46",36,"S12","A32","A173","E74","A93","A101",1,32,"A152",2,2,"A201",0,0,0,1,0,1,0,1,0,0,0,0,0,1,0,1,0,0,0,0.388762299723953
"273","C15273",5866,"P40",18,"S12","A32","A173","E73","A93","A101",2,30,"A152",2,1,"A201",0,0,0,1,0,1,0,1,0,0,0,1,0,1,0,1,0,1,1,0.336060911421833
"2570","C17570",7238,"P43",48,"S14","A33","A173","E75","A93","A101",3,32,"A152",2,2,"A201",0,0,0,1,1,0,0,0,0,0,0,0,0,1,0,1,0,1,1,0.184331573193986
"2742","C17742",4675,"P41",12,"S14","A32","A173","E72","A92","A101",4,20,"A151",1,1,"A201",0,0,0,1,1,0,0,0,0,0,1,0,1,1,1,1,1,0,1,0.166643653409272
"1887","C16887",3485,"P40",20,"S14","A34","A173","E72","A91","A101",4,44,"A152",2,1,"A201",0,0,0,1,0,1,0,0,0,1,1,0,1,1,0,1,0,0,1,0.146588454986879
"4226","C19226",3499,"P40",12,"S11","A34","A173","E73","A92","A102",2,29,"A152",2,1,"A201",1,0,0,1,0,1,1,0,0,1,0,1,1,1,0,1,1,0,1,0.325651968508011
"1182","C16182",2896,"P43",24,"S12","A32","A173","E72","A93","A101",1,29,"A152",1,1,"A201",0,0,0,1,1,0,0,1,0,0,1,0,0,1,0,1,1,0,0,0.262171085515564
"2256","C17256",585,"P43",12,"S12","A33","A173","E73","A94","A102",4,20,"A151",2,1,"A201",0,0,0,1,1,0,0,1,0,0,0,1,0,1,1,1,1,0,1,0.243250300716496
"953","C15953",1967,"P43",24,"S12","A32","A173","E75","A92","A101",4,20,"A152",1,1,"A201",0,0,0,1,1,0,0,1,0,0,0,0,1,1,0,1,1,0,1,0.318182335484388
"4208","C19208",2631,"P40",15,"S12","A32","A173","E73","A92","A101",4,28,"A151",2,1,"A201",1,0,0,1,0,1,0,1,0,0,0,1,1,1,1,1,1,0,1,0.470035475858885
"1903","C16903",1330,"P40",12,"S13","A32","A173","E72","A93","A101",1,26,"A152",1,1,"A201",0,0,0,1,0,1,0,0,0,0,1,0,0,1,0,1,1,0,0,0.114746306397475
